<?xml version="1.0" encoding="UTF-8"?>
<kml xmlns="http://www.opengis.net/kml/2.2">
  <Document id="root_doc">
    <Schema id="Lote_I.schema">
      <SimpleField name="Cédula" type="double"/>
      <SimpleField name="Nombres_y_" type="string"/>
      <SimpleField name="Sexo" type="string"/>
      <SimpleField name="Cambio_de_" type="string"/>
      <SimpleField name="Titular_se" type="string"/>
      <SimpleField name="Cédula_Ti" type="string"/>
      <SimpleField name="ci_UNIF" type="double"/>
      <SimpleField name="Situación" type="string"/>
      <SimpleField name="Comunidad" type="string"/>
      <SimpleField name="Modelo_imp" type="string"/>
      <SimpleField name="Departamen" type="string"/>
      <SimpleField name="Distrito" type="string"/>
      <SimpleField name="Localidad" type="string"/>
      <SimpleField name="Teléfono" type="string"/>
      <SimpleField name="Vivienda_L" type="double"/>
      <SimpleField name="Vivienda_1" type="double"/>
      <SimpleField name="Superficie" type="double"/>
      <SimpleField name="Situaci_1" type="string"/>
      <SimpleField name="Plantado" type="string"/>
      <SimpleField name="Plantado_f" type="string"/>
      <SimpleField name="Jornales" type="double"/>
      <SimpleField name="Monto" type="double"/>
      <SimpleField name="Grupo_de_p" type="string"/>
      <SimpleField name="Estado_del" type="string"/>
      <SimpleField name="Empresa" type="string"/>
      <SimpleField name="Lote" type="string"/>
      <SimpleField name="Parametro" type="double"/>
      <SimpleField name="Sup_Sig" type="double"/>
      <SimpleField name="Situacion" type="string"/>
      <SimpleField name="X" type="double"/>
      <SimpleField name="Y" type="double"/>
      <SimpleField name="Shape_Leng" type="double"/>
      <SimpleField name="Shape_Area" type="double"/>
    </Schema>
    <Document id="Lote_I">
      <name>Lote_I</name>
      <Placemark id="Lote_I.1">
        <ExtendedData>
          <SchemaData schemaUrl="#Lote_I.schema">
            <SimpleData name="Cédula">6058143.00000000000</SimpleData>
            <SimpleData name="Nombres_y_">ADRIANA ALVARENGA GODOY</SimpleData>
            <SimpleData name="Sexo">Mujer</SimpleData>
            <SimpleData name="Cambio_de_">NO</SimpleData>
            <SimpleData name="Titular_se">NO</SimpleData>
            <SimpleData name="ci_UNIF">6058143.00000000000</SimpleData>
            <SimpleData name="Situación">NO</SimpleData>
            <SimpleData name="Comunidad">Campesina</SimpleData>
            <SimpleData name="Modelo_imp">Modelo 5</SimpleData>
            <SimpleData name="Departamen">SAN PEDRO</SimpleData>
            <SimpleData name="Distrito">GUAYAIBI</SimpleData>
            <SimpleData name="Localidad">CALLE ASUNCION</SimpleData>
            <SimpleData name="Teléfono">0971888684</SimpleData>
            <SimpleData name="Vivienda_L">-24.43137300000</SimpleData>
            <SimpleData name="Vivienda_1">-56.45339160000</SimpleData>
            <SimpleData name="Superficie">0.70000000000</SimpleData>
            <SimpleData name="Situaci_1">Pol?gono</SimpleData>
            <SimpleData name="Plantado">SI</SimpleData>
            <SimpleData name="Plantado_f">2025/11/24</SimpleData>
            <SimpleData name="Jornales">0.00000000000</SimpleData>
            <SimpleData name="Monto">0.00000000000</SimpleData>
            <SimpleData name="Grupo_de_p">I-P1</SimpleData>
            <SimpleData name="Estado_del">Activo</SimpleData>
            <SimpleData name="Empresa">Emilio Sol?s Grance</SimpleData>
            <SimpleData name="Lote">I</SimpleData>
            <SimpleData name="Parametro">0.70000000000</SimpleData>
            <SimpleData name="Sup_Sig">0.70379274882</SimpleData>
            <SimpleData name="Situacion">Cumple</SimpleData>
            <SimpleData name="X">-56.45285494000</SimpleData>
            <SimpleData name="Y">-24.43315841000</SimpleData>
            <SimpleData name="Shape_Leng">338.25281444100</SimpleData>
            <SimpleData name="Shape_Area">7037.92748818000</SimpleData>
          </SchemaData>
        </ExtendedData>
        <Polygon>
          <outerBoundaryIs>
            <LinearRing>
              <coordinates>
                -56.4523602000875,-24.4334450000883,0
                -56.4532873007734,-24.4335399000157,0
                -56.4533437001974,-24.4328454999993,0
                -56.4524033995975,-24.4328035992309,0
                -56.4523602000875,-24.4334450000883,0
              </coordinates>
            </LinearRing>
          </outerBoundaryIs>
        </Polygon>
      </Placemark>
      <Placemark id="Lote_I.2">
        <ExtendedData>
          <SchemaData schemaUrl="#Lote_I.schema">
            <SimpleData name="Cédula">6055779.00000000000</SimpleData>
            <SimpleData name="Nombres_y_">NANCY MABEL ALEGRE VALDEZ</SimpleData>
            <SimpleData name="Sexo">Mujer</SimpleData>
            <SimpleData name="Cambio_de_">NO</SimpleData>
            <SimpleData name="Titular_se">NO</SimpleData>
            <SimpleData name="ci_UNIF">6055779.00000000000</SimpleData>
            <SimpleData name="Situación">NO</SimpleData>
            <SimpleData name="Comunidad">Campesina</SimpleData>
            <SimpleData name="Modelo_imp">Modelo 5</SimpleData>
            <SimpleData name="Departamen">SAN PEDRO</SimpleData>
            <SimpleData name="Distrito">CHORE</SimpleData>
            <SimpleData name="Localidad">SAN MIGUEL</SimpleData>
            <SimpleData name="Teléfono">0983635928</SimpleData>
            <SimpleData name="Vivienda_L">-24.12959900000</SimpleData>
            <SimpleData name="Vivienda_1">-56.65873120000</SimpleData>
            <SimpleData name="Superficie">0.70000000000</SimpleData>
            <SimpleData name="Situaci_1">Par?metro</SimpleData>
            <SimpleData name="Plantado">SI</SimpleData>
            <SimpleData name="Plantado_f">2026/03/12</SimpleData>
            <SimpleData name="Jornales">0.00000000000</SimpleData>
            <SimpleData name="Monto">0.00000000000</SimpleData>
            <SimpleData name="Grupo_de_p">I-P1</SimpleData>
            <SimpleData name="Estado_del">Activo</SimpleData>
            <SimpleData name="Empresa">Emilio Sol?s Grance</SimpleData>
            <SimpleData name="Lote">I</SimpleData>
            <SimpleData name="Parametro">0.70000000000</SimpleData>
            <SimpleData name="Sup_Sig">0.72981790318</SimpleData>
            <SimpleData name="Situacion">Cumple</SimpleData>
            <SimpleData name="X">-56.65641864000</SimpleData>
            <SimpleData name="Y">-24.13272167000</SimpleData>
            <SimpleData name="Shape_Leng">366.52905452900</SimpleData>
            <SimpleData name="Shape_Area">7298.17903178000</SimpleData>
          </SchemaData>
        </ExtendedData>
        <Polygon>
          <outerBoundaryIs>
            <LinearRing>
              <coordinates>
                -56.6557641991773,-24.1328952000407,0
                -56.6562117997386,-24.1332983005059,0
                -56.6570818997064,-24.132473099818,0
                -56.656656799135,-24.1321711000233,0
                -56.6557641991773,-24.1328952000407,0
              </coordinates>
            </LinearRing>
          </outerBoundaryIs>
        </Polygon>
      </Placemark>
      <Placemark id="Lote_I.3">
        <ExtendedData>
          <SchemaData schemaUrl="#Lote_I.schema">
            <SimpleData name="Cédula">1793084.00000000000</SimpleData>
            <SimpleData name="Nombres_y_">FIDELINA ALFONZO OPORTO</SimpleData>
            <SimpleData name="Sexo">Mujer</SimpleData>
            <SimpleData name="Cambio_de_">NO</SimpleData>
            <SimpleData name="Titular_se">NO</SimpleData>
            <SimpleData name="ci_UNIF">1793084.00000000000</SimpleData>
            <SimpleData name="Situación">NO</SimpleData>
            <SimpleData name="Comunidad">Campesina</SimpleData>
            <SimpleData name="Modelo_imp">Modelo 5</SimpleData>
            <SimpleData name="Departamen">SAN PEDRO</SimpleData>
            <SimpleData name="Distrito">CHORE</SimpleData>
            <SimpleData name="Localidad">PUERTO LA NI?A</SimpleData>
            <SimpleData name="Teléfono">0983519175</SimpleData>
            <SimpleData name="Vivienda_L">-24.09329970000</SimpleData>
            <SimpleData name="Vivienda_1">-56.71857330000</SimpleData>
            <SimpleData name="Superficie">0.70000000000</SimpleData>
            <SimpleData name="Situaci_1">Par?metro</SimpleData>
            <SimpleData name="Plantado">SI</SimpleData>
            <SimpleData name="Plantado_f">2026/02/26</SimpleData>
            <SimpleData name="Jornales">0.00000000000</SimpleData>
            <SimpleData name="Monto">0.00000000000</SimpleData>
            <SimpleData name="Grupo_de_p">I-P1</SimpleData>
            <SimpleData name="Estado_del">Activo</SimpleData>
            <SimpleData name="Empresa">Emilio Sol?s Grance</SimpleData>
            <SimpleData name="Lote">I</SimpleData>
            <SimpleData name="Parametro">0.70000000000</SimpleData>
            <SimpleData name="Sup_Sig">0.83919098117</SimpleData>
            <SimpleData name="Situacion">Cumple</SimpleData>
            <SimpleData name="X">-56.71621520000</SimpleData>
            <SimpleData name="Y">-24.10409688000</SimpleData>
            <SimpleData name="Shape_Leng">615.60727536400</SimpleData>
            <SimpleData name="Shape_Area">8391.90981174000</SimpleData>
          </SchemaData>
        </ExtendedData>
        <MultiGeometry>
          <Polygon>
            <outerBoundaryIs>
              <LinearRing>
                <coordinates>
                  -56.7168427998764,-24.1066247999749,0
                  -56.7170459992966,-24.1066018003838,0
                  -56.7169495998117,-24.1058094001837,0
                  -56.7168282990804,-24.1057727996403,0
                  -56.7168427998764,-24.1066247999749,0
                </coordinates>
              </LinearRing>
            </outerBoundaryIs>
          </Polygon>
          <Polygon>
            <outerBoundaryIs>
              <LinearRing>
                <coordinates>
                  -56.7157938992226,-24.104328799825,0
                  -56.7162557990318,-24.104306199908,0
                  -56.7163106996113,-24.1028959000542,0
                  -56.7158882998428,-24.1029537003193,0
                  -56.7157938992226,-24.104328799825,0
                </coordinates>
              </LinearRing>
            </outerBoundaryIs>
          </Polygon>
        </MultiGeometry>
      </Placemark>
      <Placemark id="Lote_I.4">
        <ExtendedData>
          <SchemaData schemaUrl="#Lote_I.schema">
            <SimpleData name="Cédula">4859794.00000000000</SimpleData>
            <SimpleData name="Nombres_y_">NAIDA RAMONA BOGADO MARTINEZ</SimpleData>
            <SimpleData name="Sexo">Mujer</SimpleData>
            <SimpleData name="Cambio_de_">NO</SimpleData>
            <SimpleData name="Titular_se">NO</SimpleData>
            <SimpleData name="ci_UNIF">4859794.00000000000</SimpleData>
            <SimpleData name="Situación">NO</SimpleData>
            <SimpleData name="Comunidad">Campesina</SimpleData>
            <SimpleData name="Modelo_imp">Modelo 5</SimpleData>
            <SimpleData name="Departamen">SAN PEDRO</SimpleData>
            <SimpleData name="Distrito">CHORE</SimpleData>
            <SimpleData name="Localidad">LIBERACION NORTE</SimpleData>
            <SimpleData name="Teléfono">0983607517</SimpleData>
            <SimpleData name="Vivienda_L">-24.14855550000</SimpleData>
            <SimpleData name="Vivienda_1">-56.65605200000</SimpleData>
            <SimpleData name="Superficie">0.70000000000</SimpleData>
            <SimpleData name="Situaci_1">Par?metro</SimpleData>
            <SimpleData name="Plantado">SI</SimpleData>
            <SimpleData name="Plantado_f">2026/02/26</SimpleData>
            <SimpleData name="Jornales">0.00000000000</SimpleData>
            <SimpleData name="Monto">0.00000000000</SimpleData>
            <SimpleData name="Grupo_de_p">I-P1</SimpleData>
            <SimpleData name="Estado_del">Activo</SimpleData>
            <SimpleData name="Empresa">Emilio Sol?s Grance</SimpleData>
            <SimpleData name="Lote">I</SimpleData>
            <SimpleData name="Parametro">0.70000000000</SimpleData>
            <SimpleData name="Sup_Sig">0.71446966744</SimpleData>
            <SimpleData name="Situacion">Cumple</SimpleData>
            <SimpleData name="X">-56.66018250000</SimpleData>
            <SimpleData name="Y">-24.15137704000</SimpleData>
            <SimpleData name="Shape_Leng">341.71626164500</SimpleData>
            <SimpleData name="Shape_Area">7144.69667443000</SimpleData>
          </SchemaData>
        </ExtendedData>
        <Polygon>
          <outerBoundaryIs>
            <LinearRing>
              <coordinates>
                -56.6595644997217,-24.1514337999093,0
                -56.6601047993596,-24.1519097000867,0
                -56.6607827996933,-24.1513088002156,0
                -56.6602992991244,-24.1508470004463,0
                -56.6595644997217,-24.1514337999093,0
              </coordinates>
            </LinearRing>
          </outerBoundaryIs>
        </Polygon>
      </Placemark>
      <Placemark id="Lote_I.5">
        <ExtendedData>
          <SchemaData schemaUrl="#Lote_I.schema">
            <SimpleData name="Cédula">6233778.00000000000</SimpleData>
            <SimpleData name="Nombres_y_">BASILIA IBARRA GODOY</SimpleData>
            <SimpleData name="Sexo">Mujer</SimpleData>
            <SimpleData name="Cambio_de_">NO</SimpleData>
            <SimpleData name="Titular_se">NO</SimpleData>
            <SimpleData name="ci_UNIF">6233778.00000000000</SimpleData>
            <SimpleData name="Situación">NO</SimpleData>
            <SimpleData name="Comunidad">Campesina</SimpleData>
            <SimpleData name="Modelo_imp">Modelo 3</SimpleData>
            <SimpleData name="Departamen">SAN PEDRO</SimpleData>
            <SimpleData name="Distrito">GUAYAIBI</SimpleData>
            <SimpleData name="Localidad">SAN ROQUE</SimpleData>
            <SimpleData name="Teléfono">0975871836</SimpleData>
            <SimpleData name="Vivienda_L">-24.37971330000</SimpleData>
            <SimpleData name="Vivienda_1">-56.32441170000</SimpleData>
            <SimpleData name="Superficie">1.00000000000</SimpleData>
            <SimpleData name="Situaci_1">Par?metro</SimpleData>
            <SimpleData name="Plantado">SI</SimpleData>
            <SimpleData name="Plantado_f">2026/02/06</SimpleData>
            <SimpleData name="Jornales">0.00000000000</SimpleData>
            <SimpleData name="Monto">0.00000000000</SimpleData>
            <SimpleData name="Grupo_de_p">I-P1</SimpleData>
            <SimpleData name="Estado_del">Activo</SimpleData>
            <SimpleData name="Empresa">Emilio Sol?s Grance</SimpleData>
            <SimpleData name="Lote">I</SimpleData>
            <SimpleData name="Parametro">1.00000000000</SimpleData>
            <SimpleData name="Sup_Sig">0.99630691446</SimpleData>
            <SimpleData name="Situacion">Cumple</SimpleData>
            <SimpleData name="X">-56.32685169000</SimpleData>
            <SimpleData name="Y">-24.38471666000</SimpleData>
            <SimpleData name="Shape_Leng">400.19783140600</SimpleData>
            <SimpleData name="Shape_Area">9963.06914455000</SimpleData>
          </SchemaData>
        </ExtendedData>
        <Polygon>
          <outerBoundaryIs>
            <LinearRing>
              <coordinates>
                -56.3262068004441,-24.3844434999443,0
                -56.3266700998813,-24.3853469998354,0
                -56.327486700546,-24.3849500001329,0
                -56.3270684999784,-24.3841182001536,0
                -56.3262068004441,-24.3844434999443,0
              </coordinates>
            </LinearRing>
          </outerBoundaryIs>
        </Polygon>
      </Placemark>
      <Placemark id="Lote_I.6">
        <ExtendedData>
          <SchemaData schemaUrl="#Lote_I.schema">
            <SimpleData name="Cédula">4465542.00000000000</SimpleData>
            <SimpleData name="Nombres_y_">ELIDA MABEL ALMEIDA DUARTE</SimpleData>
            <SimpleData name="Sexo">Mujer</SimpleData>
            <SimpleData name="Cambio_de_">NO</SimpleData>
            <SimpleData name="Titular_se">NO</SimpleData>
            <SimpleData name="ci_UNIF">4465542.00000000000</SimpleData>
            <SimpleData name="Situación">NO</SimpleData>
            <SimpleData name="Comunidad">Campesina</SimpleData>
            <SimpleData name="Modelo_imp">Modelo 5</SimpleData>
            <SimpleData name="Departamen">SAN PEDRO</SimpleData>
            <SimpleData name="Distrito">CRUCE LIBERACION</SimpleData>
            <SimpleData name="Localidad">BARRIO OVETENSE</SimpleData>
            <SimpleData name="Teléfono">0984171782</SimpleData>
            <SimpleData name="Vivienda_L">-24.14162540000</SimpleData>
            <SimpleData name="Vivienda_1">-56.49585890000</SimpleData>
            <SimpleData name="Superficie">0.70000000000</SimpleData>
            <SimpleData name="Situaci_1">Par?metro</SimpleData>
            <SimpleData name="Plantado">SI</SimpleData>
            <SimpleData name="Plantado_f">2026/02/27</SimpleData>
            <SimpleData name="Jornales">0.00000000000</SimpleData>
            <SimpleData name="Monto">0.00000000000</SimpleData>
            <SimpleData name="Grupo_de_p">I-P1</SimpleData>
            <SimpleData name="Estado_del">Activo</SimpleData>
            <SimpleData name="Empresa">Emilio Sol?s Grance</SimpleData>
            <SimpleData name="Lote">I</SimpleData>
            <SimpleData name="Parametro">0.70000000000</SimpleData>
            <SimpleData name="Sup_Sig">0.71272635888</SimpleData>
            <SimpleData name="Situacion">Cumple</SimpleData>
            <SimpleData name="X">-56.49538292000</SimpleData>
            <SimpleData name="Y">-24.14410463000</SimpleData>
            <SimpleData name="Shape_Leng">524.63800873700</SimpleData>
            <SimpleData name="Shape_Area">7127.26358881000</SimpleData>
          </SchemaData>
        </ExtendedData>
        <MultiGeometry>
          <Polygon>
            <outerBoundaryIs>
              <LinearRing>
                <coordinates>
                  -56.4957986997859,-24.1445058998256,0
                  -56.4958441999848,-24.1439513000738,0
                  -56.4949489990971,-24.1439266001323,0
                  -56.494894899864,-24.1444686005393,0
                  -56.4957986997859,-24.1445058998256,0
                </coordinates>
              </LinearRing>
            </outerBoundaryIs>
          </Polygon>
          <Polygon>
            <outerBoundaryIs>
              <LinearRing>
                <coordinates>
                  -56.4958672999028,-24.1438179004731,0
                  -56.4958868995787,-24.1436704998207,0
                  -56.4949865991987,-24.1436115000597,0
                  -56.4949417992382,-24.1437643004625,0
                  -56.4958672999028,-24.1438179004731,0
                </coordinates>
              </LinearRing>
            </outerBoundaryIs>
          </Polygon>
        </MultiGeometry>
      </Placemark>
      <Placemark id="Lote_I.7">
        <ExtendedData>
          <SchemaData schemaUrl="#Lote_I.schema">
            <SimpleData name="Cédula">3613590.00000000000</SimpleData>
            <SimpleData name="Nombres_y_">LEADE BERUTTI GONZALEZ</SimpleData>
            <SimpleData name="Sexo">Hombre</SimpleData>
            <SimpleData name="Cambio_de_">NO</SimpleData>
            <SimpleData name="Titular_se">NO</SimpleData>
            <SimpleData name="ci_UNIF">3613590.00000000000</SimpleData>
            <SimpleData name="Situación">NO</SimpleData>
            <SimpleData name="Comunidad">Campesina</SimpleData>
            <SimpleData name="Modelo_imp">Modelo 2</SimpleData>
            <SimpleData name="Departamen">SAN PEDRO</SimpleData>
            <SimpleData name="Distrito">GUAYAIBI</SimpleData>
            <SimpleData name="Localidad">4000 TACUAPI</SimpleData>
            <SimpleData name="Teléfono">0986299935</SimpleData>
            <SimpleData name="Vivienda_L">-24.56744140000</SimpleData>
            <SimpleData name="Vivienda_1">-56.48551160000</SimpleData>
            <SimpleData name="Superficie">0.80000000000</SimpleData>
            <SimpleData name="Situaci_1">Pol?gono</SimpleData>
            <SimpleData name="Plantado">SI</SimpleData>
            <SimpleData name="Plantado_f">2025/11/19</SimpleData>
            <SimpleData name="Jornales">0.00000000000</SimpleData>
            <SimpleData name="Monto">0.00000000000</SimpleData>
            <SimpleData name="Grupo_de_p">I-P1</SimpleData>
            <SimpleData name="Estado_del">Activo</SimpleData>
            <SimpleData name="Empresa">Emilio Sol?s Grance</SimpleData>
            <SimpleData name="Lote">I</SimpleData>
            <SimpleData name="Parametro">0.80000000000</SimpleData>
            <SimpleData name="Sup_Sig">0.79628933308</SimpleData>
            <SimpleData name="Situacion">Cumple</SimpleData>
            <SimpleData name="X">-56.48627181000</SimpleData>
            <SimpleData name="Y">-24.56471091000</SimpleData>
            <SimpleData name="Shape_Leng">357.17734715500</SimpleData>
            <SimpleData name="Shape_Area">7962.89333076000</SimpleData>
          </SchemaData>
        </ExtendedData>
        <Polygon>
          <outerBoundaryIs>
            <LinearRing>
              <coordinates>
                -56.4858222994929,-24.5643398994515,0
                -56.4858162000317,-24.5651142000605,0
                -56.4867364007135,-24.5650911000557,0
                -56.4867000003309,-24.5642866992988,0
                -56.4858222994929,-24.5643398994515,0
              </coordinates>
            </LinearRing>
          </outerBoundaryIs>
        </Polygon>
      </Placemark>
      <Placemark id="Lote_I.8">
        <ExtendedData>
          <SchemaData schemaUrl="#Lote_I.schema">
            <SimpleData name="Cédula">9104331.00000000000</SimpleData>
            <SimpleData name="Nombres_y_">MARIA CELESTE NU?EZ PEREIRA</SimpleData>
            <SimpleData name="Sexo">Mujer</SimpleData>
            <SimpleData name="Cambio_de_">NO</SimpleData>
            <SimpleData name="Titular_se">NO</SimpleData>
            <SimpleData name="ci_UNIF">9104331.00000000000</SimpleData>
            <SimpleData name="Situación">NO</SimpleData>
            <SimpleData name="Comunidad">Campesina</SimpleData>
            <SimpleData name="Modelo_imp">Modelo 3</SimpleData>
            <SimpleData name="Departamen">SAN PEDRO</SimpleData>
            <SimpleData name="Distrito">GUAYAIBI</SimpleData>
            <SimpleData name="Localidad">8 DE DICIEMBRE</SimpleData>
            <SimpleData name="Teléfono">0984016737</SimpleData>
            <SimpleData name="Vivienda_L">-24.38897330000</SimpleData>
            <SimpleData name="Vivienda_1">-56.34077330000</SimpleData>
            <SimpleData name="Superficie">1.00000000000</SimpleData>
            <SimpleData name="Situaci_1">Par?metro</SimpleData>
            <SimpleData name="Plantado">SI</SimpleData>
            <SimpleData name="Plantado_f">2026/02/11</SimpleData>
            <SimpleData name="Jornales">0.00000000000</SimpleData>
            <SimpleData name="Monto">0.00000000000</SimpleData>
            <SimpleData name="Grupo_de_p">I-P1</SimpleData>
            <SimpleData name="Estado_del">Activo</SimpleData>
            <SimpleData name="Empresa">Emilio Sol?s Grance</SimpleData>
            <SimpleData name="Lote">I</SimpleData>
            <SimpleData name="Parametro">1.00000000000</SimpleData>
            <SimpleData name="Sup_Sig">0.99935324743</SimpleData>
            <SimpleData name="Situacion">Cumple</SimpleData>
            <SimpleData name="X">-56.34345381000</SimpleData>
            <SimpleData name="Y">-24.39403538000</SimpleData>
            <SimpleData name="Shape_Leng">434.50343740100</SimpleData>
            <SimpleData name="Shape_Area">9993.53247434000</SimpleData>
          </SchemaData>
        </ExtendedData>
        <Polygon>
          <outerBoundaryIs>
            <LinearRing>
              <coordinates>
                -56.3428582995876,-24.393580000459,0
                -56.343455200046,-24.3947630000328,0
                -56.3440852996754,-24.3945133999246,0
                -56.3433801004623,-24.3932550997853,0
                -56.3428582995876,-24.393580000459,0
              </coordinates>
            </LinearRing>
          </outerBoundaryIs>
        </Polygon>
      </Placemark>
      <Placemark id="Lote_I.9">
        <ExtendedData>
          <SchemaData schemaUrl="#Lote_I.schema">
            <SimpleData name="Cédula">7634504.00000000000</SimpleData>
            <SimpleData name="Nombres_y_">DEISY SEBASTIANA TORRES</SimpleData>
            <SimpleData name="Sexo">Mujer</SimpleData>
            <SimpleData name="Cambio_de_">NO</SimpleData>
            <SimpleData name="Titular_se">NO</SimpleData>
            <SimpleData name="ci_UNIF">7634504.00000000000</SimpleData>
            <SimpleData name="Situación">NO</SimpleData>
            <SimpleData name="Comunidad">Campesina</SimpleData>
            <SimpleData name="Modelo_imp">Modelo 5</SimpleData>
            <SimpleData name="Departamen">SAN PEDRO</SimpleData>
            <SimpleData name="Distrito">GUAYAIBI</SimpleData>
            <SimpleData name="Localidad">ASENT. TORO PIRU 1</SimpleData>
            <SimpleData name="Teléfono">0972833010</SimpleData>
            <SimpleData name="Vivienda_L">-24.30352980000</SimpleData>
            <SimpleData name="Vivienda_1">-56.44649080000</SimpleData>
            <SimpleData name="Superficie">0.70000000000</SimpleData>
            <SimpleData name="Situaci_1">Par?metro</SimpleData>
            <SimpleData name="Plantado">SI</SimpleData>
            <SimpleData name="Plantado_f">2026/02/25</SimpleData>
            <SimpleData name="Jornales">0.00000000000</SimpleData>
            <SimpleData name="Monto">0.00000000000</SimpleData>
            <SimpleData name="Grupo_de_p">I-P1</SimpleData>
            <SimpleData name="Estado_del">Activo</SimpleData>
            <SimpleData name="Empresa">Emilio Sol?s Grance</SimpleData>
            <SimpleData name="Lote">I</SimpleData>
            <SimpleData name="Parametro">0.70000000000</SimpleData>
            <SimpleData name="Sup_Sig">0.73158280911</SimpleData>
            <SimpleData name="Situacion">Cumple</SimpleData>
            <SimpleData name="X">-56.44671466000</SimpleData>
            <SimpleData name="Y">-24.30399602000</SimpleData>
            <SimpleData name="Shape_Leng">679.22931719900</SimpleData>
            <SimpleData name="Shape_Area">7315.82809111000</SimpleData>
          </SchemaData>
        </ExtendedData>
        <MultiGeometry>
          <Polygon>
            <outerBoundaryIs>
              <LinearRing>
                <coordinates>
                  -56.4471151992666,-24.3044628001836,0
                  -56.4470899994718,-24.304265000258,0
                  -56.4462187990595,-24.3042356996873,0
                  -56.4462199994127,-24.3044549996834,0
                  -56.4471151992666,-24.3044628001836,0
                </coordinates>
              </LinearRing>
            </outerBoundaryIs>
          </Polygon>
          <Polygon>
            <outerBoundaryIs>
              <LinearRing>
                <coordinates>
                  -56.4467409995477,-24.3041641004248,0
                  -56.4467415996846,-24.3038955004926,0
                  -56.4466879000003,-24.3038475997198,0
                  -56.4461760995749,-24.3038419998965,0
                  -56.4461911990647,-24.3041974999566,0
                  -56.4467409995477,-24.3041641004248,0
                </coordinates>
              </LinearRing>
            </outerBoundaryIs>
          </Polygon>
          <Polygon>
            <outerBoundaryIs>
              <LinearRing>
                <coordinates>
                  -56.4470564996088,-24.3032874001265,0
                  -56.446754999592,-24.303275000075,0
                  -56.4467977000068,-24.3042109003123,0
                  -56.4470966991394,-24.3042283001578,0
                  -56.4470564996088,-24.3032874001265,0
                </coordinates>
              </LinearRing>
            </outerBoundaryIs>
          </Polygon>
        </MultiGeometry>
      </Placemark>
      <Placemark id="Lote_I.10">
        <ExtendedData>
          <SchemaData schemaUrl="#Lote_I.schema">
            <SimpleData name="Cédula">6992778.00000000000</SimpleData>
            <SimpleData name="Nombres_y_">DINA NOEMI ZARATE ARBE</SimpleData>
            <SimpleData name="Sexo">Mujer</SimpleData>
            <SimpleData name="Cambio_de_">NO</SimpleData>
            <SimpleData name="Titular_se">NO</SimpleData>
            <SimpleData name="ci_UNIF">6992778.00000000000</SimpleData>
            <SimpleData name="Situación">NO</SimpleData>
            <SimpleData name="Comunidad">Campesina</SimpleData>
            <SimpleData name="Modelo_imp">Modelo 5</SimpleData>
            <SimpleData name="Departamen">SAN PEDRO</SimpleData>
            <SimpleData name="Distrito">CRUCE LIBERACION</SimpleData>
            <SimpleData name="Localidad">BARRIO SAN JOSE</SimpleData>
            <SimpleData name="Teléfono">0971314971</SimpleData>
            <SimpleData name="Vivienda_L">-24.30323540000</SimpleData>
            <SimpleData name="Vivienda_1">-56.44949870000</SimpleData>
            <SimpleData name="Superficie">0.70000000000</SimpleData>
            <SimpleData name="Situaci_1">Par?metro</SimpleData>
            <SimpleData name="Plantado">SI</SimpleData>
            <SimpleData name="Plantado_f">2026/02/19</SimpleData>
            <SimpleData name="Jornales">0.00000000000</SimpleData>
            <SimpleData name="Monto">0.00000000000</SimpleData>
            <SimpleData name="Grupo_de_p">I-P1</SimpleData>
            <SimpleData name="Estado_del">Activo</SimpleData>
            <SimpleData name="Empresa">Emilio Sol?s Grance</SimpleData>
            <SimpleData name="Lote">I</SimpleData>
            <SimpleData name="Parametro">0.70000000000</SimpleData>
            <SimpleData name="Sup_Sig">0.69694032137</SimpleData>
            <SimpleData name="Situacion">Cumple</SimpleData>
            <SimpleData name="X">-56.44944890000</SimpleData>
            <SimpleData name="Y">-24.30569754000</SimpleData>
            <SimpleData name="Shape_Leng">334.13773249900</SimpleData>
            <SimpleData name="Shape_Area">6969.40321370000</SimpleData>
          </SchemaData>
        </ExtendedData>
        <Polygon>
          <outerBoundaryIs>
            <LinearRing>
              <coordinates>
                -56.4490382993249,-24.3053350002993,0
                -56.4490568989337,-24.3061066008538,0
                -56.4498650997089,-24.3060581999226,0
                -56.4498350000695,-24.3052867004377,0
                -56.4490382993249,-24.3053350002993,0
              </coordinates>
            </LinearRing>
          </outerBoundaryIs>
        </Polygon>
      </Placemark>
      <Placemark id="Lote_I.11">
        <ExtendedData>
          <SchemaData schemaUrl="#Lote_I.schema">
            <SimpleData name="Cédula">5411327.00000000000</SimpleData>
            <SimpleData name="Nombres_y_">EDISON CARLOS LANGNER MEDINA</SimpleData>
            <SimpleData name="Sexo">Hombre</SimpleData>
            <SimpleData name="Cambio_de_">NO</SimpleData>
            <SimpleData name="Titular_se">NO</SimpleData>
            <SimpleData name="ci_UNIF">5411327.00000000000</SimpleData>
            <SimpleData name="Situación">NO</SimpleData>
            <SimpleData name="Comunidad">Campesina</SimpleData>
            <SimpleData name="Modelo_imp">Modelo 1</SimpleData>
            <SimpleData name="Departamen">SAN PEDRO</SimpleData>
            <SimpleData name="Distrito">CRUCE LIBERACION</SimpleData>
            <SimpleData name="Localidad">SAN PABLO</SimpleData>
            <SimpleData name="Teléfono">0984357758</SimpleData>
            <SimpleData name="Vivienda_L">-24.16531230000</SimpleData>
            <SimpleData name="Vivienda_1">-56.45994250000</SimpleData>
            <SimpleData name="Superficie">0.80000000000</SimpleData>
            <SimpleData name="Situaci_1">Par?metro</SimpleData>
            <SimpleData name="Plantado">SI</SimpleData>
            <SimpleData name="Plantado_f">2026/02/12</SimpleData>
            <SimpleData name="Jornales">0.00000000000</SimpleData>
            <SimpleData name="Monto">0.00000000000</SimpleData>
            <SimpleData name="Grupo_de_p">I-P1</SimpleData>
            <SimpleData name="Estado_del">Activo</SimpleData>
            <SimpleData name="Empresa">Emilio Sol?s Grance</SimpleData>
            <SimpleData name="Lote">I</SimpleData>
            <SimpleData name="Parametro">0.80000000000</SimpleData>
            <SimpleData name="Sup_Sig">0.94560682531</SimpleData>
            <SimpleData name="Situacion">Cumple</SimpleData>
            <SimpleData name="X">-56.45790331000</SimpleData>
            <SimpleData name="Y">-24.16481881000</SimpleData>
            <SimpleData name="Shape_Leng">647.94003055600</SimpleData>
            <SimpleData name="Shape_Area">9456.06825314000</SimpleData>
          </SchemaData>
        </ExtendedData>
        <Polygon>
          <outerBoundaryIs>
            <LinearRing>
              <coordinates>
                -56.4564174998385,-24.1647532004244,0
                -56.4592938995375,-24.1651663002423,0
                -56.4593333991161,-24.1648718998163,0
                -56.4565510994349,-24.1644779999428,0
                -56.4564174998385,-24.1647532004244,0
              </coordinates>
            </LinearRing>
          </outerBoundaryIs>
        </Polygon>
      </Placemark>
      <Placemark id="Lote_I.12">
        <ExtendedData>
          <SchemaData schemaUrl="#Lote_I.schema">
            <SimpleData name="Cédula">7198695.00000000000</SimpleData>
            <SimpleData name="Nombres_y_">LILIAN RAQUEL SOSA ORTIZ</SimpleData>
            <SimpleData name="Sexo">Mujer</SimpleData>
            <SimpleData name="Cambio_de_">NO</SimpleData>
            <SimpleData name="Titular_se">NO</SimpleData>
            <SimpleData name="ci_UNIF">7198695.00000000000</SimpleData>
            <SimpleData name="Situación">NO</SimpleData>
            <SimpleData name="Comunidad">Campesina</SimpleData>
            <SimpleData name="Modelo_imp">Modelo 5</SimpleData>
            <SimpleData name="Departamen">SAN PEDRO</SimpleData>
            <SimpleData name="Distrito">CRUCE LIBERACION</SimpleData>
            <SimpleData name="Localidad">BARRIO SANTA LUCIA</SimpleData>
            <SimpleData name="Teléfono">0976574658</SimpleData>
            <SimpleData name="Vivienda_L">-24.17862580000</SimpleData>
            <SimpleData name="Vivienda_1">-56.48130780000</SimpleData>
            <SimpleData name="Superficie">0.70000000000</SimpleData>
            <SimpleData name="Situaci_1">Par?metro</SimpleData>
            <SimpleData name="Plantado">SI</SimpleData>
            <SimpleData name="Plantado_f">2026/02/24</SimpleData>
            <SimpleData name="Jornales">0.00000000000</SimpleData>
            <SimpleData name="Monto">0.00000000000</SimpleData>
            <SimpleData name="Grupo_de_p">I-P1</SimpleData>
            <SimpleData name="Estado_del">Activo</SimpleData>
            <SimpleData name="Empresa">Emilio Sol?s Grance</SimpleData>
            <SimpleData name="Lote">I</SimpleData>
            <SimpleData name="Parametro">0.70000000000</SimpleData>
            <SimpleData name="Sup_Sig">0.86333579211</SimpleData>
            <SimpleData name="Situacion">Cumple</SimpleData>
            <SimpleData name="X">-56.48124959000</SimpleData>
            <SimpleData name="Y">-24.18016319000</SimpleData>
            <SimpleData name="Shape_Leng">641.94342630300</SimpleData>
            <SimpleData name="Shape_Area">8633.35792107000</SimpleData>
          </SchemaData>
        </ExtendedData>
        <MultiGeometry>
          <Polygon>
            <outerBoundaryIs>
              <LinearRing>
                <coordinates>
                  -56.4813110518622,-24.1805140765599,0
                  -56.480677399364,-24.1804829997322,0
                  -56.4806207999291,-24.1807284003732,0
                  -56.4815225999664,-24.1808787001392,0
                  -56.4815867990554,-24.1805276002177,0
                  -56.4814680441586,-24.1805217754948,0
                  -56.4815409996212,-24.1799766998793,0
                  -56.4810745999207,-24.1798769002664,0
                  -56.480985499766,-24.1804642004736,0
                  -56.4813110518622,-24.1805140765599,0
                </coordinates>
              </LinearRing>
            </outerBoundaryIs>
          </Polygon>
          <Polygon>
            <outerBoundaryIs>
              <LinearRing>
                <coordinates>
                  -56.4815830999225,-24.1797286005126,0
                  -56.4816666999046,-24.1792747002442,0
                  -56.4811700997781,-24.1792181998318,0
                  -56.4811095992081,-24.1796226000045,0
                  -56.4815830999225,-24.1797286005126,0
                </coordinates>
              </LinearRing>
            </outerBoundaryIs>
          </Polygon>
        </MultiGeometry>
      </Placemark>
      <Placemark id="Lote_I.13">
        <ExtendedData>
          <SchemaData schemaUrl="#Lote_I.schema">
            <SimpleData name="Cédula">6021216.00000000000</SimpleData>
            <SimpleData name="Nombres_y_">SILVIA RAMONA VILLALBA ENCIZO</SimpleData>
            <SimpleData name="Sexo">Mujer</SimpleData>
            <SimpleData name="Cambio_de_">NO</SimpleData>
            <SimpleData name="Titular_se">NO</SimpleData>
            <SimpleData name="ci_UNIF">6021216.00000000000</SimpleData>
            <SimpleData name="Situación">NO</SimpleData>
            <SimpleData name="Comunidad">Campesina</SimpleData>
            <SimpleData name="Modelo_imp">Modelo 5</SimpleData>
            <SimpleData name="Departamen">SAN PEDRO</SimpleData>
            <SimpleData name="Distrito">GUAYAIBI</SimpleData>
            <SimpleData name="Localidad">ASENT. TORO PIRU 2</SimpleData>
            <SimpleData name="Teléfono">0985909700</SimpleData>
            <SimpleData name="Vivienda_L">-24.32654110000</SimpleData>
            <SimpleData name="Vivienda_1">-56.43950670000</SimpleData>
            <SimpleData name="Superficie">0.70000000000</SimpleData>
            <SimpleData name="Situaci_1">Par?metro</SimpleData>
            <SimpleData name="Plantado">SI</SimpleData>
            <SimpleData name="Plantado_f">2026/02/25</SimpleData>
            <SimpleData name="Jornales">0.00000000000</SimpleData>
            <SimpleData name="Monto">0.00000000000</SimpleData>
            <SimpleData name="Grupo_de_p">I-P1</SimpleData>
            <SimpleData name="Estado_del">Activo</SimpleData>
            <SimpleData name="Empresa">Emilio Sol?s Grance</SimpleData>
            <SimpleData name="Lote">I</SimpleData>
            <SimpleData name="Parametro">0.70000000000</SimpleData>
            <SimpleData name="Sup_Sig">0.71613700218</SimpleData>
            <SimpleData name="Situacion">Cumple</SimpleData>
            <SimpleData name="X">-56.43593965000</SimpleData>
            <SimpleData name="Y">-24.32652603000</SimpleData>
            <SimpleData name="Shape_Leng">375.66645514700</SimpleData>
            <SimpleData name="Shape_Area">7161.37002178000</SimpleData>
          </SchemaData>
        </ExtendedData>
        <Polygon>
          <outerBoundaryIs>
            <LinearRing>
              <coordinates>
                -56.4352348991289,-24.3263617999968,0
                -56.4352816991237,-24.3267950000728,0
                -56.4366016995489,-24.3267400005143,0
                -56.4365567991124,-24.326214999691,0
                -56.4352348991289,-24.3263617999968,0
              </coordinates>
            </LinearRing>
          </outerBoundaryIs>
        </Polygon>
      </Placemark>
      <Placemark id="Lote_I.14">
        <ExtendedData>
          <SchemaData schemaUrl="#Lote_I.schema">
            <SimpleData name="Cédula">4055428.00000000000</SimpleData>
            <SimpleData name="Nombres_y_">JORGE ANTONIO CHAVEZ</SimpleData>
            <SimpleData name="Sexo">Hombre</SimpleData>
            <SimpleData name="Cambio_de_">NO</SimpleData>
            <SimpleData name="Titular_se">NO</SimpleData>
            <SimpleData name="ci_UNIF">4055428.00000000000</SimpleData>
            <SimpleData name="Situación">NO</SimpleData>
            <SimpleData name="Comunidad">Campesina</SimpleData>
            <SimpleData name="Modelo_imp">Modelo 3</SimpleData>
            <SimpleData name="Departamen">SAN PEDRO</SimpleData>
            <SimpleData name="Distrito">GUAYAIBI</SimpleData>
            <SimpleData name="Localidad">AMISTAD</SimpleData>
            <SimpleData name="Teléfono">0985552598</SimpleData>
            <SimpleData name="Vivienda_L">-24.31334680000</SimpleData>
            <SimpleData name="Vivienda_1">-56.25841440000</SimpleData>
            <SimpleData name="Superficie">1.00000000000</SimpleData>
            <SimpleData name="Situaci_1">Par?metro</SimpleData>
            <SimpleData name="Plantado">SI</SimpleData>
            <SimpleData name="Plantado_f">2026/02/11</SimpleData>
            <SimpleData name="Jornales">0.00000000000</SimpleData>
            <SimpleData name="Monto">0.00000000000</SimpleData>
            <SimpleData name="Grupo_de_p">I-P1</SimpleData>
            <SimpleData name="Estado_del">Activo</SimpleData>
            <SimpleData name="Empresa">Emilio Sol?s Grance</SimpleData>
            <SimpleData name="Lote">I</SimpleData>
            <SimpleData name="Parametro">1.00000000000</SimpleData>
            <SimpleData name="Sup_Sig">1.00258381327</SimpleData>
            <SimpleData name="Situacion">Cumple</SimpleData>
            <SimpleData name="X">-56.25841905000</SimpleData>
            <SimpleData name="Y">-24.31386086000</SimpleData>
            <SimpleData name="Shape_Leng">501.17819073500</SimpleData>
            <SimpleData name="Shape_Area">10025.83813270000</SimpleData>
          </SchemaData>
        </ExtendedData>
        <Polygon>
          <outerBoundaryIs>
            <LinearRing>
              <coordinates>
                -56.2578882000823,-24.3131751004914,0
                -56.257988300057,-24.314343299872,0
                -56.2589300003701,-24.3143166998278,0
                -56.2589367998187,-24.313408199861,0
                -56.2585175002623,-24.3134682998959,0
                -56.2584786995998,-24.3135527997936,0
                -56.2582949997009,-24.3135850000153,0
                -56.2582751004126,-24.3137059002698,0
                -56.2582080995961,-24.3137178999447,0
                -56.2582795004755,-24.3134046997399,0
                -56.2578882000823,-24.3131751004914,0
              </coordinates>
            </LinearRing>
          </outerBoundaryIs>
        </Polygon>
      </Placemark>
      <Placemark id="Lote_I.15">
        <ExtendedData>
          <SchemaData schemaUrl="#Lote_I.schema">
            <SimpleData name="Cédula">3232920.00000000000</SimpleData>
            <SimpleData name="Nombres_y_">MARTIN VILLALBA MENDOZA</SimpleData>
            <SimpleData name="Sexo">Hombre</SimpleData>
            <SimpleData name="Cambio_de_">NO</SimpleData>
            <SimpleData name="Titular_se">NO</SimpleData>
            <SimpleData name="ci_UNIF">3232920.00000000000</SimpleData>
            <SimpleData name="Situación">NO</SimpleData>
            <SimpleData name="Comunidad">Campesina</SimpleData>
            <SimpleData name="Modelo_imp">Modelo 5</SimpleData>
            <SimpleData name="Departamen">SAN PEDRO</SimpleData>
            <SimpleData name="Distrito">GUAYAIBI</SimpleData>
            <SimpleData name="Localidad">ASENT. TORO PIRU 2</SimpleData>
            <SimpleData name="Teléfono">0982988009</SimpleData>
            <SimpleData name="Vivienda_L">-24.31614610000</SimpleData>
            <SimpleData name="Vivienda_1">-56.53236330000</SimpleData>
            <SimpleData name="Superficie">0.70000000000</SimpleData>
            <SimpleData name="Situaci_1">Par?metro</SimpleData>
            <SimpleData name="Plantado">SI</SimpleData>
            <SimpleData name="Plantado_f">2026/02/25</SimpleData>
            <SimpleData name="Jornales">0.00000000000</SimpleData>
            <SimpleData name="Monto">0.00000000000</SimpleData>
            <SimpleData name="Grupo_de_p">I-P1</SimpleData>
            <SimpleData name="Estado_del">Activo</SimpleData>
            <SimpleData name="Empresa">Emilio Sol?s Grance</SimpleData>
            <SimpleData name="Lote">I</SimpleData>
            <SimpleData name="Parametro">0.70000000000</SimpleData>
            <SimpleData name="Sup_Sig">0.75704325688</SimpleData>
            <SimpleData name="Situacion">Cumple</SimpleData>
            <SimpleData name="X">-56.53268155000</SimpleData>
            <SimpleData name="Y">-24.31749869000</SimpleData>
            <SimpleData name="Shape_Leng">438.13219422900</SimpleData>
            <SimpleData name="Shape_Area">7570.43256880000</SimpleData>
          </SchemaData>
        </ExtendedData>
        <Polygon>
          <outerBoundaryIs>
            <LinearRing>
              <coordinates>
                -56.5324098997551,-24.3182853000679,0
                -56.532830299473,-24.3183019002555,0
                -56.5329560997541,-24.3167106998983,0
                -56.5325282990516,-24.3167050002868,0
                -56.5324098997551,-24.3182853000679,0
              </coordinates>
            </LinearRing>
          </outerBoundaryIs>
        </Polygon>
      </Placemark>
      <Placemark id="Lote_I.16">
        <ExtendedData>
          <SchemaData schemaUrl="#Lote_I.schema">
            <SimpleData name="Cédula">6956531.00000000000</SimpleData>
            <SimpleData name="Nombres_y_">GISSEL VERUTTI RAMIREZ</SimpleData>
            <SimpleData name="Sexo">Mujer</SimpleData>
            <SimpleData name="Cambio_de_">NO</SimpleData>
            <SimpleData name="Titular_se">NO</SimpleData>
            <SimpleData name="ci_UNIF">6956531.00000000000</SimpleData>
            <SimpleData name="Situación">NO</SimpleData>
            <SimpleData name="Comunidad">Campesina</SimpleData>
            <SimpleData name="Modelo_imp">Modelo 2</SimpleData>
            <SimpleData name="Departamen">SAN PEDRO</SimpleData>
            <SimpleData name="Distrito">GUAYAIBI</SimpleData>
            <SimpleData name="Localidad">4000 TACUAPI</SimpleData>
            <SimpleData name="Teléfono">0971186413</SimpleData>
            <SimpleData name="Vivienda_L">-24.56756510000</SimpleData>
            <SimpleData name="Vivienda_1">-56.48537630000</SimpleData>
            <SimpleData name="Superficie">0.80000000000</SimpleData>
            <SimpleData name="Situaci_1">Pol?gono</SimpleData>
            <SimpleData name="Plantado">SI</SimpleData>
            <SimpleData name="Plantado_f">2025/11/19</SimpleData>
            <SimpleData name="Jornales">0.00000000000</SimpleData>
            <SimpleData name="Monto">0.00000000000</SimpleData>
            <SimpleData name="Grupo_de_p">I-P1</SimpleData>
            <SimpleData name="Estado_del">Activo</SimpleData>
            <SimpleData name="Empresa">Emilio Sol?s Grance</SimpleData>
            <SimpleData name="Lote">I</SimpleData>
            <SimpleData name="Parametro">0.80000000000</SimpleData>
            <SimpleData name="Sup_Sig">0.83980293961</SimpleData>
            <SimpleData name="Situacion">Cumple</SimpleData>
            <SimpleData name="X">-56.47752476000</SimpleData>
            <SimpleData name="Y">-24.56550719000</SimpleData>
            <SimpleData name="Shape_Leng">449.15810377500</SimpleData>
            <SimpleData name="Shape_Area">8398.02939610000</SimpleData>
          </SchemaData>
        </ExtendedData>
        <Polygon>
          <outerBoundaryIs>
            <LinearRing>
              <coordinates>
                -56.4772874001246,-24.5647263000674,0
                -56.4772916997841,-24.5663050000396,0
                -56.4777714999668,-24.566294999616,0
                -56.4777442000862,-24.5646770002386,0
                -56.4772874001246,-24.5647263000674,0
              </coordinates>
            </LinearRing>
          </outerBoundaryIs>
        </Polygon>
      </Placemark>
      <Placemark id="Lote_I.17">
        <ExtendedData>
          <SchemaData schemaUrl="#Lote_I.schema">
            <SimpleData name="Cédula">6194185.00000000000</SimpleData>
            <SimpleData name="Nombres_y_">CINTHIA CAROLINA ODRIOZOLA FERNANDEZ</SimpleData>
            <SimpleData name="Sexo">Mujer</SimpleData>
            <SimpleData name="Cambio_de_">NO</SimpleData>
            <SimpleData name="Titular_se">NO</SimpleData>
            <SimpleData name="ci_UNIF">6194185.00000000000</SimpleData>
            <SimpleData name="Situación">NO</SimpleData>
            <SimpleData name="Comunidad">Campesina</SimpleData>
            <SimpleData name="Modelo_imp">Modelo 4</SimpleData>
            <SimpleData name="Departamen">SAN PEDRO</SimpleData>
            <SimpleData name="Distrito">GUAYAIBI</SimpleData>
            <SimpleData name="Localidad">PLANCHADA EVA</SimpleData>
            <SimpleData name="Teléfono">0982376175</SimpleData>
            <SimpleData name="Vivienda_L">-24.35398760000</SimpleData>
            <SimpleData name="Vivienda_1">-56.37531280000</SimpleData>
            <SimpleData name="Superficie">0.70000000000</SimpleData>
            <SimpleData name="Situaci_1">Par?metro</SimpleData>
            <SimpleData name="Plantado">SI</SimpleData>
            <SimpleData name="Plantado_f">2026/02/16</SimpleData>
            <SimpleData name="Jornales">0.00000000000</SimpleData>
            <SimpleData name="Monto">0.00000000000</SimpleData>
            <SimpleData name="Grupo_de_p">I-P1</SimpleData>
            <SimpleData name="Estado_del">Activo</SimpleData>
            <SimpleData name="Empresa">Emilio Sol?s Grance</SimpleData>
            <SimpleData name="Lote">I</SimpleData>
            <SimpleData name="Parametro">0.70000000000</SimpleData>
            <SimpleData name="Sup_Sig">0.74931397073</SimpleData>
            <SimpleData name="Situacion">Cumple</SimpleData>
            <SimpleData name="X">-56.37519055000</SimpleData>
            <SimpleData name="Y">-24.35332047000</SimpleData>
            <SimpleData name="Shape_Leng">409.70249234400</SimpleData>
            <SimpleData name="Shape_Area">7493.13970731000</SimpleData>
          </SchemaData>
        </ExtendedData>
        <Polygon>
          <outerBoundaryIs>
            <LinearRing>
              <coordinates>
                -56.3744432994396,-24.3530300006491,0
                -56.3748633001913,-24.3535917006551,0
                -56.3752001998489,-24.353520000545,0
                -56.3754524996259,-24.3536313000624,0
                -56.3755945004574,-24.3538339007436,0
                -56.375942699261,-24.3538008001367,0
                -56.3753140993846,-24.352892999935,0
                -56.3744432994396,-24.3530300006491,0
              </coordinates>
            </LinearRing>
          </outerBoundaryIs>
        </Polygon>
      </Placemark>
      <Placemark id="Lote_I.18">
        <ExtendedData>
          <SchemaData schemaUrl="#Lote_I.schema">
            <SimpleData name="Cédula">3881432.00000000000</SimpleData>
            <SimpleData name="Nombres_y_">JOSE RAMON LOPEZ CARDOZO</SimpleData>
            <SimpleData name="Sexo">Hombre</SimpleData>
            <SimpleData name="Cambio_de_">NO</SimpleData>
            <SimpleData name="Titular_se">NO</SimpleData>
            <SimpleData name="ci_UNIF">3881432.00000000000</SimpleData>
            <SimpleData name="Situación">NO</SimpleData>
            <SimpleData name="Comunidad">Campesina</SimpleData>
            <SimpleData name="Modelo_imp">Modelo 1</SimpleData>
            <SimpleData name="Departamen">SAN PEDRO</SimpleData>
            <SimpleData name="Distrito">CRUCE LIBERACION</SimpleData>
            <SimpleData name="Localidad">BARRIO SAN JOSE</SimpleData>
            <SimpleData name="Teléfono">0985234999</SimpleData>
            <SimpleData name="Vivienda_L">-24.30196200000</SimpleData>
            <SimpleData name="Vivienda_1">-56.47814040000</SimpleData>
            <SimpleData name="Superficie">0.80000000000</SimpleData>
            <SimpleData name="Situaci_1">Par?metro</SimpleData>
            <SimpleData name="Plantado">SI</SimpleData>
            <SimpleData name="Plantado_f">2026/02/18</SimpleData>
            <SimpleData name="Jornales">0.00000000000</SimpleData>
            <SimpleData name="Monto">0.00000000000</SimpleData>
            <SimpleData name="Grupo_de_p">I-P1</SimpleData>
            <SimpleData name="Estado_del">Activo</SimpleData>
            <SimpleData name="Empresa">Emilio Sol?s Grance</SimpleData>
            <SimpleData name="Lote">I</SimpleData>
            <SimpleData name="Parametro">0.80000000000</SimpleData>
            <SimpleData name="Sup_Sig">0.79894043852</SimpleData>
            <SimpleData name="Situacion">Cumple</SimpleData>
            <SimpleData name="X">-56.47710912000</SimpleData>
            <SimpleData name="Y">-24.30337042000</SimpleData>
            <SimpleData name="Shape_Leng">528.93886740900</SimpleData>
            <SimpleData name="Shape_Area">7989.40438518000</SimpleData>
          </SchemaData>
        </ExtendedData>
        <Polygon>
          <outerBoundaryIs>
            <LinearRing>
              <coordinates>
                -56.4768805993781,-24.3024550003648,0
                -56.4769678998078,-24.3043483001921,0
                -56.4773555007099,-24.3043403010526,0
                -56.4773343994802,-24.3040470999128,0
                -56.4772096990098,-24.303997299999,0
                -56.4772252997854,-24.3039096001013,0
                -56.4771788991853,-24.3038765009623,0
                -56.4773328999134,-24.3038375011087,0
                -56.477238300052,-24.3023617008255,0
                -56.4768805993781,-24.3024550003648,0
              </coordinates>
            </LinearRing>
          </outerBoundaryIs>
        </Polygon>
      </Placemark>
      <Placemark id="Lote_I.19">
        <ExtendedData>
          <SchemaData schemaUrl="#Lote_I.schema">
            <SimpleData name="Cédula">3365573.00000000000</SimpleData>
            <SimpleData name="Nombres_y_">ELBA ROSA SALINAS GONZALEZ</SimpleData>
            <SimpleData name="Sexo">Mujer</SimpleData>
            <SimpleData name="Cambio_de_">NO</SimpleData>
            <SimpleData name="Titular_se">NO</SimpleData>
            <SimpleData name="ci_UNIF">3365573.00000000000</SimpleData>
            <SimpleData name="Situación">NO</SimpleData>
            <SimpleData name="Comunidad">Campesina</SimpleData>
            <SimpleData name="Modelo_imp">Modelo 5</SimpleData>
            <SimpleData name="Departamen">SAN PEDRO</SimpleData>
            <SimpleData name="Distrito">CHORE</SimpleData>
            <SimpleData name="Localidad">SAN MIGUEL</SimpleData>
            <SimpleData name="Teléfono">0983363408</SimpleData>
            <SimpleData name="Vivienda_L">-24.12200200000</SimpleData>
            <SimpleData name="Vivienda_1">-56.64999720000</SimpleData>
            <SimpleData name="Superficie">0.70000000000</SimpleData>
            <SimpleData name="Situaci_1">Par?metro</SimpleData>
            <SimpleData name="Plantado">SI</SimpleData>
            <SimpleData name="Plantado_f">2026/03/12</SimpleData>
            <SimpleData name="Jornales">0.00000000000</SimpleData>
            <SimpleData name="Monto">0.00000000000</SimpleData>
            <SimpleData name="Grupo_de_p">I-P1</SimpleData>
            <SimpleData name="Estado_del">Activo</SimpleData>
            <SimpleData name="Empresa">Emilio Sol?s Grance</SimpleData>
            <SimpleData name="Lote">I</SimpleData>
            <SimpleData name="Parametro">0.70000000000</SimpleData>
            <SimpleData name="Sup_Sig">0.74839601675</SimpleData>
            <SimpleData name="Situacion">Cumple</SimpleData>
            <SimpleData name="X">-56.64893936000</SimpleData>
            <SimpleData name="Y">-24.12180252000</SimpleData>
            <SimpleData name="Shape_Leng">359.03834666300</SimpleData>
            <SimpleData name="Shape_Area">7483.96016752000</SimpleData>
          </SchemaData>
        </ExtendedData>
        <Polygon>
          <outerBoundaryIs>
            <LinearRing>
              <coordinates>
                -56.6482532998292,-24.1218466999004,0
                -56.6490913995355,-24.1223805996701,0
                -56.6494579997918,-24.1215439002806,0
                -56.6491385996447,-24.1212643996517,0
                -56.6482532998292,-24.1218466999004,0
              </coordinates>
            </LinearRing>
          </outerBoundaryIs>
        </Polygon>
      </Placemark>
      <Placemark id="Lote_I.20">
        <ExtendedData>
          <SchemaData schemaUrl="#Lote_I.schema">
            <SimpleData name="Cédula">6784100.00000000000</SimpleData>
            <SimpleData name="Nombres_y_">NANCY ESTELA SANCHEZ GIMENEZ</SimpleData>
            <SimpleData name="Sexo">Mujer</SimpleData>
            <SimpleData name="Cambio_de_">NO</SimpleData>
            <SimpleData name="Titular_se">NO</SimpleData>
            <SimpleData name="ci_UNIF">6784100.00000000000</SimpleData>
            <SimpleData name="Situación">NO</SimpleData>
            <SimpleData name="Comunidad">Campesina</SimpleData>
            <SimpleData name="Modelo_imp">Modelo 3</SimpleData>
            <SimpleData name="Departamen">SAN PEDRO</SimpleData>
            <SimpleData name="Distrito">CRUCE LIBERACION</SimpleData>
            <SimpleData name="Localidad">1 DE MARZO (YOAYU)</SimpleData>
            <SimpleData name="Teléfono">0982791209</SimpleData>
            <SimpleData name="Vivienda_L">-24.27021670000</SimpleData>
            <SimpleData name="Vivienda_1">-56.40511030000</SimpleData>
            <SimpleData name="Superficie">1.00000000000</SimpleData>
            <SimpleData name="Situaci_1">Par?metro</SimpleData>
            <SimpleData name="Plantado">SI</SimpleData>
            <SimpleData name="Plantado_f">2026/02/13</SimpleData>
            <SimpleData name="Jornales">0.00000000000</SimpleData>
            <SimpleData name="Monto">0.00000000000</SimpleData>
            <SimpleData name="Grupo_de_p">I-P1</SimpleData>
            <SimpleData name="Estado_del">Activo</SimpleData>
            <SimpleData name="Empresa">Emilio Sol?s Grance</SimpleData>
            <SimpleData name="Lote">I</SimpleData>
            <SimpleData name="Parametro">1.00000000000</SimpleData>
            <SimpleData name="Sup_Sig">1.00757290275</SimpleData>
            <SimpleData name="Situacion">Cumple</SimpleData>
            <SimpleData name="X">-56.39902223000</SimpleData>
            <SimpleData name="Y">-24.27031053000</SimpleData>
            <SimpleData name="Shape_Leng">404.78817401200</SimpleData>
            <SimpleData name="Shape_Area">10075.72902750000</SimpleData>
          </SchemaData>
        </ExtendedData>
        <Polygon>
          <outerBoundaryIs>
            <LinearRing>
              <coordinates>
                -56.3985578003179,-24.2707174005417,0
                -56.3995632996818,-24.2707667007867,0
                -56.3995482996284,-24.269930000296,0
                -56.3984286998032,-24.2698584002328,0
                -56.3985578003179,-24.2707174005417,0
              </coordinates>
            </LinearRing>
          </outerBoundaryIs>
        </Polygon>
      </Placemark>
      <Placemark id="Lote_I.21">
        <ExtendedData>
          <SchemaData schemaUrl="#Lote_I.schema">
            <SimpleData name="Cédula">5646588.00000000000</SimpleData>
            <SimpleData name="Nombres_y_">ANGELINA CABRERA TORRES</SimpleData>
            <SimpleData name="Sexo">Mujer</SimpleData>
            <SimpleData name="Cambio_de_">NO</SimpleData>
            <SimpleData name="Titular_se">NO</SimpleData>
            <SimpleData name="ci_UNIF">5646588.00000000000</SimpleData>
            <SimpleData name="Situación">NO</SimpleData>
            <SimpleData name="Comunidad">Campesina</SimpleData>
            <SimpleData name="Modelo_imp">Modelo 5</SimpleData>
            <SimpleData name="Departamen">SAN PEDRO</SimpleData>
            <SimpleData name="Distrito">GUAYAIBI</SimpleData>
            <SimpleData name="Localidad">ASENT. TORO PIRU 2</SimpleData>
            <SimpleData name="Teléfono">0986917639</SimpleData>
            <SimpleData name="Vivienda_L">-24.31835060000</SimpleData>
            <SimpleData name="Vivienda_1">-56.45805970000</SimpleData>
            <SimpleData name="Superficie">0.70000000000</SimpleData>
            <SimpleData name="Situaci_1">Par?metro</SimpleData>
            <SimpleData name="Plantado">SI</SimpleData>
            <SimpleData name="Plantado_f">2026/02/25</SimpleData>
            <SimpleData name="Jornales">0.00000000000</SimpleData>
            <SimpleData name="Monto">0.00000000000</SimpleData>
            <SimpleData name="Grupo_de_p">I-P1</SimpleData>
            <SimpleData name="Estado_del">Activo</SimpleData>
            <SimpleData name="Empresa">Emilio Sol?s Grance</SimpleData>
            <SimpleData name="Lote">I</SimpleData>
            <SimpleData name="Parametro">0.70000000000</SimpleData>
            <SimpleData name="Sup_Sig">0.83414017782</SimpleData>
            <SimpleData name="Situacion">Cumple</SimpleData>
            <SimpleData name="X">-56.45864146000</SimpleData>
            <SimpleData name="Y">-24.32039851000</SimpleData>
            <SimpleData name="Shape_Leng">390.52781475900</SimpleData>
            <SimpleData name="Shape_Area">8341.40177816000</SimpleData>
          </SchemaData>
        </ExtendedData>
        <Polygon>
          <outerBoundaryIs>
            <LinearRing>
              <coordinates>
                -56.4580002993318,-24.320136400335,0
                -56.4579732990242,-24.3206950002912,0
                -56.4593154990589,-24.3206673005286,0
                -56.4592550995423,-24.3200832999753,0
                -56.4580002993318,-24.320136400335,0
              </coordinates>
            </LinearRing>
          </outerBoundaryIs>
        </Polygon>
      </Placemark>
      <Placemark id="Lote_I.22">
        <ExtendedData>
          <SchemaData schemaUrl="#Lote_I.schema">
            <SimpleData name="Cédula">3382312.00000000000</SimpleData>
            <SimpleData name="Nombres_y_">CARLINA ENCISO DE VILLALBA</SimpleData>
            <SimpleData name="Sexo">Mujer</SimpleData>
            <SimpleData name="Cambio_de_">NO</SimpleData>
            <SimpleData name="Titular_se">NO</SimpleData>
            <SimpleData name="ci_UNIF">3382312.00000000000</SimpleData>
            <SimpleData name="Situación">NO</SimpleData>
            <SimpleData name="Comunidad">Campesina</SimpleData>
            <SimpleData name="Modelo_imp">Modelo 5</SimpleData>
            <SimpleData name="Departamen">SAN PEDRO</SimpleData>
            <SimpleData name="Distrito">GUAYAIBI</SimpleData>
            <SimpleData name="Localidad">ASENT. TORO PIRU 2</SimpleData>
            <SimpleData name="Teléfono">0986209806</SimpleData>
            <SimpleData name="Vivienda_L">-24.32360450000</SimpleData>
            <SimpleData name="Vivienda_1">-56.43960400000</SimpleData>
            <SimpleData name="Superficie">0.70000000000</SimpleData>
            <SimpleData name="Situaci_1">Par?metro</SimpleData>
            <SimpleData name="Plantado">SI</SimpleData>
            <SimpleData name="Plantado_f">2026/02/25</SimpleData>
            <SimpleData name="Jornales">0.00000000000</SimpleData>
            <SimpleData name="Monto">0.00000000000</SimpleData>
            <SimpleData name="Grupo_de_p">I-P1</SimpleData>
            <SimpleData name="Estado_del">Activo</SimpleData>
            <SimpleData name="Empresa">Emilio Sol?s Grance</SimpleData>
            <SimpleData name="Lote">I</SimpleData>
            <SimpleData name="Parametro">0.70000000000</SimpleData>
            <SimpleData name="Sup_Sig">0.70213511581</SimpleData>
            <SimpleData name="Situacion">Cumple</SimpleData>
            <SimpleData name="X">-56.43766004000</SimpleData>
            <SimpleData name="Y">-24.32373638000</SimpleData>
            <SimpleData name="Shape_Leng">570.55380505300</SimpleData>
            <SimpleData name="Shape_Area">7021.35115809000</SimpleData>
          </SchemaData>
        </ExtendedData>
        <MultiGeometry>
          <Polygon>
            <outerBoundaryIs>
              <LinearRing>
                <coordinates>
                  -56.4365930998475,-24.3239403998848,0
                  -56.4384082998559,-24.3238367002361,0
                  -56.4383349996691,-24.32356830022,0
                  -56.4365397993138,-24.3236302000127,0
                  -56.4365930998475,-24.3239403998848,0
                </coordinates>
              </LinearRing>
            </outerBoundaryIs>
          </Polygon>
          <Polygon>
            <outerBoundaryIs>
              <LinearRing>
                <coordinates>
                  -56.4385709991,-24.3238041000354,0
                  -56.4390284990605,-24.3237932997713,0
                  -56.4390320998058,-24.3235889998359,0
                  -56.438620699897,-24.3235604997378,0
                  -56.4385709991,-24.3238041000354,0
                </coordinates>
              </LinearRing>
            </outerBoundaryIs>
          </Polygon>
        </MultiGeometry>
      </Placemark>
      <Placemark id="Lote_I.23">
        <ExtendedData>
          <SchemaData schemaUrl="#Lote_I.schema">
            <SimpleData name="Cédula">2204084.00000000000</SimpleData>
            <SimpleData name="Nombres_y_">ROCIO ELIZABETH AMARILLA LOPEZ</SimpleData>
            <SimpleData name="Sexo">Mujer</SimpleData>
            <SimpleData name="Cambio_de_">NO</SimpleData>
            <SimpleData name="Titular_se">NO</SimpleData>
            <SimpleData name="ci_UNIF">2204084.00000000000</SimpleData>
            <SimpleData name="Situación">NO</SimpleData>
            <SimpleData name="Comunidad">Campesina</SimpleData>
            <SimpleData name="Modelo_imp">Modelo 3</SimpleData>
            <SimpleData name="Departamen">SAN PEDRO</SimpleData>
            <SimpleData name="Distrito">CRUCE LIBERACION</SimpleData>
            <SimpleData name="Localidad">COLONIA FELICIDAD</SimpleData>
            <SimpleData name="Teléfono">0976763313</SimpleData>
            <SimpleData name="Vivienda_L">-24.22343160000</SimpleData>
            <SimpleData name="Vivienda_1">-56.38512190000</SimpleData>
            <SimpleData name="Superficie">1.00000000000</SimpleData>
            <SimpleData name="Situaci_1">Par?metro</SimpleData>
            <SimpleData name="Plantado">SI</SimpleData>
            <SimpleData name="Plantado_f">2026/01/27</SimpleData>
            <SimpleData name="Jornales">0.00000000000</SimpleData>
            <SimpleData name="Monto">0.00000000000</SimpleData>
            <SimpleData name="Grupo_de_p">I-P1</SimpleData>
            <SimpleData name="Estado_del">Activo</SimpleData>
            <SimpleData name="Empresa">Emilio Sol?s Grance</SimpleData>
            <SimpleData name="Lote">I</SimpleData>
            <SimpleData name="Parametro">1.00000000000</SimpleData>
            <SimpleData name="Sup_Sig">1.00171997473</SimpleData>
            <SimpleData name="Situacion">Cumple</SimpleData>
            <SimpleData name="X">-56.38385881000</SimpleData>
            <SimpleData name="Y">-24.22310933000</SimpleData>
            <SimpleData name="Shape_Leng">416.30041058600</SimpleData>
            <SimpleData name="Shape_Area">10017.19974730000</SimpleData>
          </SchemaData>
        </ExtendedData>
        <Polygon>
          <outerBoundaryIs>
            <LinearRing>
              <coordinates>
                -56.3832317006378,-24.2234149996131,0
                -56.3845964997137,-24.223513099965,0
                -56.384339200115,-24.2227676998002,0
                -56.3832632995205,-24.2226832999985,0
                -56.3832317006378,-24.2234149996131,0
              </coordinates>
            </LinearRing>
          </outerBoundaryIs>
        </Polygon>
      </Placemark>
      <Placemark id="Lote_I.24">
        <ExtendedData>
          <SchemaData schemaUrl="#Lote_I.schema">
            <SimpleData name="Cédula">7534610.00000000000</SimpleData>
            <SimpleData name="Nombres_y_">GLADYS ZUNILDA VILLALBA ENCISO</SimpleData>
            <SimpleData name="Sexo">Mujer</SimpleData>
            <SimpleData name="Cambio_de_">NO</SimpleData>
            <SimpleData name="Titular_se">NO</SimpleData>
            <SimpleData name="ci_UNIF">7534610.00000000000</SimpleData>
            <SimpleData name="Situación">NO</SimpleData>
            <SimpleData name="Comunidad">Campesina</SimpleData>
            <SimpleData name="Modelo_imp">Modelo 5</SimpleData>
            <SimpleData name="Departamen">SAN PEDRO</SimpleData>
            <SimpleData name="Distrito">GUAYAIBI</SimpleData>
            <SimpleData name="Localidad">ASENT. TORO PIRU 2</SimpleData>
            <SimpleData name="Teléfono">0</SimpleData>
            <SimpleData name="Vivienda_L">-24.32907110000</SimpleData>
            <SimpleData name="Vivienda_1">-56.43976450000</SimpleData>
            <SimpleData name="Superficie">0.70000000000</SimpleData>
            <SimpleData name="Situaci_1">Par?metro</SimpleData>
            <SimpleData name="Plantado">SI</SimpleData>
            <SimpleData name="Plantado_f">2026/02/25</SimpleData>
            <SimpleData name="Jornales">0.00000000000</SimpleData>
            <SimpleData name="Monto">0.00000000000</SimpleData>
            <SimpleData name="Grupo_de_p">I-P1</SimpleData>
            <SimpleData name="Estado_del">Activo</SimpleData>
            <SimpleData name="Empresa">Emilio Sol?s Grance</SimpleData>
            <SimpleData name="Lote">I</SimpleData>
            <SimpleData name="Parametro">0.70000000000</SimpleData>
            <SimpleData name="Sup_Sig">0.69842513070</SimpleData>
            <SimpleData name="Situacion">Cumple</SimpleData>
            <SimpleData name="X">-56.44110855000</SimpleData>
            <SimpleData name="Y">-24.32883810000</SimpleData>
            <SimpleData name="Shape_Leng">481.07650866100</SimpleData>
            <SimpleData name="Shape_Area">6984.25130704000</SimpleData>
          </SchemaData>
        </ExtendedData>
        <Polygon>
          <outerBoundaryIs>
            <LinearRing>
              <coordinates>
                -56.4404032992636,-24.3285950000612,0
                -56.4404366997842,-24.3287900001158,0
                -56.4408217991259,-24.3287835998227,0
                -56.4408435993096,-24.3290146997618,0
                -56.4403209994519,-24.3290494003535,0
                -56.4403413994347,-24.3291634996802,0
                -56.4416979997564,-24.3290896996645,0
                -56.4416687998144,-24.3285301000348,0
                -56.4404032992636,-24.3285950000612,0
              </coordinates>
            </LinearRing>
          </outerBoundaryIs>
        </Polygon>
      </Placemark>
      <Placemark id="Lote_I.25">
        <ExtendedData>
          <SchemaData schemaUrl="#Lote_I.schema">
            <SimpleData name="Cédula">5602915.00000000000</SimpleData>
            <SimpleData name="Nombres_y_">LIZ MARIELA BAREIRO MARTINEZ</SimpleData>
            <SimpleData name="Sexo">Mujer</SimpleData>
            <SimpleData name="Cambio_de_">NO</SimpleData>
            <SimpleData name="Titular_se">NO</SimpleData>
            <SimpleData name="ci_UNIF">5602915.00000000000</SimpleData>
            <SimpleData name="Situación">NO</SimpleData>
            <SimpleData name="Comunidad">Campesina</SimpleData>
            <SimpleData name="Modelo_imp">Modelo 3</SimpleData>
            <SimpleData name="Departamen">SAN PEDRO</SimpleData>
            <SimpleData name="Distrito">GUAYAIBI</SimpleData>
            <SimpleData name="Localidad">CALLE 2000</SimpleData>
            <SimpleData name="Teléfono">0984380343</SimpleData>
            <SimpleData name="Vivienda_L">-24.54654300000</SimpleData>
            <SimpleData name="Vivienda_1">-56.42063560000</SimpleData>
            <SimpleData name="Superficie">1.00000000000</SimpleData>
            <SimpleData name="Situaci_1">Par?metro</SimpleData>
            <SimpleData name="Plantado">SI</SimpleData>
            <SimpleData name="Plantado_f">2026/01/14</SimpleData>
            <SimpleData name="Jornales">0.00000000000</SimpleData>
            <SimpleData name="Monto">0.00000000000</SimpleData>
            <SimpleData name="Grupo_de_p">I-P1</SimpleData>
            <SimpleData name="Estado_del">Activo</SimpleData>
            <SimpleData name="Empresa">Emilio Sol?s Grance</SimpleData>
            <SimpleData name="Lote">I</SimpleData>
            <SimpleData name="Parametro">1.00000000000</SimpleData>
            <SimpleData name="Sup_Sig">1.16691712960</SimpleData>
            <SimpleData name="Situacion">Cumple</SimpleData>
            <SimpleData name="X">-56.42052937000</SimpleData>
            <SimpleData name="Y">-24.54174991000</SimpleData>
            <SimpleData name="Shape_Leng">461.33528166700</SimpleData>
            <SimpleData name="Shape_Area">11669.17129600000</SimpleData>
          </SchemaData>
        </ExtendedData>
        <Polygon>
          <outerBoundaryIs>
            <LinearRing>
              <coordinates>
                -56.4201326996642,-24.5410106996328,0
                -56.4201541995186,-24.542403099714,0
                -56.4210999001355,-24.5423467001086,0
                -56.4207033000214,-24.541009999922,0
                -56.4201326996642,-24.5410106996328,0
              </coordinates>
            </LinearRing>
          </outerBoundaryIs>
        </Polygon>
      </Placemark>
      <Placemark id="Lote_I.26">
        <ExtendedData>
          <SchemaData schemaUrl="#Lote_I.schema">
            <SimpleData name="Cédula">3577950.00000000000</SimpleData>
            <SimpleData name="Nombres_y_">LUCIA LOPEZ CACERES</SimpleData>
            <SimpleData name="Sexo">Mujer</SimpleData>
            <SimpleData name="Cambio_de_">NO</SimpleData>
            <SimpleData name="Titular_se">NO</SimpleData>
            <SimpleData name="ci_UNIF">3577950.00000000000</SimpleData>
            <SimpleData name="Situación">NO</SimpleData>
            <SimpleData name="Comunidad">Campesina</SimpleData>
            <SimpleData name="Modelo_imp">Modelo 1</SimpleData>
            <SimpleData name="Departamen">SAN PEDRO</SimpleData>
            <SimpleData name="Distrito">CRUCE LIBERACION</SimpleData>
            <SimpleData name="Localidad">BARRIO SAN JORGE OESTE</SimpleData>
            <SimpleData name="Teléfono">0973441714</SimpleData>
            <SimpleData name="Vivienda_L">-24.22859080000</SimpleData>
            <SimpleData name="Vivienda_1">-56.43992950000</SimpleData>
            <SimpleData name="Superficie">0.80000000000</SimpleData>
            <SimpleData name="Situaci_1">Par?metro</SimpleData>
            <SimpleData name="Plantado">SI</SimpleData>
            <SimpleData name="Plantado_f">2026/02/25</SimpleData>
            <SimpleData name="Jornales">0.00000000000</SimpleData>
            <SimpleData name="Monto">0.00000000000</SimpleData>
            <SimpleData name="Grupo_de_p">I-P1</SimpleData>
            <SimpleData name="Estado_del">Activo</SimpleData>
            <SimpleData name="Empresa">Emilio Sol?s Grance</SimpleData>
            <SimpleData name="Lote">I</SimpleData>
            <SimpleData name="Parametro">0.80000000000</SimpleData>
            <SimpleData name="Sup_Sig">0.91386231520</SimpleData>
            <SimpleData name="Situacion">Cumple</SimpleData>
            <SimpleData name="X">-56.44019945000</SimpleData>
            <SimpleData name="Y">-24.23307030000</SimpleData>
            <SimpleData name="Shape_Leng">476.50841183500</SimpleData>
            <SimpleData name="Shape_Area">9138.62315195000</SimpleData>
          </SchemaData>
        </ExtendedData>
        <Polygon>
          <outerBoundaryIs>
            <LinearRing>
              <coordinates>
                -56.4399340997974,-24.232221300019,0
                -56.4399917996889,-24.2339367000332,0
                -56.4404635994958,-24.2339224001047,0
                -56.4404080995945,-24.2322035996879,0
                -56.4399340997974,-24.232221300019,0
              </coordinates>
            </LinearRing>
          </outerBoundaryIs>
        </Polygon>
      </Placemark>
      <Placemark id="Lote_I.27">
        <ExtendedData>
          <SchemaData schemaUrl="#Lote_I.schema">
            <SimpleData name="Cédula">7203816.00000000000</SimpleData>
            <SimpleData name="Nombres_y_">FELICITA SANCHEZ</SimpleData>
            <SimpleData name="Sexo">Mujer</SimpleData>
            <SimpleData name="Cambio_de_">NO</SimpleData>
            <SimpleData name="Titular_se">NO</SimpleData>
            <SimpleData name="ci_UNIF">7203816.00000000000</SimpleData>
            <SimpleData name="Situación">NO</SimpleData>
            <SimpleData name="Comunidad">Campesina</SimpleData>
            <SimpleData name="Modelo_imp">Modelo 5</SimpleData>
            <SimpleData name="Departamen">SAN PEDRO</SimpleData>
            <SimpleData name="Distrito">GUAYAIBI</SimpleData>
            <SimpleData name="Localidad">ASENT. TORO PIRU 2</SimpleData>
            <SimpleData name="Teléfono">0983330286</SimpleData>
            <SimpleData name="Vivienda_L">-24.31737840000</SimpleData>
            <SimpleData name="Vivienda_1">-56.49054650000</SimpleData>
            <SimpleData name="Superficie">0.70000000000</SimpleData>
            <SimpleData name="Situaci_1">Par?metro</SimpleData>
            <SimpleData name="Plantado">SI</SimpleData>
            <SimpleData name="Plantado_f">2026/02/25</SimpleData>
            <SimpleData name="Jornales">0.00000000000</SimpleData>
            <SimpleData name="Monto">0.00000000000</SimpleData>
            <SimpleData name="Grupo_de_p">I-P1</SimpleData>
            <SimpleData name="Estado_del">Activo</SimpleData>
            <SimpleData name="Empresa">Emilio Sol?s Grance</SimpleData>
            <SimpleData name="Lote">I</SimpleData>
            <SimpleData name="Parametro">0.70000000000</SimpleData>
            <SimpleData name="Sup_Sig">0.81200044645</SimpleData>
            <SimpleData name="Situacion">Cumple</SimpleData>
            <SimpleData name="X">-56.48983381000</SimpleData>
            <SimpleData name="Y">-24.32358932000</SimpleData>
            <SimpleData name="Shape_Leng">386.24246546900</SimpleData>
            <SimpleData name="Shape_Area">8120.00446454000</SimpleData>
          </SchemaData>
        </ExtendedData>
        <Polygon>
          <outerBoundaryIs>
            <LinearRing>
              <coordinates>
                -56.489185499251,-24.3238666002843,0
                -56.490453199731,-24.3238748998143,0
                -56.4905029991373,-24.323311399687,0
                -56.489186799138,-24.3233112998745,0
                -56.489185499251,-24.3238666002843,0
              </coordinates>
            </LinearRing>
          </outerBoundaryIs>
        </Polygon>
      </Placemark>
      <Placemark id="Lote_I.28">
        <ExtendedData>
          <SchemaData schemaUrl="#Lote_I.schema">
            <SimpleData name="Cédula">3319087.00000000000</SimpleData>
            <SimpleData name="Nombres_y_">NANCY GRACIELA AGUIRRE</SimpleData>
            <SimpleData name="Sexo">Mujer</SimpleData>
            <SimpleData name="Cambio_de_">NO</SimpleData>
            <SimpleData name="Titular_se">NO</SimpleData>
            <SimpleData name="ci_UNIF">3319087.00000000000</SimpleData>
            <SimpleData name="Situación">NO</SimpleData>
            <SimpleData name="Comunidad">Campesina</SimpleData>
            <SimpleData name="Modelo_imp">Modelo 4</SimpleData>
            <SimpleData name="Departamen">SAN PEDRO</SimpleData>
            <SimpleData name="Distrito">GUAYAIBI</SimpleData>
            <SimpleData name="Localidad">SANTO DOMINGO 2</SimpleData>
            <SimpleData name="Teléfono">0987166017</SimpleData>
            <SimpleData name="Vivienda_L">-24.37911400000</SimpleData>
            <SimpleData name="Vivienda_1">-56.32512030000</SimpleData>
            <SimpleData name="Superficie">0.70000000000</SimpleData>
            <SimpleData name="Situaci_1">Par?metro</SimpleData>
            <SimpleData name="Plantado">SI</SimpleData>
            <SimpleData name="Plantado_f">2026/02/06</SimpleData>
            <SimpleData name="Jornales">0.00000000000</SimpleData>
            <SimpleData name="Monto">0.00000000000</SimpleData>
            <SimpleData name="Grupo_de_p">I-P1</SimpleData>
            <SimpleData name="Estado_del">Activo</SimpleData>
            <SimpleData name="Empresa">Emilio Sol?s Grance</SimpleData>
            <SimpleData name="Lote">I</SimpleData>
            <SimpleData name="Parametro">0.70000000000</SimpleData>
            <SimpleData name="Sup_Sig">0.72425241282</SimpleData>
            <SimpleData name="Situacion">Cumple</SimpleData>
            <SimpleData name="X">-56.32757354000</SimpleData>
            <SimpleData name="Y">-24.38397735000</SimpleData>
            <SimpleData name="Shape_Leng">343.24777309200</SimpleData>
            <SimpleData name="Shape_Area">7242.52412820000</SimpleData>
          </SchemaData>
        </ExtendedData>
        <Polygon>
          <outerBoundaryIs>
            <LinearRing>
              <coordinates>
                -56.3269706002647,-24.3839144003308,0
                -56.3273450000021,-24.3844767000407,0
                -56.3281483002798,-24.384091699913,0
                -56.3278221000856,-24.3834532001899,0
                -56.3269706002647,-24.3839144003308,0
              </coordinates>
            </LinearRing>
          </outerBoundaryIs>
        </Polygon>
      </Placemark>
      <Placemark id="Lote_I.29">
        <ExtendedData>
          <SchemaData schemaUrl="#Lote_I.schema">
            <SimpleData name="Cédula">5995628.00000000000</SimpleData>
            <SimpleData name="Nombres_y_">NILSA MARIBEL NOGUERA</SimpleData>
            <SimpleData name="Sexo">Mujer</SimpleData>
            <SimpleData name="Cambio_de_">NO</SimpleData>
            <SimpleData name="Titular_se">NO</SimpleData>
            <SimpleData name="ci_UNIF">5995628.00000000000</SimpleData>
            <SimpleData name="Situación">NO</SimpleData>
            <SimpleData name="Comunidad">Campesina</SimpleData>
            <SimpleData name="Modelo_imp">Modelo 5</SimpleData>
            <SimpleData name="Departamen">SAN PEDRO</SimpleData>
            <SimpleData name="Distrito">CRUCE LIBERACION</SimpleData>
            <SimpleData name="Localidad">CALLE SAN ANTONIO</SimpleData>
            <SimpleData name="Teléfono">0971496915</SimpleData>
            <SimpleData name="Vivienda_L">-24.25276950000</SimpleData>
            <SimpleData name="Vivienda_1">-56.44650910000</SimpleData>
            <SimpleData name="Superficie">0.70000000000</SimpleData>
            <SimpleData name="Situaci_1">Par?metro</SimpleData>
            <SimpleData name="Plantado">SI</SimpleData>
            <SimpleData name="Plantado_f">2026/02/17</SimpleData>
            <SimpleData name="Jornales">0.00000000000</SimpleData>
            <SimpleData name="Monto">0.00000000000</SimpleData>
            <SimpleData name="Grupo_de_p">I-P1</SimpleData>
            <SimpleData name="Estado_del">Activo</SimpleData>
            <SimpleData name="Empresa">Emilio Sol?s Grance</SimpleData>
            <SimpleData name="Lote">I</SimpleData>
            <SimpleData name="Parametro">0.70000000000</SimpleData>
            <SimpleData name="Sup_Sig">0.76516392881</SimpleData>
            <SimpleData name="Situacion">Cumple</SimpleData>
            <SimpleData name="X">-56.44380979000</SimpleData>
            <SimpleData name="Y">-24.25285094000</SimpleData>
            <SimpleData name="Shape_Leng">350.50888755400</SimpleData>
            <SimpleData name="Shape_Area">7651.63928806000</SimpleData>
          </SchemaData>
        </ExtendedData>
        <Polygon>
          <outerBoundaryIs>
            <LinearRing>
              <coordinates>
                -56.4433432997417,-24.2532250002496,0
                -56.4441872004116,-24.2532947009747,0
                -56.4442458002059,-24.2524519001599,0
                -56.4434561995517,-24.2524122997531,0
                -56.4433432997417,-24.2532250002496,0
              </coordinates>
            </LinearRing>
          </outerBoundaryIs>
        </Polygon>
      </Placemark>
      <Placemark id="Lote_I.30">
        <ExtendedData>
          <SchemaData schemaUrl="#Lote_I.schema">
            <SimpleData name="Cédula">7018188.00000000000</SimpleData>
            <SimpleData name="Nombres_y_">OFELIA MABEL GARCETE MARTINEZ</SimpleData>
            <SimpleData name="Sexo">Mujer</SimpleData>
            <SimpleData name="Cambio_de_">NO</SimpleData>
            <SimpleData name="Titular_se">NO</SimpleData>
            <SimpleData name="ci_UNIF">7018188.00000000000</SimpleData>
            <SimpleData name="Situación">NO</SimpleData>
            <SimpleData name="Comunidad">Campesina</SimpleData>
            <SimpleData name="Modelo_imp">Modelo 5</SimpleData>
            <SimpleData name="Departamen">SAN PEDRO</SimpleData>
            <SimpleData name="Distrito">GUAYAIBI</SimpleData>
            <SimpleData name="Localidad">ASENT. TORO PIRU 2</SimpleData>
            <SimpleData name="Teléfono">0975330097</SimpleData>
            <SimpleData name="Vivienda_L">-24.31577250000</SimpleData>
            <SimpleData name="Vivienda_1">-56.52790510000</SimpleData>
            <SimpleData name="Superficie">0.70000000000</SimpleData>
            <SimpleData name="Situaci_1">Par?metro</SimpleData>
            <SimpleData name="Plantado">SI</SimpleData>
            <SimpleData name="Plantado_f">2026/02/25</SimpleData>
            <SimpleData name="Jornales">0.00000000000</SimpleData>
            <SimpleData name="Monto">0.00000000000</SimpleData>
            <SimpleData name="Grupo_de_p">I-P1</SimpleData>
            <SimpleData name="Estado_del">Activo</SimpleData>
            <SimpleData name="Empresa">Emilio Sol?s Grance</SimpleData>
            <SimpleData name="Lote">I</SimpleData>
            <SimpleData name="Parametro">0.70000000000</SimpleData>
            <SimpleData name="Sup_Sig">0.70048971517</SimpleData>
            <SimpleData name="Situacion">Cumple</SimpleData>
            <SimpleData name="X">-56.52799338000</SimpleData>
            <SimpleData name="Y">-24.31468932000</SimpleData>
            <SimpleData name="Shape_Leng">345.19769146000</SimpleData>
            <SimpleData name="Shape_Area">7004.89715172000</SimpleData>
          </SchemaData>
        </ExtendedData>
        <Polygon>
          <outerBoundaryIs>
            <LinearRing>
              <coordinates>
                -56.5278450993056,-24.3151139998956,0
                -56.5278582996268,-24.315208600248,0
                -56.5282785994642,-24.3151608002453,0
                -56.5283650995781,-24.3142352001379,0
                -56.5277049996639,-24.3142050001917,0
                -56.527614999958,-24.3150882998007,0
                -56.5278450993056,-24.3151139998956,0
              </coordinates>
            </LinearRing>
          </outerBoundaryIs>
        </Polygon>
      </Placemark>
      <Placemark id="Lote_I.31">
        <ExtendedData>
          <SchemaData schemaUrl="#Lote_I.schema">
            <SimpleData name="Cédula">3763160.00000000000</SimpleData>
            <SimpleData name="Nombres_y_">BERNARDO GALEANO</SimpleData>
            <SimpleData name="Sexo">Hombre</SimpleData>
            <SimpleData name="Cambio_de_">NO</SimpleData>
            <SimpleData name="Titular_se">NO</SimpleData>
            <SimpleData name="ci_UNIF">3763160.00000000000</SimpleData>
            <SimpleData name="Situación">NO</SimpleData>
            <SimpleData name="Comunidad">Ind?gena</SimpleData>
            <SimpleData name="Modelo_imp">Modelo 5</SimpleData>
            <SimpleData name="Departamen">SAN PEDRO</SimpleData>
            <SimpleData name="Distrito">CHORE</SimpleData>
            <SimpleData name="Localidad"><![CDATA[COM INDIG ?U APU'A]]></SimpleData>
            <SimpleData name="Teléfono">0983798640</SimpleData>
            <SimpleData name="Vivienda_L">-24.33516650000</SimpleData>
            <SimpleData name="Vivienda_1">-56.54472820000</SimpleData>
            <SimpleData name="Superficie">0.70000000000</SimpleData>
            <SimpleData name="Situaci_1">Par?metro</SimpleData>
            <SimpleData name="Plantado">SI</SimpleData>
            <SimpleData name="Plantado_f">2025/12/18</SimpleData>
            <SimpleData name="Jornales">0.00000000000</SimpleData>
            <SimpleData name="Monto">0.00000000000</SimpleData>
            <SimpleData name="Grupo_de_p">I-P1</SimpleData>
            <SimpleData name="Estado_del">Activo</SimpleData>
            <SimpleData name="Empresa">Emilio Sol?s Grance</SimpleData>
            <SimpleData name="Lote">I</SimpleData>
            <SimpleData name="Parametro">0.70000000000</SimpleData>
            <SimpleData name="Sup_Sig">0.74510186200</SimpleData>
            <SimpleData name="Situacion">Cumple</SimpleData>
            <SimpleData name="X">-56.54446528000</SimpleData>
            <SimpleData name="Y">-24.33485062000</SimpleData>
            <SimpleData name="Shape_Leng">418.62649175500</SimpleData>
            <SimpleData name="Shape_Area">7451.01861997000</SimpleData>
          </SchemaData>
        </ExtendedData>
        <Polygon>
          <outerBoundaryIs>
            <LinearRing>
              <coordinates>
                -56.5441314998369,-24.3344240999906,0
                -56.5441399997785,-24.3345800000588,0
                -56.5440848003392,-24.3345778002909,0
                -56.5441223004428,-24.3353559001098,0
                -56.5446461000218,-24.3354298998137,0
                -56.5446540002105,-24.3350180002495,0
                -56.5448182997961,-24.3350182998866,0
                -56.5447943004243,-24.3345343996023,0
                -56.5450831004718,-24.3345212999113,0
                -56.5450702996623,-24.3343850002343,0
                -56.5441314998369,-24.3344240999906,0
              </coordinates>
            </LinearRing>
          </outerBoundaryIs>
        </Polygon>
      </Placemark>
      <Placemark id="Lote_I.32">
        <ExtendedData>
          <SchemaData schemaUrl="#Lote_I.schema">
            <SimpleData name="Cédula">7608717.00000000000</SimpleData>
            <SimpleData name="Nombres_y_">RUHT NOEMI CABALLERO CUENCA</SimpleData>
            <SimpleData name="Sexo">Mujer</SimpleData>
            <SimpleData name="Cambio_de_">NO</SimpleData>
            <SimpleData name="Titular_se">NO</SimpleData>
            <SimpleData name="ci_UNIF">7608717.00000000000</SimpleData>
            <SimpleData name="Situación">NO</SimpleData>
            <SimpleData name="Comunidad">Campesina</SimpleData>
            <SimpleData name="Modelo_imp">Modelo 1</SimpleData>
            <SimpleData name="Departamen">SAN PEDRO</SimpleData>
            <SimpleData name="Distrito">GUAYAIBI</SimpleData>
            <SimpleData name="Localidad">CALLE 6000</SimpleData>
            <SimpleData name="Teléfono">0975772450</SimpleData>
            <SimpleData name="Vivienda_L">-24.58551260000</SimpleData>
            <SimpleData name="Vivienda_1">-56.42756560000</SimpleData>
            <SimpleData name="Superficie">0.80000000000</SimpleData>
            <SimpleData name="Situaci_1">Pol?gono</SimpleData>
            <SimpleData name="Plantado">SI</SimpleData>
            <SimpleData name="Plantado_f">2025/11/19</SimpleData>
            <SimpleData name="Jornales">0.00000000000</SimpleData>
            <SimpleData name="Monto">0.00000000000</SimpleData>
            <SimpleData name="Grupo_de_p">I-P1</SimpleData>
            <SimpleData name="Estado_del">Activo</SimpleData>
            <SimpleData name="Empresa">Emilio Sol?s Grance</SimpleData>
            <SimpleData name="Lote">I</SimpleData>
            <SimpleData name="Parametro">0.80000000000</SimpleData>
            <SimpleData name="Sup_Sig">0.83124236439</SimpleData>
            <SimpleData name="Situacion">Cumple</SimpleData>
            <SimpleData name="X">-56.45462848000</SimpleData>
            <SimpleData name="Y">-24.60140588000</SimpleData>
            <SimpleData name="Shape_Leng">792.20875017800</SimpleData>
            <SimpleData name="Shape_Area">8312.42364392000</SimpleData>
          </SchemaData>
        </ExtendedData>
        <Polygon>
          <outerBoundaryIs>
            <LinearRing>
              <coordinates>
                -56.4533551999972,-24.6000302005666,0
                -56.4555700000819,-24.6027317000152,0
                -56.4557481004478,-24.6026270002566,0
                -56.4553679996911,-24.6022201993609,0
                -56.4553006996616,-24.6020594000256,0
                -56.4552591998235,-24.601929000378,0
                -56.4549315004193,-24.6014672004279,0
                -56.4549010002598,-24.601450800218,0
                -56.4547715994806,-24.6012870997728,0
                -56.4546856000273,-24.6012286004576,0
                -56.4545849991931,-24.6011849001689,0
                -56.4544959000982,-24.6010942994849,0
                -56.4544314002578,-24.6010760997549,0
                -56.4541309999362,-24.6006313000096,0
                -56.454068900335,-24.6006206996426,0
                -56.4539173995306,-24.6004541005531,0
                -56.4534698994553,-24.5999534996335,0
                -56.4533551999972,-24.6000302005666,0
              </coordinates>
            </LinearRing>
          </outerBoundaryIs>
        </Polygon>
      </Placemark>
      <Placemark id="Lote_I.33">
        <ExtendedData>
          <SchemaData schemaUrl="#Lote_I.schema">
            <SimpleData name="Cédula">3375676.00000000000</SimpleData>
            <SimpleData name="Nombres_y_">FIDELINA OJEDA</SimpleData>
            <SimpleData name="Sexo">Mujer</SimpleData>
            <SimpleData name="Cambio_de_">NO</SimpleData>
            <SimpleData name="Titular_se">NO</SimpleData>
            <SimpleData name="ci_UNIF">3375676.00000000000</SimpleData>
            <SimpleData name="Situación">NO</SimpleData>
            <SimpleData name="Comunidad">Campesina</SimpleData>
            <SimpleData name="Modelo_imp">Modelo 1</SimpleData>
            <SimpleData name="Departamen">SAN PEDRO</SimpleData>
            <SimpleData name="Distrito">CHORE</SimpleData>
            <SimpleData name="Localidad">PUERTO LA NI?A</SimpleData>
            <SimpleData name="Teléfono">0975905560</SimpleData>
            <SimpleData name="Vivienda_L">-24.09397060000</SimpleData>
            <SimpleData name="Vivienda_1">-56.71719900000</SimpleData>
            <SimpleData name="Superficie">0.80000000000</SimpleData>
            <SimpleData name="Situaci_1">Par?metro</SimpleData>
            <SimpleData name="Plantado">SI</SimpleData>
            <SimpleData name="Plantado_f">2026/02/26</SimpleData>
            <SimpleData name="Jornales">0.00000000000</SimpleData>
            <SimpleData name="Monto">0.00000000000</SimpleData>
            <SimpleData name="Grupo_de_p">I-P1</SimpleData>
            <SimpleData name="Estado_del">Activo</SimpleData>
            <SimpleData name="Empresa">Emilio Sol?s Grance</SimpleData>
            <SimpleData name="Lote">I</SimpleData>
            <SimpleData name="Parametro">0.80000000000</SimpleData>
            <SimpleData name="Sup_Sig">1.05402043128</SimpleData>
            <SimpleData name="Situacion">Cumple</SimpleData>
            <SimpleData name="X">-56.71569230000</SimpleData>
            <SimpleData name="Y">-24.10196913000</SimpleData>
            <SimpleData name="Shape_Leng">521.42222490900</SimpleData>
            <SimpleData name="Shape_Area">10540.20431280000</SimpleData>
          </SchemaData>
        </ExtendedData>
        <Polygon>
          <outerBoundaryIs>
            <LinearRing>
              <coordinates>
                -56.7155221992276,-24.1009741003666,0
                -56.7153756999873,-24.1029192005174,0
                -56.7158808992279,-24.1029020997673,0
                -56.7160008996148,-24.1010567996441,0
                -56.7155221992276,-24.1009741003666,0
              </coordinates>
            </LinearRing>
          </outerBoundaryIs>
        </Polygon>
      </Placemark>
      <Placemark id="Lote_I.34">
        <ExtendedData>
          <SchemaData schemaUrl="#Lote_I.schema">
            <SimpleData name="Cédula">3900412.00000000000</SimpleData>
            <SimpleData name="Nombres_y_">MARCELINA MERELE ESPINOLA</SimpleData>
            <SimpleData name="Sexo">Mujer</SimpleData>
            <SimpleData name="Cambio_de_">NO</SimpleData>
            <SimpleData name="Titular_se">NO</SimpleData>
            <SimpleData name="ci_UNIF">3900412.00000000000</SimpleData>
            <SimpleData name="Situación">NO</SimpleData>
            <SimpleData name="Comunidad">Campesina</SimpleData>
            <SimpleData name="Modelo_imp">Modelo 4</SimpleData>
            <SimpleData name="Departamen">SAN PEDRO</SimpleData>
            <SimpleData name="Distrito">GUAYAIBI</SimpleData>
            <SimpleData name="Localidad">SAN ROQUE</SimpleData>
            <SimpleData name="Teléfono">0982729208</SimpleData>
            <SimpleData name="Vivienda_L">-24.37880100000</SimpleData>
            <SimpleData name="Vivienda_1">-56.32603140000</SimpleData>
            <SimpleData name="Superficie">0.70000000000</SimpleData>
            <SimpleData name="Situaci_1">Par?metro</SimpleData>
            <SimpleData name="Plantado">SI</SimpleData>
            <SimpleData name="Plantado_f">2026/02/06</SimpleData>
            <SimpleData name="Jornales">0.00000000000</SimpleData>
            <SimpleData name="Monto">0.00000000000</SimpleData>
            <SimpleData name="Grupo_de_p">I-P1</SimpleData>
            <SimpleData name="Estado_del">Activo</SimpleData>
            <SimpleData name="Empresa">Emilio Sol?s Grance</SimpleData>
            <SimpleData name="Lote">I</SimpleData>
            <SimpleData name="Parametro">0.70000000000</SimpleData>
            <SimpleData name="Sup_Sig">0.71166324635</SimpleData>
            <SimpleData name="Situacion">Cumple</SimpleData>
            <SimpleData name="X">-56.32870810000</SimpleData>
            <SimpleData name="Y">-24.38411764000</SimpleData>
            <SimpleData name="Shape_Leng">343.80418876400</SimpleData>
            <SimpleData name="Shape_Area">7116.63246348000</SimpleData>
          </SchemaData>
        </ExtendedData>
        <Polygon>
          <outerBoundaryIs>
            <LinearRing>
              <coordinates>
                -56.3281249993494,-24.3840150002065,0
                -56.3283858996078,-24.3846112001916,0
                -56.3293082996286,-24.3841950006874,0
                -56.3290208995614,-24.3836366005706,0
                -56.3281249993494,-24.3840150002065,0
              </coordinates>
            </LinearRing>
          </outerBoundaryIs>
        </Polygon>
      </Placemark>
      <Placemark id="Lote_I.35">
        <ExtendedData>
          <SchemaData schemaUrl="#Lote_I.schema">
            <SimpleData name="Cédula">2433676.00000000000</SimpleData>
            <SimpleData name="Nombres_y_">EMILIO ORTIZ ZOILAN</SimpleData>
            <SimpleData name="Sexo">Hombre</SimpleData>
            <SimpleData name="Cambio_de_">NO</SimpleData>
            <SimpleData name="Titular_se">NO</SimpleData>
            <SimpleData name="ci_UNIF">2433676.00000000000</SimpleData>
            <SimpleData name="Situación">NO</SimpleData>
            <SimpleData name="Comunidad">Campesina</SimpleData>
            <SimpleData name="Modelo_imp">Modelo 5</SimpleData>
            <SimpleData name="Departamen">SAN PEDRO</SimpleData>
            <SimpleData name="Distrito">GUAYAIBI</SimpleData>
            <SimpleData name="Localidad">ASENT. TORO PIRU 2</SimpleData>
            <SimpleData name="Teléfono">0975937723</SimpleData>
            <SimpleData name="Vivienda_L">-24.31872980000</SimpleData>
            <SimpleData name="Vivienda_1">-56.43728810000</SimpleData>
            <SimpleData name="Superficie">0.70000000000</SimpleData>
            <SimpleData name="Situaci_1">Par?metro</SimpleData>
            <SimpleData name="Plantado">SI</SimpleData>
            <SimpleData name="Plantado_f">2026/02/25</SimpleData>
            <SimpleData name="Jornales">0.00000000000</SimpleData>
            <SimpleData name="Monto">0.00000000000</SimpleData>
            <SimpleData name="Grupo_de_p">I-P1</SimpleData>
            <SimpleData name="Estado_del">Activo</SimpleData>
            <SimpleData name="Empresa">Emilio Sol?s Grance</SimpleData>
            <SimpleData name="Lote">I</SimpleData>
            <SimpleData name="Parametro">0.70000000000</SimpleData>
            <SimpleData name="Sup_Sig">0.90249341091</SimpleData>
            <SimpleData name="Situacion">Cumple</SimpleData>
            <SimpleData name="X">-56.43758288000</SimpleData>
            <SimpleData name="Y">-24.31607076000</SimpleData>
            <SimpleData name="Shape_Leng">386.34728791300</SimpleData>
            <SimpleData name="Shape_Area">9024.93410905000</SimpleData>
          </SchemaData>
        </ExtendedData>
        <Polygon>
          <outerBoundaryIs>
            <LinearRing>
              <coordinates>
                -56.4371482994279,-24.3165300000766,0
                -56.4379263992792,-24.3166339003349,0
                -56.4380105990752,-24.3155815002555,0
                -56.4372320991463,-24.315534399816,0
                -56.4371482994279,-24.3165300000766,0
              </coordinates>
            </LinearRing>
          </outerBoundaryIs>
        </Polygon>
      </Placemark>
      <Placemark id="Lote_I.36">
        <ExtendedData>
          <SchemaData schemaUrl="#Lote_I.schema">
            <SimpleData name="Cédula">3959135.00000000000</SimpleData>
            <SimpleData name="Nombres_y_">SALVADORA AGUAYO SOSA</SimpleData>
            <SimpleData name="Sexo">Mujer</SimpleData>
            <SimpleData name="Cambio_de_">NO</SimpleData>
            <SimpleData name="Titular_se">NO</SimpleData>
            <SimpleData name="ci_UNIF">3959135.00000000000</SimpleData>
            <SimpleData name="Situación">NO</SimpleData>
            <SimpleData name="Comunidad">Campesina</SimpleData>
            <SimpleData name="Modelo_imp">Modelo 3</SimpleData>
            <SimpleData name="Departamen">SAN PEDRO</SimpleData>
            <SimpleData name="Distrito">CRUCE LIBERACION</SimpleData>
            <SimpleData name="Localidad">BARRIO SAN JOSE</SimpleData>
            <SimpleData name="Teléfono">0975828480</SimpleData>
            <SimpleData name="Vivienda_L">-24.30088910000</SimpleData>
            <SimpleData name="Vivienda_1">-56.48980150000</SimpleData>
            <SimpleData name="Superficie">1.00000000000</SimpleData>
            <SimpleData name="Situaci_1">Par?metro</SimpleData>
            <SimpleData name="Plantado">SI</SimpleData>
            <SimpleData name="Plantado_f">2026/02/13</SimpleData>
            <SimpleData name="Jornales">0.00000000000</SimpleData>
            <SimpleData name="Monto">0.00000000000</SimpleData>
            <SimpleData name="Grupo_de_p">I-P1</SimpleData>
            <SimpleData name="Estado_del">Activo</SimpleData>
            <SimpleData name="Empresa">Emilio Sol?s Grance</SimpleData>
            <SimpleData name="Lote">I</SimpleData>
            <SimpleData name="Parametro">1.00000000000</SimpleData>
            <SimpleData name="Sup_Sig">1.00372987719</SimpleData>
            <SimpleData name="Situacion">Cumple</SimpleData>
            <SimpleData name="X">-56.48322698000</SimpleData>
            <SimpleData name="Y">-24.29023696000</SimpleData>
            <SimpleData name="Shape_Leng">402.23575487300</SimpleData>
            <SimpleData name="Shape_Area">10037.29877190000</SimpleData>
          </SchemaData>
        </ExtendedData>
        <Polygon>
          <outerBoundaryIs>
            <LinearRing>
              <coordinates>
                -56.4826629998075,-24.2906562007858,0
                -56.4837570998424,-24.2906855997804,0
                -56.4837117001248,-24.2898383000204,0
                -56.4828213997416,-24.2897118010985,0
                -56.4826629998075,-24.2906562007858,0
              </coordinates>
            </LinearRing>
          </outerBoundaryIs>
        </Polygon>
      </Placemark>
      <Placemark id="Lote_I.37">
        <ExtendedData>
          <SchemaData schemaUrl="#Lote_I.schema">
            <SimpleData name="Cédula">5319484.00000000000</SimpleData>
            <SimpleData name="Nombres_y_">PABLINA BOGARIN PEREIRA</SimpleData>
            <SimpleData name="Sexo">Mujer</SimpleData>
            <SimpleData name="Cambio_de_">NO</SimpleData>
            <SimpleData name="Titular_se">NO</SimpleData>
            <SimpleData name="ci_UNIF">5319484.00000000000</SimpleData>
            <SimpleData name="Situación">NO</SimpleData>
            <SimpleData name="Comunidad">Campesina</SimpleData>
            <SimpleData name="Modelo_imp">Modelo 5</SimpleData>
            <SimpleData name="Departamen">SAN PEDRO</SimpleData>
            <SimpleData name="Distrito">CRUCE LIBERACION</SimpleData>
            <SimpleData name="Localidad">BARRIO SANTA LUCIA</SimpleData>
            <SimpleData name="Teléfono">0975943293</SimpleData>
            <SimpleData name="Vivienda_L">-24.17829600000</SimpleData>
            <SimpleData name="Vivienda_1">-56.47955810000</SimpleData>
            <SimpleData name="Superficie">0.70000000000</SimpleData>
            <SimpleData name="Situaci_1">Par?metro</SimpleData>
            <SimpleData name="Plantado">SI</SimpleData>
            <SimpleData name="Plantado_f">2026/02/24</SimpleData>
            <SimpleData name="Jornales">0.00000000000</SimpleData>
            <SimpleData name="Monto">0.00000000000</SimpleData>
            <SimpleData name="Grupo_de_p">I-P1</SimpleData>
            <SimpleData name="Estado_del">Activo</SimpleData>
            <SimpleData name="Empresa">Emilio Sol?s Grance</SimpleData>
            <SimpleData name="Lote">I</SimpleData>
            <SimpleData name="Parametro">0.70000000000</SimpleData>
            <SimpleData name="Sup_Sig">0.79104423227</SimpleData>
            <SimpleData name="Situacion">Cumple</SimpleData>
            <SimpleData name="X">-56.47984597000</SimpleData>
            <SimpleData name="Y">-24.17925580000</SimpleData>
            <SimpleData name="Shape_Leng">480.00489948300</SimpleData>
            <SimpleData name="Shape_Area">7910.44232274000</SimpleData>
          </SchemaData>
        </ExtendedData>
        <MultiGeometry>
          <Polygon>
            <outerBoundaryIs>
              <LinearRing>
                <coordinates>
                  -56.4803119996685,-24.1796961004943,0
                  -56.480402199716,-24.1789714998416,0
                  -56.4796511995129,-24.1788628004082,0
                  -56.4795132997054,-24.179576600066,0
                  -56.4803119996685,-24.1796961004943,0
                </coordinates>
              </LinearRing>
            </outerBoundaryIs>
          </Polygon>
          <Polygon>
            <outerBoundaryIs>
              <LinearRing>
                <coordinates>
                  -56.4795517998292,-24.1793102004627,0
                  -56.4795695998584,-24.179042699656,0
                  -56.4790897995464,-24.1789840000015,0
                  -56.4790636999687,-24.1792617000264,0
                  -56.4795517998292,-24.1793102004627,0
                </coordinates>
              </LinearRing>
            </outerBoundaryIs>
          </Polygon>
        </MultiGeometry>
      </Placemark>
      <Placemark id="Lote_I.38">
        <ExtendedData>
          <SchemaData schemaUrl="#Lote_I.schema">
            <SimpleData name="Cédula">6106044.00000000000</SimpleData>
            <SimpleData name="Nombres_y_">TOMASA ALEGRE MARTINEZ</SimpleData>
            <SimpleData name="Sexo">Mujer</SimpleData>
            <SimpleData name="Cambio_de_">NO</SimpleData>
            <SimpleData name="Titular_se">NO</SimpleData>
            <SimpleData name="ci_UNIF">6106044.00000000000</SimpleData>
            <SimpleData name="Situación">NO</SimpleData>
            <SimpleData name="Comunidad">Campesina</SimpleData>
            <SimpleData name="Modelo_imp">Modelo 5</SimpleData>
            <SimpleData name="Departamen">SAN PEDRO</SimpleData>
            <SimpleData name="Distrito">CRUCE LIBERACION</SimpleData>
            <SimpleData name="Localidad">COLONIA FELICIDAD</SimpleData>
            <SimpleData name="Teléfono">0986449338</SimpleData>
            <SimpleData name="Vivienda_L">-24.17070300000</SimpleData>
            <SimpleData name="Vivienda_1">-56.36778690000</SimpleData>
            <SimpleData name="Superficie">0.70000000000</SimpleData>
            <SimpleData name="Situaci_1">Par?metro</SimpleData>
            <SimpleData name="Plantado">SI</SimpleData>
            <SimpleData name="Plantado_f">2026/01/27</SimpleData>
            <SimpleData name="Jornales">0.00000000000</SimpleData>
            <SimpleData name="Monto">0.00000000000</SimpleData>
            <SimpleData name="Grupo_de_p">I-P1</SimpleData>
            <SimpleData name="Estado_del">Activo</SimpleData>
            <SimpleData name="Empresa">Emilio Sol?s Grance</SimpleData>
            <SimpleData name="Lote">I</SimpleData>
            <SimpleData name="Parametro">0.70000000000</SimpleData>
            <SimpleData name="Sup_Sig">0.73868890128</SimpleData>
            <SimpleData name="Situacion">Cumple</SimpleData>
            <SimpleData name="X">-56.36767486000</SimpleData>
            <SimpleData name="Y">-24.17162452000</SimpleData>
            <SimpleData name="Shape_Leng">365.56866610800</SimpleData>
            <SimpleData name="Shape_Area">7386.88901276000</SimpleData>
          </SchemaData>
        </ExtendedData>
        <Polygon>
          <outerBoundaryIs>
            <LinearRing>
              <coordinates>
                -56.3672635993222,-24.1720638002256,0
                -56.3679373998508,-24.1721378996267,0
                -56.3680758993222,-24.1710915999159,0
                -56.3677182000399,-24.1710822002095,0
                -56.3676820005461,-24.1712390006177,0
                -56.36734280001,-24.1712416997412,0
                -56.3672635993222,-24.1720638002256,0
              </coordinates>
            </LinearRing>
          </outerBoundaryIs>
        </Polygon>
      </Placemark>
      <Placemark id="Lote_I.39">
        <ExtendedData>
          <SchemaData schemaUrl="#Lote_I.schema">
            <SimpleData name="Cédula">7827958.00000000000</SimpleData>
            <SimpleData name="Nombres_y_">SARA TELLES CABALLERO</SimpleData>
            <SimpleData name="Sexo">Mujer</SimpleData>
            <SimpleData name="Cambio_de_">NO</SimpleData>
            <SimpleData name="Titular_se">NO</SimpleData>
            <SimpleData name="ci_UNIF">7827958.00000000000</SimpleData>
            <SimpleData name="Situación">NO</SimpleData>
            <SimpleData name="Comunidad">Campesina</SimpleData>
            <SimpleData name="Modelo_imp">Modelo 1</SimpleData>
            <SimpleData name="Departamen">SAN PEDRO</SimpleData>
            <SimpleData name="Distrito">CRUCE LIBERACION</SimpleData>
            <SimpleData name="Localidad">MARIA AUXILIADORA (COL NAVIDAD)</SimpleData>
            <SimpleData name="Teléfono">0983243290</SimpleData>
            <SimpleData name="Vivienda_L">-24.30361770000</SimpleData>
            <SimpleData name="Vivienda_1">-56.44125280000</SimpleData>
            <SimpleData name="Superficie">0.80000000000</SimpleData>
            <SimpleData name="Situaci_1">Par?metro</SimpleData>
            <SimpleData name="Plantado">SI</SimpleData>
            <SimpleData name="Plantado_f">2026/02/24</SimpleData>
            <SimpleData name="Jornales">0.00000000000</SimpleData>
            <SimpleData name="Monto">0.00000000000</SimpleData>
            <SimpleData name="Grupo_de_p">I-P1</SimpleData>
            <SimpleData name="Estado_del">Activo</SimpleData>
            <SimpleData name="Empresa">Emilio Sol?s Grance</SimpleData>
            <SimpleData name="Lote">I</SimpleData>
            <SimpleData name="Parametro">0.80000000000</SimpleData>
            <SimpleData name="Sup_Sig">1.00814133818</SimpleData>
            <SimpleData name="Situacion">Cumple</SimpleData>
            <SimpleData name="X">-56.44143711000</SimpleData>
            <SimpleData name="Y">-24.30593995000</SimpleData>
            <SimpleData name="Shape_Leng">409.33458451500</SimpleData>
            <SimpleData name="Shape_Area">10081.41338180000</SimpleData>
          </SchemaData>
        </ExtendedData>
        <Polygon>
          <outerBoundaryIs>
            <LinearRing>
              <coordinates>
                -56.4410113992077,-24.3054001002943,0
                -56.4410513000057,-24.3065113005298,0
                -56.4418427993131,-24.3064803002348,0
                -56.4418482995919,-24.3053883002319,0
                -56.4410113992077,-24.3054001002943,0
              </coordinates>
            </LinearRing>
          </outerBoundaryIs>
        </Polygon>
      </Placemark>
      <Placemark id="Lote_I.40">
        <ExtendedData>
          <SchemaData schemaUrl="#Lote_I.schema">
            <SimpleData name="Cédula">7198981.00000000000</SimpleData>
            <SimpleData name="Nombres_y_">MAGDALENA GIMENEZ PE?A</SimpleData>
            <SimpleData name="Sexo">Mujer</SimpleData>
            <SimpleData name="Cambio_de_">NO</SimpleData>
            <SimpleData name="Titular_se">NO</SimpleData>
            <SimpleData name="ci_UNIF">7198981.00000000000</SimpleData>
            <SimpleData name="Situación">NO</SimpleData>
            <SimpleData name="Comunidad">Campesina</SimpleData>
            <SimpleData name="Modelo_imp">Modelo 5</SimpleData>
            <SimpleData name="Departamen">SAN PEDRO</SimpleData>
            <SimpleData name="Distrito">GUAYAIBI</SimpleData>
            <SimpleData name="Localidad">ASENT. TORO PIRU 1</SimpleData>
            <SimpleData name="Teléfono">0981068862</SimpleData>
            <SimpleData name="Vivienda_L">-24.29979020000</SimpleData>
            <SimpleData name="Vivienda_1">-56.44385750000</SimpleData>
            <SimpleData name="Superficie">0.70000000000</SimpleData>
            <SimpleData name="Situaci_1">Par?metro</SimpleData>
            <SimpleData name="Plantado">SI</SimpleData>
            <SimpleData name="Plantado_f">2026/02/25</SimpleData>
            <SimpleData name="Jornales">0.00000000000</SimpleData>
            <SimpleData name="Monto">0.00000000000</SimpleData>
            <SimpleData name="Grupo_de_p">I-P1</SimpleData>
            <SimpleData name="Estado_del">Activo</SimpleData>
            <SimpleData name="Empresa">Emilio Sol?s Grance</SimpleData>
            <SimpleData name="Lote">I</SimpleData>
            <SimpleData name="Parametro">0.70000000000</SimpleData>
            <SimpleData name="Sup_Sig">0.70540553077</SimpleData>
            <SimpleData name="Situacion">Cumple</SimpleData>
            <SimpleData name="X">-56.44475225000</SimpleData>
            <SimpleData name="Y">-24.29938680000</SimpleData>
            <SimpleData name="Shape_Leng">477.61925033000</SimpleData>
            <SimpleData name="Shape_Area">7054.05530772000</SimpleData>
          </SchemaData>
        </ExtendedData>
        <MultiGeometry>
          <Polygon>
            <outerBoundaryIs>
              <LinearRing>
                <coordinates>
                  -56.4456017992645,-24.2996028003103,0
                  -56.4456208999573,-24.2991493997778,0
                  -56.4454012990981,-24.2991562001769,0
                  -56.4453482994344,-24.2995833004679,0
                  -56.4456017992645,-24.2996028003103,0
                </coordinates>
              </LinearRing>
            </outerBoundaryIs>
          </Polygon>
          <Polygon>
            <outerBoundaryIs>
              <LinearRing>
                <coordinates>
                  -56.4439791995523,-24.2996057002891,0
                  -56.4451832998351,-24.2996082999684,0
                  -56.4452093996326,-24.2991829999621,0
                  -56.4442700993717,-24.2991355997625,0
                  -56.4439921995604,-24.2993119004051,0
                  -56.4439791995523,-24.2996057002891,0
                </coordinates>
              </LinearRing>
            </outerBoundaryIs>
          </Polygon>
        </MultiGeometry>
      </Placemark>
      <Placemark id="Lote_I.41">
        <ExtendedData>
          <SchemaData schemaUrl="#Lote_I.schema">
            <SimpleData name="Cédula">1940533.00000000000</SimpleData>
            <SimpleData name="Nombres_y_">VIDALINA RECALDE DE BERNAL</SimpleData>
            <SimpleData name="Sexo">Mujer</SimpleData>
            <SimpleData name="Cambio_de_">NO</SimpleData>
            <SimpleData name="Titular_se">NO</SimpleData>
            <SimpleData name="ci_UNIF">1940533.00000000000</SimpleData>
            <SimpleData name="Situación">NO</SimpleData>
            <SimpleData name="Comunidad">Campesina</SimpleData>
            <SimpleData name="Modelo_imp">Modelo 5</SimpleData>
            <SimpleData name="Departamen">SAN PEDRO</SimpleData>
            <SimpleData name="Distrito">GUAYAIBI</SimpleData>
            <SimpleData name="Localidad">4000 TACUAPI</SimpleData>
            <SimpleData name="Teléfono">0976444967</SimpleData>
            <SimpleData name="Vivienda_L">-24.57117010000</SimpleData>
            <SimpleData name="Vivienda_1">-56.46106990000</SimpleData>
            <SimpleData name="Superficie">0.70000000000</SimpleData>
            <SimpleData name="Situaci_1">Pol?gono</SimpleData>
            <SimpleData name="Plantado">SI</SimpleData>
            <SimpleData name="Plantado_f">2025/11/19</SimpleData>
            <SimpleData name="Jornales">0.00000000000</SimpleData>
            <SimpleData name="Monto">0.00000000000</SimpleData>
            <SimpleData name="Grupo_de_p">I-P1</SimpleData>
            <SimpleData name="Estado_del">Activo</SimpleData>
            <SimpleData name="Empresa">Emilio Sol?s Grance</SimpleData>
            <SimpleData name="Lote">I</SimpleData>
            <SimpleData name="Parametro">0.70000000000</SimpleData>
            <SimpleData name="Sup_Sig">0.69720363469</SimpleData>
            <SimpleData name="Situacion">Cumple</SimpleData>
            <SimpleData name="X">-56.46152276000</SimpleData>
            <SimpleData name="Y">-24.57462708000</SimpleData>
            <SimpleData name="Shape_Leng">336.41273725600</SimpleData>
            <SimpleData name="Shape_Area">6972.03634692000</SimpleData>
          </SchemaData>
        </ExtendedData>
        <Polygon>
          <outerBoundaryIs>
            <LinearRing>
              <coordinates>
                -56.4610642005304,-24.5742959005033,0
                -56.4610766995665,-24.5750067001121,0
                -56.4619981005014,-24.5749206997208,0
                -56.4619852000245,-24.5742827996819,0
                -56.4610642005304,-24.5742959005033,0
              </coordinates>
            </LinearRing>
          </outerBoundaryIs>
        </Polygon>
      </Placemark>
      <Placemark id="Lote_I.42">
        <ExtendedData>
          <SchemaData schemaUrl="#Lote_I.schema">
            <SimpleData name="Cédula">3588225.00000000000</SimpleData>
            <SimpleData name="Nombres_y_">BLANCA LIDIA CABRAL FIGUEREDO</SimpleData>
            <SimpleData name="Sexo">Mujer</SimpleData>
            <SimpleData name="Cambio_de_">NO</SimpleData>
            <SimpleData name="Titular_se">NO</SimpleData>
            <SimpleData name="ci_UNIF">3588225.00000000000</SimpleData>
            <SimpleData name="Situación">NO</SimpleData>
            <SimpleData name="Comunidad">Campesina</SimpleData>
            <SimpleData name="Modelo_imp">Modelo 1</SimpleData>
            <SimpleData name="Departamen">SAN PEDRO</SimpleData>
            <SimpleData name="Distrito">GUAYAIBI</SimpleData>
            <SimpleData name="Localidad">ASENT. TORO PIRU 2</SimpleData>
            <SimpleData name="Teléfono">0971380029</SimpleData>
            <SimpleData name="Vivienda_L">-24.31842620000</SimpleData>
            <SimpleData name="Vivienda_1">-56.44226020000</SimpleData>
            <SimpleData name="Superficie">0.80000000000</SimpleData>
            <SimpleData name="Situaci_1">Par?metro</SimpleData>
            <SimpleData name="Plantado">SI</SimpleData>
            <SimpleData name="Plantado_f">2026/02/26</SimpleData>
            <SimpleData name="Jornales">0.00000000000</SimpleData>
            <SimpleData name="Monto">0.00000000000</SimpleData>
            <SimpleData name="Grupo_de_p">I-P1</SimpleData>
            <SimpleData name="Estado_del">Activo</SimpleData>
            <SimpleData name="Empresa">Emilio Sol?s Grance</SimpleData>
            <SimpleData name="Lote">I</SimpleData>
            <SimpleData name="Parametro">0.80000000000</SimpleData>
            <SimpleData name="Sup_Sig">0.88287948213</SimpleData>
            <SimpleData name="Situacion">Cumple</SimpleData>
            <SimpleData name="X">-56.44277567000</SimpleData>
            <SimpleData name="Y">-24.31411519000</SimpleData>
            <SimpleData name="Shape_Leng">376.50025847200</SimpleData>
            <SimpleData name="Shape_Area">8828.79482127000</SimpleData>
          </SchemaData>
        </ExtendedData>
        <Polygon>
          <outerBoundaryIs>
            <LinearRing>
              <coordinates>
                -56.4423430996236,-24.3136833002282,0
                -56.4422670992554,-24.3145386002129,0
                -56.4432366996452,-24.3145117002678,0
                -56.4432806995307,-24.3137193999492,0
                -56.4423430996236,-24.3136833002282,0
              </coordinates>
            </LinearRing>
          </outerBoundaryIs>
        </Polygon>
      </Placemark>
      <Placemark id="Lote_I.43">
        <ExtendedData>
          <SchemaData schemaUrl="#Lote_I.schema">
            <SimpleData name="Cédula">4383464.00000000000</SimpleData>
            <SimpleData name="Nombres_y_">PERLA ROJAS CARDOZO</SimpleData>
            <SimpleData name="Sexo">Mujer</SimpleData>
            <SimpleData name="Cambio_de_">NO</SimpleData>
            <SimpleData name="Titular_se">NO</SimpleData>
            <SimpleData name="ci_UNIF">4383464.00000000000</SimpleData>
            <SimpleData name="Situación">NO</SimpleData>
            <SimpleData name="Comunidad">Campesina</SimpleData>
            <SimpleData name="Modelo_imp">Modelo 1</SimpleData>
            <SimpleData name="Departamen">SAN PEDRO</SimpleData>
            <SimpleData name="Distrito">CRUCE LIBERACION</SimpleData>
            <SimpleData name="Localidad">SAN JORGE</SimpleData>
            <SimpleData name="Teléfono">0972261538</SimpleData>
            <SimpleData name="Vivienda_L">-24.15477530000</SimpleData>
            <SimpleData name="Vivienda_1">-56.44209110000</SimpleData>
            <SimpleData name="Superficie">0.80000000000</SimpleData>
            <SimpleData name="Situaci_1">Par?metro</SimpleData>
            <SimpleData name="Plantado">SI</SimpleData>
            <SimpleData name="Plantado_f">2026/02/11</SimpleData>
            <SimpleData name="Jornales">0.00000000000</SimpleData>
            <SimpleData name="Monto">0.00000000000</SimpleData>
            <SimpleData name="Grupo_de_p">I-P1</SimpleData>
            <SimpleData name="Estado_del">Activo</SimpleData>
            <SimpleData name="Empresa">Emilio Sol?s Grance</SimpleData>
            <SimpleData name="Lote">I</SimpleData>
            <SimpleData name="Parametro">0.80000000000</SimpleData>
            <SimpleData name="Sup_Sig">0.84146265791</SimpleData>
            <SimpleData name="Situacion">Cumple</SimpleData>
            <SimpleData name="X">-56.44516206000</SimpleData>
            <SimpleData name="Y">-24.15547880000</SimpleData>
            <SimpleData name="Shape_Leng">455.52258046600</SimpleData>
            <SimpleData name="Shape_Area">8414.62657912000</SimpleData>
          </SchemaData>
        </ExtendedData>
        <Polygon>
          <outerBoundaryIs>
            <LinearRing>
              <coordinates>
                -56.4442673001485,-24.1555773002754,0
                -56.446012500506,-24.1557998004266,0
                -56.446069500348,-24.1553767996706,0
                -56.4442797001145,-24.1551624001293,0
                -56.4442673001485,-24.1555773002754,0
              </coordinates>
            </LinearRing>
          </outerBoundaryIs>
        </Polygon>
      </Placemark>
      <Placemark id="Lote_I.44">
        <ExtendedData>
          <SchemaData schemaUrl="#Lote_I.schema">
            <SimpleData name="Cédula">5565699.00000000000</SimpleData>
            <SimpleData name="Nombres_y_">LIMPIA CONCEPCION CABRERA CERDAN</SimpleData>
            <SimpleData name="Sexo">Mujer</SimpleData>
            <SimpleData name="Cambio_de_">NO</SimpleData>
            <SimpleData name="Titular_se">NO</SimpleData>
            <SimpleData name="ci_UNIF">5565699.00000000000</SimpleData>
            <SimpleData name="Situación">NO</SimpleData>
            <SimpleData name="Comunidad">Campesina</SimpleData>
            <SimpleData name="Modelo_imp">Modelo 3</SimpleData>
            <SimpleData name="Departamen">SAN PEDRO</SimpleData>
            <SimpleData name="Distrito">CRUCE LIBERACION</SimpleData>
            <SimpleData name="Localidad">COLONIA FELICIDAD</SimpleData>
            <SimpleData name="Teléfono">0983508335</SimpleData>
            <SimpleData name="Vivienda_L">-24.17096400000</SimpleData>
            <SimpleData name="Vivienda_1">-56.36930450000</SimpleData>
            <SimpleData name="Superficie">1.00000000000</SimpleData>
            <SimpleData name="Situaci_1">Par?metro</SimpleData>
            <SimpleData name="Plantado">SI</SimpleData>
            <SimpleData name="Plantado_f">2026/01/28</SimpleData>
            <SimpleData name="Jornales">0.00000000000</SimpleData>
            <SimpleData name="Monto">0.00000000000</SimpleData>
            <SimpleData name="Grupo_de_p">I-P1</SimpleData>
            <SimpleData name="Estado_del">Activo</SimpleData>
            <SimpleData name="Empresa">Emilio Sol?s Grance</SimpleData>
            <SimpleData name="Lote">I</SimpleData>
            <SimpleData name="Parametro">1.00000000000</SimpleData>
            <SimpleData name="Sup_Sig">1.13675636261</SimpleData>
            <SimpleData name="Situacion">Cumple</SimpleData>
            <SimpleData name="X">-56.36948498000</SimpleData>
            <SimpleData name="Y">-24.16851701000</SimpleData>
            <SimpleData name="Shape_Leng">445.18677230700</SimpleData>
            <SimpleData name="Shape_Area">11367.56362610000</SimpleData>
          </SchemaData>
        </ExtendedData>
        <Polygon>
          <outerBoundaryIs>
            <LinearRing>
              <coordinates>
                -56.3690620999065,-24.1691615995298,0
                -56.36982169975,-24.1691750007868,0
                -56.3699328006196,-24.1679071998551,0
                -56.3691299997798,-24.1678499991792,0
                -56.3690620999065,-24.1691615995298,0
              </coordinates>
            </LinearRing>
          </outerBoundaryIs>
        </Polygon>
      </Placemark>
      <Placemark id="Lote_I.45">
        <ExtendedData>
          <SchemaData schemaUrl="#Lote_I.schema">
            <SimpleData name="Cédula">5864871.00000000000</SimpleData>
            <SimpleData name="Nombres_y_">BERNARDINA AGUILERA DIAZ</SimpleData>
            <SimpleData name="Sexo">Mujer</SimpleData>
            <SimpleData name="Cambio_de_">NO</SimpleData>
            <SimpleData name="Titular_se">NO</SimpleData>
            <SimpleData name="ci_UNIF">5864871.00000000000</SimpleData>
            <SimpleData name="Situación">NO</SimpleData>
            <SimpleData name="Comunidad">Campesina</SimpleData>
            <SimpleData name="Modelo_imp">Modelo 5</SimpleData>
            <SimpleData name="Departamen">SAN PEDRO</SimpleData>
            <SimpleData name="Distrito">GUAYAIBI</SimpleData>
            <SimpleData name="Localidad">ASENT. TORO PIRU 2</SimpleData>
            <SimpleData name="Teléfono">0983794194</SimpleData>
            <SimpleData name="Vivienda_L">-24.31753740000</SimpleData>
            <SimpleData name="Vivienda_1">-56.48597530000</SimpleData>
            <SimpleData name="Superficie">0.70000000000</SimpleData>
            <SimpleData name="Situaci_1">Par?metro</SimpleData>
            <SimpleData name="Plantado">SI</SimpleData>
            <SimpleData name="Plantado_f">2026/02/25</SimpleData>
            <SimpleData name="Jornales">0.00000000000</SimpleData>
            <SimpleData name="Monto">0.00000000000</SimpleData>
            <SimpleData name="Grupo_de_p">I-P1</SimpleData>
            <SimpleData name="Estado_del">Activo</SimpleData>
            <SimpleData name="Empresa">Emilio Sol?s Grance</SimpleData>
            <SimpleData name="Lote">I</SimpleData>
            <SimpleData name="Parametro">0.70000000000</SimpleData>
            <SimpleData name="Sup_Sig">0.74922965582</SimpleData>
            <SimpleData name="Situacion">Cumple</SimpleData>
            <SimpleData name="X">-56.48600486000</SimpleData>
            <SimpleData name="Y">-24.32021752000</SimpleData>
            <SimpleData name="Shape_Leng">492.40110172400</SimpleData>
            <SimpleData name="Shape_Area">7492.29655824000</SimpleData>
          </SchemaData>
        </ExtendedData>
        <MultiGeometry>
          <Polygon>
            <outerBoundaryIs>
              <LinearRing>
                <coordinates>
                  -56.4862654992085,-24.3216405004142,0
                  -56.4862577994401,-24.3212688005214,0
                  -56.4856309997786,-24.3212372998988,0
                  -56.4856066992465,-24.3216267000126,0
                  -56.4862654992085,-24.3216405004142,0
                </coordinates>
              </LinearRing>
            </outerBoundaryIs>
          </Polygon>
          <Polygon>
            <outerBoundaryIs>
              <LinearRing>
                <coordinates>
                  -56.4862779997155,-24.3205886001213,0
                  -56.4863296999319,-24.3198814003944,0
                  -56.4857255997807,-24.3198539997524,0
                  -56.4856822992788,-24.320548800115,0
                  -56.4862779997155,-24.3205886001213,0
                </coordinates>
              </LinearRing>
            </outerBoundaryIs>
          </Polygon>
        </MultiGeometry>
      </Placemark>
      <Placemark id="Lote_I.46">
        <ExtendedData>
          <SchemaData schemaUrl="#Lote_I.schema">
            <SimpleData name="Cédula">1751177.00000000000</SimpleData>
            <SimpleData name="Nombres_y_">SIMON CABRAL ROMERO</SimpleData>
            <SimpleData name="Sexo">Hombre</SimpleData>
            <SimpleData name="Cambio_de_">NO</SimpleData>
            <SimpleData name="Titular_se">NO</SimpleData>
            <SimpleData name="ci_UNIF">1751177.00000000000</SimpleData>
            <SimpleData name="Situación">NO</SimpleData>
            <SimpleData name="Comunidad">Campesina</SimpleData>
            <SimpleData name="Modelo_imp">Modelo 2</SimpleData>
            <SimpleData name="Departamen">SAN PEDRO</SimpleData>
            <SimpleData name="Distrito">CHORE</SimpleData>
            <SimpleData name="Localidad">PUERTO LA NI?A</SimpleData>
            <SimpleData name="Teléfono">0983315152</SimpleData>
            <SimpleData name="Vivienda_L">-24.09435550000</SimpleData>
            <SimpleData name="Vivienda_1">-56.71855950000</SimpleData>
            <SimpleData name="Superficie">0.80000000000</SimpleData>
            <SimpleData name="Situaci_1">Par?metro</SimpleData>
            <SimpleData name="Plantado">SI</SimpleData>
            <SimpleData name="Plantado_f">2026/02/26</SimpleData>
            <SimpleData name="Jornales">0.00000000000</SimpleData>
            <SimpleData name="Monto">0.00000000000</SimpleData>
            <SimpleData name="Grupo_de_p">I-P1</SimpleData>
            <SimpleData name="Estado_del">Activo</SimpleData>
            <SimpleData name="Empresa">Emilio Sol?s Grance</SimpleData>
            <SimpleData name="Lote">I</SimpleData>
            <SimpleData name="Parametro">0.80000000000</SimpleData>
            <SimpleData name="Sup_Sig">0.98438879853</SimpleData>
            <SimpleData name="Situacion">Cumple</SimpleData>
            <SimpleData name="X">-56.72301259000</SimpleData>
            <SimpleData name="Y">-24.10167394000</SimpleData>
            <SimpleData name="Shape_Leng">397.15756248400</SimpleData>
            <SimpleData name="Shape_Area">9843.88798530000</SimpleData>
          </SchemaData>
        </ExtendedData>
        <Polygon>
          <outerBoundaryIs>
            <LinearRing>
              <coordinates>
                -56.7225311999818,-24.1021231996455,0
                -56.7234546990994,-24.1021499997171,0
                -56.7235188998693,-24.101215800449,0
                -56.7225315995712,-24.1012266003371,0
                -56.7225311999818,-24.1021231996455,0
              </coordinates>
            </LinearRing>
          </outerBoundaryIs>
        </Polygon>
      </Placemark>
      <Placemark id="Lote_I.47">
        <ExtendedData>
          <SchemaData schemaUrl="#Lote_I.schema">
            <SimpleData name="Cédula">3989180.00000000000</SimpleData>
            <SimpleData name="Nombres_y_">GLORIA BEATRIZ MARTINEZ ORTIZ</SimpleData>
            <SimpleData name="Sexo">Mujer</SimpleData>
            <SimpleData name="Cambio_de_">NO</SimpleData>
            <SimpleData name="Titular_se">NO</SimpleData>
            <SimpleData name="ci_UNIF">3989180.00000000000</SimpleData>
            <SimpleData name="Situación">NO</SimpleData>
            <SimpleData name="Comunidad">Campesina</SimpleData>
            <SimpleData name="Modelo_imp">Modelo 3</SimpleData>
            <SimpleData name="Departamen">SAN PEDRO</SimpleData>
            <SimpleData name="Distrito">GUAYAIBI</SimpleData>
            <SimpleData name="Localidad">BARRIO SAN PEDRO</SimpleData>
            <SimpleData name="Teléfono">0976927013</SimpleData>
            <SimpleData name="Vivienda_L">-24.42149620000</SimpleData>
            <SimpleData name="Vivienda_1">-56.41310070000</SimpleData>
            <SimpleData name="Superficie">1.00000000000</SimpleData>
            <SimpleData name="Situaci_1">Par?metro</SimpleData>
            <SimpleData name="Plantado">SI</SimpleData>
            <SimpleData name="Plantado_f">2025/12/16</SimpleData>
            <SimpleData name="Jornales">0.00000000000</SimpleData>
            <SimpleData name="Monto">0.00000000000</SimpleData>
            <SimpleData name="Grupo_de_p">I-P1</SimpleData>
            <SimpleData name="Estado_del">Activo</SimpleData>
            <SimpleData name="Empresa">Emilio Sol?s Grance</SimpleData>
            <SimpleData name="Lote">I</SimpleData>
            <SimpleData name="Parametro">1.00000000000</SimpleData>
            <SimpleData name="Sup_Sig">1.08605249938</SimpleData>
            <SimpleData name="Situacion">Cumple</SimpleData>
            <SimpleData name="X">-56.40769072000</SimpleData>
            <SimpleData name="Y">-24.42127824000</SimpleData>
            <SimpleData name="Shape_Leng">555.74384032800</SimpleData>
            <SimpleData name="Shape_Area">10860.52499380000</SimpleData>
          </SchemaData>
        </ExtendedData>
        <Polygon>
          <outerBoundaryIs>
            <LinearRing>
              <coordinates>
                -56.4066150004147,-24.421451699838,0
                -56.4088578004706,-24.4215385002939,0
                -56.4088833004868,-24.4211649995797,0
                -56.4065890995174,-24.420972199843,0
                -56.4066150004147,-24.421451699838,0
              </coordinates>
            </LinearRing>
          </outerBoundaryIs>
        </Polygon>
      </Placemark>
      <Placemark id="Lote_I.48">
        <ExtendedData>
          <SchemaData schemaUrl="#Lote_I.schema">
            <SimpleData name="Cédula">6696174.00000000000</SimpleData>
            <SimpleData name="Nombres_y_">GRACIELA VILLASANTI MEDINA</SimpleData>
            <SimpleData name="Sexo">Mujer</SimpleData>
            <SimpleData name="Cambio_de_">NO</SimpleData>
            <SimpleData name="Titular_se">NO</SimpleData>
            <SimpleData name="ci_UNIF">6696174.00000000000</SimpleData>
            <SimpleData name="Situación">NO</SimpleData>
            <SimpleData name="Comunidad">Campesina</SimpleData>
            <SimpleData name="Modelo_imp">Modelo 1</SimpleData>
            <SimpleData name="Departamen">SAN PEDRO</SimpleData>
            <SimpleData name="Distrito">CRUCE LIBERACION</SimpleData>
            <SimpleData name="Localidad">CALLE SAN JORGE</SimpleData>
            <SimpleData name="Teléfono">0971478057</SimpleData>
            <SimpleData name="Vivienda_L">-24.22808340000</SimpleData>
            <SimpleData name="Vivienda_1">-56.46554650000</SimpleData>
            <SimpleData name="Superficie">0.80000000000</SimpleData>
            <SimpleData name="Situaci_1">Par?metro</SimpleData>
            <SimpleData name="Plantado">SI</SimpleData>
            <SimpleData name="Plantado_f">2026/02/24</SimpleData>
            <SimpleData name="Jornales">0.00000000000</SimpleData>
            <SimpleData name="Monto">0.00000000000</SimpleData>
            <SimpleData name="Grupo_de_p">I-P1</SimpleData>
            <SimpleData name="Estado_del">Activo</SimpleData>
            <SimpleData name="Empresa">Emilio Sol?s Grance</SimpleData>
            <SimpleData name="Lote">I</SimpleData>
            <SimpleData name="Parametro">0.80000000000</SimpleData>
            <SimpleData name="Sup_Sig">0.79732314762</SimpleData>
            <SimpleData name="Situacion">Cumple</SimpleData>
            <SimpleData name="X">-56.46579690000</SimpleData>
            <SimpleData name="Y">-24.23153873000</SimpleData>
            <SimpleData name="Shape_Leng">357.36359333500</SimpleData>
            <SimpleData name="Shape_Area">7973.23147619000</SimpleData>
          </SchemaData>
        </ExtendedData>
        <Polygon>
          <outerBoundaryIs>
            <LinearRing>
              <coordinates>
                -56.4653395000716,-24.2311595001487,0
                -56.465386499153,-24.2319865997752,0
                -56.4662547998343,-24.2318994005066,0
                -56.4662216000777,-24.2311119003978,0
                -56.4653395000716,-24.2311595001487,0
              </coordinates>
            </LinearRing>
          </outerBoundaryIs>
        </Polygon>
      </Placemark>
      <Placemark id="Lote_I.49">
        <ExtendedData>
          <SchemaData schemaUrl="#Lote_I.schema">
            <SimpleData name="Cédula">4780634.00000000000</SimpleData>
            <SimpleData name="Nombres_y_">VICTOR VELAZQUEZ PERALTA</SimpleData>
            <SimpleData name="Sexo">Hombre</SimpleData>
            <SimpleData name="Cambio_de_">NO</SimpleData>
            <SimpleData name="Titular_se">NO</SimpleData>
            <SimpleData name="ci_UNIF">4780634.00000000000</SimpleData>
            <SimpleData name="Situación">NO</SimpleData>
            <SimpleData name="Comunidad">Campesina</SimpleData>
            <SimpleData name="Modelo_imp">Modelo 5</SimpleData>
            <SimpleData name="Departamen">SAN PEDRO</SimpleData>
            <SimpleData name="Distrito">CHORE</SimpleData>
            <SimpleData name="Localidad">SAN MIGUEL</SimpleData>
            <SimpleData name="Teléfono">0981970608</SimpleData>
            <SimpleData name="Vivienda_L">-24.12901230000</SimpleData>
            <SimpleData name="Vivienda_1">-56.65891510000</SimpleData>
            <SimpleData name="Superficie">0.70000000000</SimpleData>
            <SimpleData name="Situaci_1">Par?metro</SimpleData>
            <SimpleData name="Plantado">SI</SimpleData>
            <SimpleData name="Plantado_f">1899/12/30</SimpleData>
            <SimpleData name="Jornales">0.00000000000</SimpleData>
            <SimpleData name="Monto">0.00000000000</SimpleData>
            <SimpleData name="Grupo_de_p">I-P2</SimpleData>
            <SimpleData name="Estado_del">Activo</SimpleData>
            <SimpleData name="Empresa">Emilio Sol?s Grance</SimpleData>
            <SimpleData name="Lote">I</SimpleData>
            <SimpleData name="Parametro">0.70000000000</SimpleData>
            <SimpleData name="Sup_Sig">0.76480354805</SimpleData>
            <SimpleData name="Situacion">Cumple</SimpleData>
            <SimpleData name="X">-56.66081195000</SimpleData>
            <SimpleData name="Y">-24.15202462000</SimpleData>
            <SimpleData name="Shape_Leng">351.84321176200</SimpleData>
            <SimpleData name="Shape_Area">7648.03548046000</SimpleData>
          </SchemaData>
        </ExtendedData>
        <Polygon>
          <outerBoundaryIs>
            <LinearRing>
              <coordinates>
                -56.6602151990455,-24.1520928999788,0
                -56.6607325995743,-24.1525889000572,0
                -56.6614181990356,-24.151987100277,0
                -56.6608666994214,-24.1514467003476,0
                -56.6602151990455,-24.1520928999788,0
              </coordinates>
            </LinearRing>
          </outerBoundaryIs>
        </Polygon>
      </Placemark>
      <Placemark id="Lote_I.50">
        <ExtendedData>
          <SchemaData schemaUrl="#Lote_I.schema">
            <SimpleData name="Cédula">7066857.00000000000</SimpleData>
            <SimpleData name="Nombres_y_">VIVIANA MEDINA CHAVEZ</SimpleData>
            <SimpleData name="Sexo">Mujer</SimpleData>
            <SimpleData name="Cambio_de_">NO</SimpleData>
            <SimpleData name="Titular_se">NO</SimpleData>
            <SimpleData name="ci_UNIF">7066857.00000000000</SimpleData>
            <SimpleData name="Situación">NO</SimpleData>
            <SimpleData name="Comunidad">Campesina</SimpleData>
            <SimpleData name="Modelo_imp">Modelo 5</SimpleData>
            <SimpleData name="Departamen">SAN PEDRO</SimpleData>
            <SimpleData name="Distrito">GUAYAIBI</SimpleData>
            <SimpleData name="Localidad">4000 TACUAPI</SimpleData>
            <SimpleData name="Teléfono">0972829597</SimpleData>
            <SimpleData name="Vivienda_L">-24.56722860000</SimpleData>
            <SimpleData name="Vivienda_1">-56.48057770000</SimpleData>
            <SimpleData name="Superficie">0.70000000000</SimpleData>
            <SimpleData name="Situaci_1">Par?metro</SimpleData>
            <SimpleData name="Plantado">SI</SimpleData>
            <SimpleData name="Plantado_f">2025/11/19</SimpleData>
            <SimpleData name="Jornales">0.00000000000</SimpleData>
            <SimpleData name="Monto">0.00000000000</SimpleData>
            <SimpleData name="Grupo_de_p">I-P2</SimpleData>
            <SimpleData name="Estado_del">Activo</SimpleData>
            <SimpleData name="Empresa">Emilio Sol?s Grance</SimpleData>
            <SimpleData name="Lote">I</SimpleData>
            <SimpleData name="Parametro">0.70000000000</SimpleData>
            <SimpleData name="Sup_Sig">0.70683890005</SimpleData>
            <SimpleData name="Situacion">Cumple</SimpleData>
            <SimpleData name="X">-56.48026741000</SimpleData>
            <SimpleData name="Y">-24.56474482000</SimpleData>
            <SimpleData name="Shape_Leng">500.06628651900</SimpleData>
            <SimpleData name="Shape_Area">7068.38900054000</SimpleData>
          </SchemaData>
        </ExtendedData>
        <MultiGeometry>
          <Polygon>
            <outerBoundaryIs>
              <LinearRing>
                <coordinates>
                  -56.480486899046,-24.5671872997819,0
                  -56.4805329994909,-24.5664293004728,0
                  -56.4802549999621,-24.5664450002184,0
                  -56.4802698995151,-24.5671849998804,0
                  -56.480486899046,-24.5671872997819,0
                </coordinates>
              </LinearRing>
            </outerBoundaryIs>
          </Polygon>
          <Polygon>
            <outerBoundaryIs>
              <LinearRing>
                <coordinates>
                  -56.480641699251,-24.5650783001895,0
                  -56.4806252996895,-24.5644412997817,0
                  -56.4798914993942,-24.5644499000987,0
                  -56.4798748992152,-24.5649993999899,0
                  -56.480641699251,-24.5650783001895,0
                </coordinates>
              </LinearRing>
            </outerBoundaryIs>
          </Polygon>
        </MultiGeometry>
      </Placemark>
      <Placemark id="Lote_I.51">
        <ExtendedData>
          <SchemaData schemaUrl="#Lote_I.schema">
            <SimpleData name="Cédula">5428254.00000000000</SimpleData>
            <SimpleData name="Nombres_y_">DANIEL ARECO ESPINOLA</SimpleData>
            <SimpleData name="Sexo">Hombre</SimpleData>
            <SimpleData name="Cambio_de_">NO</SimpleData>
            <SimpleData name="Titular_se">NO</SimpleData>
            <SimpleData name="ci_UNIF">5428254.00000000000</SimpleData>
            <SimpleData name="Situación">NO</SimpleData>
            <SimpleData name="Comunidad">Campesina</SimpleData>
            <SimpleData name="Modelo_imp">Modelo 1</SimpleData>
            <SimpleData name="Departamen">SAN PEDRO</SimpleData>
            <SimpleData name="Distrito">GUAYAIBI</SimpleData>
            <SimpleData name="Localidad">4000 TACUAPI</SimpleData>
            <SimpleData name="Teléfono">0976105242</SimpleData>
            <SimpleData name="Vivienda_L">-24.56777350000</SimpleData>
            <SimpleData name="Vivienda_1">-56.47685780000</SimpleData>
            <SimpleData name="Superficie">0.80000000000</SimpleData>
            <SimpleData name="Situaci_1">Pol?gono</SimpleData>
            <SimpleData name="Plantado">SI</SimpleData>
            <SimpleData name="Plantado_f">2026/03/11</SimpleData>
            <SimpleData name="Jornales">0.00000000000</SimpleData>
            <SimpleData name="Monto">0.00000000000</SimpleData>
            <SimpleData name="Grupo_de_p">I-P2</SimpleData>
            <SimpleData name="Estado_del">Activo</SimpleData>
            <SimpleData name="Empresa">Emilio Sol?s Grance</SimpleData>
            <SimpleData name="Lote">I</SimpleData>
            <SimpleData name="Parametro">0.80000000000</SimpleData>
            <SimpleData name="Sup_Sig">0.83291196587</SimpleData>
            <SimpleData name="Situacion">Cumple</SimpleData>
            <SimpleData name="X">-56.47701971000</SimpleData>
            <SimpleData name="Y">-24.56517685000</SimpleData>
            <SimpleData name="Shape_Leng">448.87791870500</SimpleData>
            <SimpleData name="Shape_Area">8329.11965865000</SimpleData>
          </SchemaData>
        </ExtendedData>
        <Polygon>
          <outerBoundaryIs>
            <LinearRing>
              <coordinates>
                -56.4767832722792,-24.5659629543704,0
                -56.4770512272521,-24.5659676722767,0
                -56.4772629996063,-24.5659714000592,0
                -56.4772399992059,-24.5643699998277,0
                -56.476795899071,-24.5643584997049,0
                -56.4767801993511,-24.56596290035,0
                -56.4767832722792,-24.5659629543704,0
              </coordinates>
            </LinearRing>
          </outerBoundaryIs>
        </Polygon>
      </Placemark>
      <Placemark id="Lote_I.52">
        <ExtendedData>
          <SchemaData schemaUrl="#Lote_I.schema">
            <SimpleData name="Cédula">5285448.00000000000</SimpleData>
            <SimpleData name="Nombres_y_">LEONIDAS ARECO ESPINOLA</SimpleData>
            <SimpleData name="Sexo">Mujer</SimpleData>
            <SimpleData name="Cambio_de_">NO</SimpleData>
            <SimpleData name="Titular_se">NO</SimpleData>
            <SimpleData name="ci_UNIF">5285448.00000000000</SimpleData>
            <SimpleData name="Situación">NO</SimpleData>
            <SimpleData name="Comunidad">Campesina</SimpleData>
            <SimpleData name="Modelo_imp">Modelo 5</SimpleData>
            <SimpleData name="Departamen">SAN PEDRO</SimpleData>
            <SimpleData name="Distrito">GUAYAIBI</SimpleData>
            <SimpleData name="Localidad">4000 TACUAPI</SimpleData>
            <SimpleData name="Teléfono">0976105242</SimpleData>
            <SimpleData name="Vivienda_L">-24.56757830000</SimpleData>
            <SimpleData name="Vivienda_1">-56.47711230000</SimpleData>
            <SimpleData name="Superficie">0.70000000000</SimpleData>
            <SimpleData name="Situaci_1">Pol?gono</SimpleData>
            <SimpleData name="Plantado">SI</SimpleData>
            <SimpleData name="Plantado_f">2026/03/11</SimpleData>
            <SimpleData name="Jornales">0.00000000000</SimpleData>
            <SimpleData name="Monto">0.00000000000</SimpleData>
            <SimpleData name="Grupo_de_p">I-P2</SimpleData>
            <SimpleData name="Estado_del">Activo</SimpleData>
            <SimpleData name="Empresa">Emilio Sol?s Grance</SimpleData>
            <SimpleData name="Lote">I</SimpleData>
            <SimpleData name="Parametro">0.70000000000</SimpleData>
            <SimpleData name="Sup_Sig">0.72506735115</SimpleData>
            <SimpleData name="Situacion">Cumple</SimpleData>
            <SimpleData name="X">-56.47702688000</SimpleData>
            <SimpleData name="Y">-24.56662863000</SimpleData>
            <SimpleData name="Shape_Leng">391.35130029700</SimpleData>
            <SimpleData name="Shape_Area">7250.67351151000</SimpleData>
          </SchemaData>
        </ExtendedData>
        <Polygon>
          <outerBoundaryIs>
            <LinearRing>
              <coordinates>
                -56.4770512272521,-24.5659676722767,0
                -56.4767832722792,-24.5659629543704,0
                -56.4767776999256,-24.5672605004088,0
                -56.4772699991719,-24.5673133003868,0
                -56.4772716993747,-24.5659767000418,0
                -56.4770512272521,-24.5659676722767,0
              </coordinates>
            </LinearRing>
          </outerBoundaryIs>
        </Polygon>
      </Placemark>
      <Placemark id="Lote_I.53">
        <ExtendedData>
          <SchemaData schemaUrl="#Lote_I.schema">
            <SimpleData name="Cédula">6667780.00000000000</SimpleData>
            <SimpleData name="Nombres_y_">ZULLY CELESTE LOPEZ</SimpleData>
            <SimpleData name="Sexo">Mujer</SimpleData>
            <SimpleData name="Cambio_de_">NO</SimpleData>
            <SimpleData name="Titular_se">NO</SimpleData>
            <SimpleData name="ci_UNIF">6667780.00000000000</SimpleData>
            <SimpleData name="Situación">NO</SimpleData>
            <SimpleData name="Comunidad">Campesina</SimpleData>
            <SimpleData name="Modelo_imp">Modelo 5</SimpleData>
            <SimpleData name="Departamen">SAN PEDRO</SimpleData>
            <SimpleData name="Distrito">CHORE</SimpleData>
            <SimpleData name="Localidad">SAN MIGUEL</SimpleData>
            <SimpleData name="Teléfono">0986502830</SimpleData>
            <SimpleData name="Vivienda_L">-24.11755040000</SimpleData>
            <SimpleData name="Vivienda_1">-56.65177930000</SimpleData>
            <SimpleData name="Superficie">0.70000000000</SimpleData>
            <SimpleData name="Situaci_1">Par?metro</SimpleData>
            <SimpleData name="Plantado">SI</SimpleData>
            <SimpleData name="Plantado_f">1899/12/30</SimpleData>
            <SimpleData name="Jornales">0.00000000000</SimpleData>
            <SimpleData name="Monto">0.00000000000</SimpleData>
            <SimpleData name="Grupo_de_p">I-P2</SimpleData>
            <SimpleData name="Estado_del">Activo</SimpleData>
            <SimpleData name="Empresa">Emilio Sol?s Grance</SimpleData>
            <SimpleData name="Lote">I</SimpleData>
            <SimpleData name="Parametro">0.70000000000</SimpleData>
            <SimpleData name="Sup_Sig">0.77098782481</SimpleData>
            <SimpleData name="Situacion">Cumple</SimpleData>
            <SimpleData name="X">-56.65012599000</SimpleData>
            <SimpleData name="Y">-24.11770372000</SimpleData>
            <SimpleData name="Shape_Leng">419.40503806500</SimpleData>
            <SimpleData name="Shape_Area">7709.87824805000</SimpleData>
          </SchemaData>
        </ExtendedData>
        <Polygon>
          <outerBoundaryIs>
            <LinearRing>
              <coordinates>
                -56.6493000997584,-24.1178605997262,0
                -56.6508865996405,-24.1179736999296,0
                -56.6509362996617,-24.1175292999954,0
                -56.6493391990816,-24.1174494003653,0
                -56.6493000997584,-24.1178605997262,0
              </coordinates>
            </LinearRing>
          </outerBoundaryIs>
        </Polygon>
      </Placemark>
      <Placemark id="Lote_I.54">
        <ExtendedData>
          <SchemaData schemaUrl="#Lote_I.schema">
            <SimpleData name="Cédula">4859759.00000000000</SimpleData>
            <SimpleData name="Nombres_y_">FELIPE PEREIRA MONTANIA</SimpleData>
            <SimpleData name="Sexo">Hombre</SimpleData>
            <SimpleData name="Cambio_de_">NO</SimpleData>
            <SimpleData name="Titular_se">NO</SimpleData>
            <SimpleData name="ci_UNIF">4859759.00000000000</SimpleData>
            <SimpleData name="Situación">NO</SimpleData>
            <SimpleData name="Comunidad">Campesina</SimpleData>
            <SimpleData name="Modelo_imp">Modelo 5</SimpleData>
            <SimpleData name="Departamen">SAN PEDRO</SimpleData>
            <SimpleData name="Distrito">CHORE</SimpleData>
            <SimpleData name="Localidad">SAN MIGUEL</SimpleData>
            <SimpleData name="Teléfono">0981615652</SimpleData>
            <SimpleData name="Vivienda_L">-24.11845660000</SimpleData>
            <SimpleData name="Vivienda_1">-56.64512170000</SimpleData>
            <SimpleData name="Superficie">0.70000000000</SimpleData>
            <SimpleData name="Situaci_1">Par?metro</SimpleData>
            <SimpleData name="Plantado">SI</SimpleData>
            <SimpleData name="Plantado_f">1899/12/30</SimpleData>
            <SimpleData name="Jornales">0.00000000000</SimpleData>
            <SimpleData name="Monto">0.00000000000</SimpleData>
            <SimpleData name="Grupo_de_p">I-P2</SimpleData>
            <SimpleData name="Estado_del">Activo</SimpleData>
            <SimpleData name="Empresa">Emilio Sol?s Grance</SimpleData>
            <SimpleData name="Lote">I</SimpleData>
            <SimpleData name="Parametro">0.70000000000</SimpleData>
            <SimpleData name="Sup_Sig">0.74765353538</SimpleData>
            <SimpleData name="Situacion">Cumple</SimpleData>
            <SimpleData name="X">-56.64266138000</SimpleData>
            <SimpleData name="Y">-24.11948626000</SimpleData>
            <SimpleData name="Shape_Leng">450.58914195400</SimpleData>
            <SimpleData name="Shape_Area">7476.53535375000</SimpleData>
          </SchemaData>
        </ExtendedData>
        <Polygon>
          <outerBoundaryIs>
            <LinearRing>
              <coordinates>
                -56.6429078996022,-24.118893199679,0
                -56.6418502993691,-24.1199370004238,0
                -56.6421154999582,-24.1201544999298,0
                -56.642668299353,-24.119536699917,0
                -56.6429299995932,-24.119708299903,0
                -56.6434157991993,-24.1193005004658,0
                -56.6429078996022,-24.118893199679,0
              </coordinates>
            </LinearRing>
          </outerBoundaryIs>
        </Polygon>
      </Placemark>
      <Placemark id="Lote_I.55">
        <ExtendedData>
          <SchemaData schemaUrl="#Lote_I.schema">
            <SimpleData name="Cédula">6071161.00000000000</SimpleData>
            <SimpleData name="Nombres_y_">GUSTAVO ISMAEL BENITEZ VILLALBA</SimpleData>
            <SimpleData name="Sexo">Hombre</SimpleData>
            <SimpleData name="Cambio_de_">NO</SimpleData>
            <SimpleData name="Titular_se">NO</SimpleData>
            <SimpleData name="ci_UNIF">6071161.00000000000</SimpleData>
            <SimpleData name="Situación">NO</SimpleData>
            <SimpleData name="Comunidad">Campesina</SimpleData>
            <SimpleData name="Modelo_imp">Modelo 1</SimpleData>
            <SimpleData name="Departamen">SAN PEDRO</SimpleData>
            <SimpleData name="Distrito">CRUCE LIBERACION</SimpleData>
            <SimpleData name="Localidad">KOE PYTA 2</SimpleData>
            <SimpleData name="Teléfono">0982361658</SimpleData>
            <SimpleData name="Vivienda_L">-24.19086860000</SimpleData>
            <SimpleData name="Vivienda_1">-56.47581000000</SimpleData>
            <SimpleData name="Superficie">0.80000000000</SimpleData>
            <SimpleData name="Situaci_1">Par?metro</SimpleData>
            <SimpleData name="Plantado">SI</SimpleData>
            <SimpleData name="Plantado_f">2026/02/11</SimpleData>
            <SimpleData name="Jornales">0.00000000000</SimpleData>
            <SimpleData name="Monto">0.00000000000</SimpleData>
            <SimpleData name="Grupo_de_p">I-P2</SimpleData>
            <SimpleData name="Estado_del">Activo</SimpleData>
            <SimpleData name="Empresa">Emilio Sol?s Grance</SimpleData>
            <SimpleData name="Lote">I</SimpleData>
            <SimpleData name="Parametro">0.80000000000</SimpleData>
            <SimpleData name="Sup_Sig">0.92443027060</SimpleData>
            <SimpleData name="Situacion">Cumple</SimpleData>
            <SimpleData name="X">-56.47590306000</SimpleData>
            <SimpleData name="Y">-24.19559649000</SimpleData>
            <SimpleData name="Shape_Leng">659.31242319700</SimpleData>
            <SimpleData name="Shape_Area">9244.30270598000</SimpleData>
          </SchemaData>
        </ExtendedData>
        <Polygon>
          <outerBoundaryIs>
            <LinearRing>
              <coordinates>
                -56.475832299935,-24.1969968002514,0
                -56.4760883996459,-24.197035600027,0
                -56.4760266998897,-24.1942879996587,0
                -56.4756729995335,-24.1943660996447,0
                -56.475832299935,-24.1969968002514,0
              </coordinates>
            </LinearRing>
          </outerBoundaryIs>
        </Polygon>
      </Placemark>
      <Placemark id="Lote_I.56">
        <ExtendedData>
          <SchemaData schemaUrl="#Lote_I.schema">
            <SimpleData name="Cédula">6359269.00000000000</SimpleData>
            <SimpleData name="Nombres_y_">MARIA CAROLINA RIOS GOMEZ</SimpleData>
            <SimpleData name="Sexo">Mujer</SimpleData>
            <SimpleData name="Cambio_de_">NO</SimpleData>
            <SimpleData name="Titular_se">NO</SimpleData>
            <SimpleData name="ci_UNIF">6359269.00000000000</SimpleData>
            <SimpleData name="Situación">NO</SimpleData>
            <SimpleData name="Comunidad">Campesina</SimpleData>
            <SimpleData name="Modelo_imp">Modelo 1</SimpleData>
            <SimpleData name="Departamen">SAN PEDRO</SimpleData>
            <SimpleData name="Distrito">CRUCE LIBERACION</SimpleData>
            <SimpleData name="Localidad">BARRIO SANTA LIBRADA</SimpleData>
            <SimpleData name="Teléfono">0983309991</SimpleData>
            <SimpleData name="Vivienda_L">-24.21587450000</SimpleData>
            <SimpleData name="Vivienda_1">-56.47444210000</SimpleData>
            <SimpleData name="Superficie">0.80000000000</SimpleData>
            <SimpleData name="Situaci_1">Par?metro</SimpleData>
            <SimpleData name="Plantado">SI</SimpleData>
            <SimpleData name="Plantado_f">2026/02/12</SimpleData>
            <SimpleData name="Jornales">0.00000000000</SimpleData>
            <SimpleData name="Monto">0.00000000000</SimpleData>
            <SimpleData name="Grupo_de_p">I-P2</SimpleData>
            <SimpleData name="Estado_del">Activo</SimpleData>
            <SimpleData name="Empresa">Emilio Sol?s Grance</SimpleData>
            <SimpleData name="Lote">I</SimpleData>
            <SimpleData name="Parametro">0.80000000000</SimpleData>
            <SimpleData name="Sup_Sig">0.84917162340</SimpleData>
            <SimpleData name="Situacion">Cumple</SimpleData>
            <SimpleData name="X">-56.47561025000</SimpleData>
            <SimpleData name="Y">-24.22786884000</SimpleData>
            <SimpleData name="Shape_Leng">369.37785179800</SimpleData>
            <SimpleData name="Shape_Area">8491.71623399000</SimpleData>
          </SchemaData>
        </ExtendedData>
        <Polygon>
          <outerBoundaryIs>
            <LinearRing>
              <coordinates>
                -56.4751896991601,-24.2274395999794,0
                -56.4751708994094,-24.2283146997392,0
                -56.4760679997627,-24.2282896999086,0
                -56.476007599477,-24.2274044999284,0
                -56.4751896991601,-24.2274395999794,0
              </coordinates>
            </LinearRing>
          </outerBoundaryIs>
        </Polygon>
      </Placemark>
      <Placemark id="Lote_I.57">
        <ExtendedData>
          <SchemaData schemaUrl="#Lote_I.schema">
            <SimpleData name="Cédula">5990278.00000000000</SimpleData>
            <SimpleData name="Nombres_y_">NANCY MABEL VARGAS</SimpleData>
            <SimpleData name="Sexo">Mujer</SimpleData>
            <SimpleData name="Cambio_de_">NO</SimpleData>
            <SimpleData name="Titular_se">NO</SimpleData>
            <SimpleData name="ci_UNIF">5990278.00000000000</SimpleData>
            <SimpleData name="Comunidad">Campesina</SimpleData>
            <SimpleData name="Modelo_imp">Modelo 1</SimpleData>
            <SimpleData name="Departamen">SAN PEDRO</SimpleData>
            <SimpleData name="Distrito">CRUCE LIBERACION</SimpleData>
            <SimpleData name="Localidad">SANTA LUCIA</SimpleData>
            <SimpleData name="Teléfono">984729948</SimpleData>
            <SimpleData name="Vivienda_L">-24.17867500000</SimpleData>
            <SimpleData name="Vivienda_1">-56.48198500000</SimpleData>
            <SimpleData name="Superficie">0.80000000000</SimpleData>
            <SimpleData name="Situaci_1">Parametro</SimpleData>
            <SimpleData name="Plantado">SI</SimpleData>
            <SimpleData name="Plantado_f">1899/12/30</SimpleData>
            <SimpleData name="Jornales">0.00000000000</SimpleData>
            <SimpleData name="Monto">0.00000000000</SimpleData>
            <SimpleData name="Grupo_de_p">I-P2</SimpleData>
            <SimpleData name="Estado_del">Activo</SimpleData>
            <SimpleData name="Empresa">Emilio Sol?s Grance</SimpleData>
            <SimpleData name="Lote">I</SimpleData>
            <SimpleData name="Parametro">0.80000000000</SimpleData>
            <SimpleData name="Sup_Sig">0.99066882335</SimpleData>
            <SimpleData name="Situacion">Cumple</SimpleData>
            <SimpleData name="X">-56.47771227000</SimpleData>
            <SimpleData name="Y">-24.20852605000</SimpleData>
            <SimpleData name="Shape_Leng">398.53172903200</SimpleData>
            <SimpleData name="Shape_Area">9906.68823348000</SimpleData>
          </SchemaData>
        </ExtendedData>
        <Polygon>
          <outerBoundaryIs>
            <LinearRing>
              <coordinates>
                -56.4772150995266,-24.2080683996775,0
                -56.4772347996906,-24.2089827003487,0
                -56.4782521997974,-24.2089564998834,0
                -56.4781560999332,-24.2080725002369,0
                -56.4772150995266,-24.2080683996775,0
              </coordinates>
            </LinearRing>
          </outerBoundaryIs>
        </Polygon>
      </Placemark>
      <Placemark id="Lote_I.58">
        <ExtendedData>
          <SchemaData schemaUrl="#Lote_I.schema">
            <SimpleData name="Cédula">5305230.00000000000</SimpleData>
            <SimpleData name="Nombres_y_">SINTHIA MARIBEL GONZALEZ ACOSTA</SimpleData>
            <SimpleData name="Sexo">Mujer</SimpleData>
            <SimpleData name="Cambio_de_">NO</SimpleData>
            <SimpleData name="Titular_se">NO</SimpleData>
            <SimpleData name="ci_UNIF">5305230.00000000000</SimpleData>
            <SimpleData name="Situación">NO</SimpleData>
            <SimpleData name="Comunidad">Campesina</SimpleData>
            <SimpleData name="Modelo_imp">Modelo 1</SimpleData>
            <SimpleData name="Departamen">SAN PEDRO</SimpleData>
            <SimpleData name="Distrito">GUAYAIBI</SimpleData>
            <SimpleData name="Localidad">CALLE 2000</SimpleData>
            <SimpleData name="Teléfono">0992511684</SimpleData>
            <SimpleData name="Vivienda_L">-24.55521160000</SimpleData>
            <SimpleData name="Vivienda_1">-56.40391250000</SimpleData>
            <SimpleData name="Superficie">0.80000000000</SimpleData>
            <SimpleData name="Situaci_1">Par?metro</SimpleData>
            <SimpleData name="Plantado">SI</SimpleData>
            <SimpleData name="Plantado_f">2025/11/19</SimpleData>
            <SimpleData name="Jornales">0.00000000000</SimpleData>
            <SimpleData name="Monto">0.00000000000</SimpleData>
            <SimpleData name="Grupo_de_p">I-P2</SimpleData>
            <SimpleData name="Estado_del">Activo</SimpleData>
            <SimpleData name="Empresa">Emilio Sol?s Grance</SimpleData>
            <SimpleData name="Lote">I</SimpleData>
            <SimpleData name="Parametro">0.80000000000</SimpleData>
            <SimpleData name="Sup_Sig">0.81312391680</SimpleData>
            <SimpleData name="Situacion">Cumple</SimpleData>
            <SimpleData name="X">-56.40592922000</SimpleData>
            <SimpleData name="Y">-24.55331370000</SimpleData>
            <SimpleData name="Shape_Leng">442.04953991200</SimpleData>
            <SimpleData name="Shape_Area">8131.23916795000</SimpleData>
          </SchemaData>
        </ExtendedData>
        <Polygon>
          <outerBoundaryIs>
            <LinearRing>
              <coordinates>
                -56.4050538995289,-24.5534965998137,0
                -56.4067703990527,-24.5535514997123,0
                -56.4067988996337,-24.553123499691,0
                -56.4050732998098,-24.5530832997726,0
                -56.4050538995289,-24.5534965998137,0
              </coordinates>
            </LinearRing>
          </outerBoundaryIs>
        </Polygon>
      </Placemark>
      <Placemark id="Lote_I.59">
        <ExtendedData>
          <SchemaData schemaUrl="#Lote_I.schema">
            <SimpleData name="Cédula">5406101.00000000000</SimpleData>
            <SimpleData name="Nombres_y_">SONIA LEIVA AMARILLA</SimpleData>
            <SimpleData name="Sexo">Mujer</SimpleData>
            <SimpleData name="Cambio_de_">NO</SimpleData>
            <SimpleData name="Titular_se">NO</SimpleData>
            <SimpleData name="ci_UNIF">5406101.00000000000</SimpleData>
            <SimpleData name="Situación">NO</SimpleData>
            <SimpleData name="Comunidad">Campesina</SimpleData>
            <SimpleData name="Modelo_imp">Modelo 3</SimpleData>
            <SimpleData name="Departamen">SAN PEDRO</SimpleData>
            <SimpleData name="Distrito">CRUCE LIBERACION</SimpleData>
            <SimpleData name="Localidad">1 DE MARZO (YOAYU)</SimpleData>
            <SimpleData name="Teléfono">0982391410</SimpleData>
            <SimpleData name="Vivienda_L">-24.27119580000</SimpleData>
            <SimpleData name="Vivienda_1">-56.40473110000</SimpleData>
            <SimpleData name="Superficie">0.80000000000</SimpleData>
            <SimpleData name="Situaci_1">Par?metro</SimpleData>
            <SimpleData name="Plantado">SI</SimpleData>
            <SimpleData name="Plantado_f">2026/03/11</SimpleData>
            <SimpleData name="Jornales">0.00000000000</SimpleData>
            <SimpleData name="Monto">0.00000000000</SimpleData>
            <SimpleData name="Grupo_de_p">I-P2</SimpleData>
            <SimpleData name="Estado_del">Activo</SimpleData>
            <SimpleData name="Empresa">Emilio Sol?s Grance</SimpleData>
            <SimpleData name="Lote">I</SimpleData>
            <SimpleData name="Parametro">1.00000000000</SimpleData>
            <SimpleData name="Sup_Sig">1.46560233509</SimpleData>
            <SimpleData name="Situacion">Cumple</SimpleData>
            <SimpleData name="X">-56.39599740000</SimpleData>
            <SimpleData name="Y">-24.27108046000</SimpleData>
            <SimpleData name="Shape_Leng">505.03602252800</SimpleData>
            <SimpleData name="Shape_Area">14656.02335090000</SimpleData>
          </SchemaData>
        </ExtendedData>
        <Polygon>
          <outerBoundaryIs>
            <LinearRing>
              <coordinates>
                -56.3952266992035,-24.2706748002861,0
                -56.3952053998643,-24.2715383997087,0
                -56.3967927990773,-24.2714430998889,0
                -56.3968201992971,-24.2706652001585,0
                -56.3952266992035,-24.2706748002861,0
              </coordinates>
            </LinearRing>
          </outerBoundaryIs>
        </Polygon>
      </Placemark>
      <Placemark id="Lote_I.60">
        <ExtendedData>
          <SchemaData schemaUrl="#Lote_I.schema">
            <SimpleData name="Cédula">6958734.00000000000</SimpleData>
            <SimpleData name="Nombres_y_">LIDIA  ORTELLADO PORTILLO</SimpleData>
            <SimpleData name="Sexo">Mujer</SimpleData>
            <SimpleData name="Cambio_de_">NO</SimpleData>
            <SimpleData name="Titular_se">NO</SimpleData>
            <SimpleData name="ci_UNIF">6958734.00000000000</SimpleData>
            <SimpleData name="Situación">NO</SimpleData>
            <SimpleData name="Comunidad">Campesina</SimpleData>
            <SimpleData name="Modelo_imp">Modelo 5</SimpleData>
            <SimpleData name="Departamen">SAN PEDRO</SimpleData>
            <SimpleData name="Distrito">GUAYAIBI</SimpleData>
            <SimpleData name="Localidad">CALLE 2000</SimpleData>
            <SimpleData name="Teléfono">0976434976</SimpleData>
            <SimpleData name="Vivienda_L">-24.54906980000</SimpleData>
            <SimpleData name="Vivienda_1">-56.44806670000</SimpleData>
            <SimpleData name="Superficie">0.70000000000</SimpleData>
            <SimpleData name="Situaci_1">Par?metro</SimpleData>
            <SimpleData name="Plantado">SI</SimpleData>
            <SimpleData name="Plantado_f">2025/11/20</SimpleData>
            <SimpleData name="Jornales">0.00000000000</SimpleData>
            <SimpleData name="Monto">0.00000000000</SimpleData>
            <SimpleData name="Grupo_de_p">I-P2</SimpleData>
            <SimpleData name="Estado_del">Activo</SimpleData>
            <SimpleData name="Empresa">Emilio Sol?s Grance</SimpleData>
            <SimpleData name="Lote">I</SimpleData>
            <SimpleData name="Parametro">0.70000000000</SimpleData>
            <SimpleData name="Sup_Sig">0.85442271200</SimpleData>
            <SimpleData name="Situacion">Cumple</SimpleData>
            <SimpleData name="X">-56.44798139000</SimpleData>
            <SimpleData name="Y">-24.54430405000</SimpleData>
            <SimpleData name="Shape_Leng">937.51951102400</SimpleData>
            <SimpleData name="Shape_Area">8544.22712004000</SimpleData>
          </SchemaData>
        </ExtendedData>
        <Polygon>
          <outerBoundaryIs>
            <LinearRing>
              <coordinates>
                -56.4479006996811,-24.5422562998976,0
                -56.4478747994217,-24.5463301003969,0
                -56.4480656995931,-24.5463160998814,0
                -56.4480849994325,-24.542267100522,0
                -56.4479006996811,-24.5422562998976,0
              </coordinates>
            </LinearRing>
          </outerBoundaryIs>
        </Polygon>
      </Placemark>
      <Placemark id="Lote_I.61">
        <ExtendedData>
          <SchemaData schemaUrl="#Lote_I.schema">
            <SimpleData name="Cédula">6676101.00000000000</SimpleData>
            <SimpleData name="Nombres_y_">LIZ MARIELA ROJAS SANTACRUZ</SimpleData>
            <SimpleData name="Sexo">Mujer</SimpleData>
            <SimpleData name="Cambio_de_">NO</SimpleData>
            <SimpleData name="Titular_se">NO</SimpleData>
            <SimpleData name="ci_UNIF">6676101.00000000000</SimpleData>
            <SimpleData name="Comunidad">Campesina</SimpleData>
            <SimpleData name="Modelo_imp">Modelo 1</SimpleData>
            <SimpleData name="Departamen">SAN PEDRO</SimpleData>
            <SimpleData name="Distrito">CRUCE LIBERACION</SimpleData>
            <SimpleData name="Localidad"><![CDATA[KO'E PYTA]]></SimpleData>
            <SimpleData name="Teléfono">985488795</SimpleData>
            <SimpleData name="Vivienda_L">-24.19063000000</SimpleData>
            <SimpleData name="Vivienda_1">-56.46761500000</SimpleData>
            <SimpleData name="Superficie">0.80000000000</SimpleData>
            <SimpleData name="Situaci_1">Parametro</SimpleData>
            <SimpleData name="Plantado">SI</SimpleData>
            <SimpleData name="Plantado_f">1899/12/30</SimpleData>
            <SimpleData name="Jornales">0.00000000000</SimpleData>
            <SimpleData name="Monto">0.00000000000</SimpleData>
            <SimpleData name="Grupo_de_p">I-P2</SimpleData>
            <SimpleData name="Estado_del">Activo</SimpleData>
            <SimpleData name="Empresa">Emilio Sol?s Grance</SimpleData>
            <SimpleData name="Lote">I</SimpleData>
            <SimpleData name="Parametro">0.80000000000</SimpleData>
            <SimpleData name="Sup_Sig">0.84040918128</SimpleData>
            <SimpleData name="Situacion">Cumple</SimpleData>
            <SimpleData name="X">-56.47953859000</SimpleData>
            <SimpleData name="Y">-24.20844663000</SimpleData>
            <SimpleData name="Shape_Leng">368.50360069300</SimpleData>
            <SimpleData name="Shape_Area">8404.09181278000</SimpleData>
          </SchemaData>
        </ExtendedData>
        <Polygon>
          <outerBoundaryIs>
            <LinearRing>
              <coordinates>
                -56.4790584991376,-24.2079996999755,0
                -56.4791823994071,-24.2089091997201,0
                -56.480009099629,-24.2088720996864,0
                -56.4799228992689,-24.2080162001667,0
                -56.4790584991376,-24.2079996999755,0
              </coordinates>
            </LinearRing>
          </outerBoundaryIs>
        </Polygon>
      </Placemark>
      <Placemark id="Lote_I.62">
        <ExtendedData>
          <SchemaData schemaUrl="#Lote_I.schema">
            <SimpleData name="Cédula">1759471.00000000000</SimpleData>
            <SimpleData name="Nombres_y_">DANIELA GONZALEZ DE GONZALEZ</SimpleData>
            <SimpleData name="Sexo">Mujer</SimpleData>
            <SimpleData name="Cambio_de_">NO</SimpleData>
            <SimpleData name="Titular_se">NO</SimpleData>
            <SimpleData name="ci_UNIF">1759471.00000000000</SimpleData>
            <SimpleData name="Situación">NO</SimpleData>
            <SimpleData name="Comunidad">Campesina</SimpleData>
            <SimpleData name="Modelo_imp">Modelo 1</SimpleData>
            <SimpleData name="Departamen">SAN PEDRO</SimpleData>
            <SimpleData name="Distrito">GUAYAIBI</SimpleData>
            <SimpleData name="Localidad">CALLE 2000</SimpleData>
            <SimpleData name="Teléfono">0982579060</SimpleData>
            <SimpleData name="Vivienda_L">-24.55064110000</SimpleData>
            <SimpleData name="Vivienda_1">-56.47667370000</SimpleData>
            <SimpleData name="Superficie">0.80000000000</SimpleData>
            <SimpleData name="Situaci_1">Pol?gono</SimpleData>
            <SimpleData name="Plantado">SI</SimpleData>
            <SimpleData name="Plantado_f">2025/11/20</SimpleData>
            <SimpleData name="Jornales">0.00000000000</SimpleData>
            <SimpleData name="Monto">0.00000000000</SimpleData>
            <SimpleData name="Grupo_de_p">I-P2</SimpleData>
            <SimpleData name="Estado_del">Activo</SimpleData>
            <SimpleData name="Empresa">Emilio Sol?s Grance</SimpleData>
            <SimpleData name="Lote">I</SimpleData>
            <SimpleData name="Parametro">0.80000000000</SimpleData>
            <SimpleData name="Sup_Sig">0.91697699280</SimpleData>
            <SimpleData name="Situacion">Cumple</SimpleData>
            <SimpleData name="X">-56.47696191000</SimpleData>
            <SimpleData name="Y">-24.55557522000</SimpleData>
            <SimpleData name="Shape_Leng">481.47154859500</SimpleData>
            <SimpleData name="Shape_Area">9169.76992803000</SimpleData>
          </SchemaData>
        </ExtendedData>
        <Polygon>
          <outerBoundaryIs>
            <LinearRing>
              <coordinates>
                -56.4767301998534,-24.5547320998675,0
                -56.4767216993882,-24.5564462000865,0
                -56.4771972998015,-24.5564390999255,0
                -56.4771932999259,-24.5546682996728,0
                -56.4767301998534,-24.5547320998675,0
              </coordinates>
            </LinearRing>
          </outerBoundaryIs>
        </Polygon>
      </Placemark>
      <Placemark id="Lote_I.63">
        <ExtendedData>
          <SchemaData schemaUrl="#Lote_I.schema">
            <SimpleData name="Cédula">5122958.00000000000</SimpleData>
            <SimpleData name="Nombres_y_">SONIA ORTEGA PORTILLO</SimpleData>
            <SimpleData name="Sexo">Mujer</SimpleData>
            <SimpleData name="Cambio_de_">NO</SimpleData>
            <SimpleData name="Titular_se">NO</SimpleData>
            <SimpleData name="ci_UNIF">5122958.00000000000</SimpleData>
            <SimpleData name="Comunidad">Campesina</SimpleData>
            <SimpleData name="Modelo_imp">Modelo 1</SimpleData>
            <SimpleData name="Departamen">SAN PEDRO</SimpleData>
            <SimpleData name="Distrito">CRUCE LIBERACION</SimpleData>
            <SimpleData name="Localidad">SANTA LIBRADA</SimpleData>
            <SimpleData name="Teléfono">987348688</SimpleData>
            <SimpleData name="Vivienda_L">-24.20273960000</SimpleData>
            <SimpleData name="Vivienda_1">-56.47360580000</SimpleData>
            <SimpleData name="Superficie">0.80000000000</SimpleData>
            <SimpleData name="Situaci_1">Parametro</SimpleData>
            <SimpleData name="Plantado">SI</SimpleData>
            <SimpleData name="Plantado_f">1899/12/30</SimpleData>
            <SimpleData name="Jornales">0.00000000000</SimpleData>
            <SimpleData name="Monto">0.00000000000</SimpleData>
            <SimpleData name="Grupo_de_p">I-P2</SimpleData>
            <SimpleData name="Estado_del">Activo</SimpleData>
            <SimpleData name="Empresa">Emilio Sol?s Grance</SimpleData>
            <SimpleData name="Lote">I</SimpleData>
            <SimpleData name="Parametro">0.80000000000</SimpleData>
            <SimpleData name="Sup_Sig">0.89536815363</SimpleData>
            <SimpleData name="Situacion">Cumple</SimpleData>
            <SimpleData name="X">-56.47867442000</SimpleData>
            <SimpleData name="Y">-24.20849207000</SimpleData>
            <SimpleData name="Shape_Leng">379.70180604700</SimpleData>
            <SimpleData name="Shape_Area">8953.68153633000</SimpleData>
          </SchemaData>
        </ExtendedData>
        <Polygon>
          <outerBoundaryIs>
            <LinearRing>
              <coordinates>
                -56.4782164994542,-24.2080418996793,0
                -56.4782694998042,-24.2089715004259,0
                -56.4791644991876,-24.2089178000098,0
                -56.4790528995173,-24.20801530041,0
                -56.4782164994542,-24.2080418996793,0
              </coordinates>
            </LinearRing>
          </outerBoundaryIs>
        </Polygon>
      </Placemark>
      <Placemark id="Lote_I.64">
        <ExtendedData>
          <SchemaData schemaUrl="#Lote_I.schema">
            <SimpleData name="Cédula">1235564.00000000000</SimpleData>
            <SimpleData name="Nombres_y_">PABLA DIAZ DE VARGA</SimpleData>
            <SimpleData name="Sexo">Mujer</SimpleData>
            <SimpleData name="Cambio_de_">NO</SimpleData>
            <SimpleData name="Titular_se">NO</SimpleData>
            <SimpleData name="ci_UNIF">1235564.00000000000</SimpleData>
            <SimpleData name="Situación">NO</SimpleData>
            <SimpleData name="Comunidad">Campesina</SimpleData>
            <SimpleData name="Modelo_imp">Modelo 5</SimpleData>
            <SimpleData name="Departamen">SAN PEDRO</SimpleData>
            <SimpleData name="Distrito">CRUCE LIBERACION</SimpleData>
            <SimpleData name="Localidad">COLONIA FELICIDAD</SimpleData>
            <SimpleData name="Teléfono">0</SimpleData>
            <SimpleData name="Vivienda_L">-24.16950370000</SimpleData>
            <SimpleData name="Vivienda_1">-56.35688750000</SimpleData>
            <SimpleData name="Superficie">0.70000000000</SimpleData>
            <SimpleData name="Situaci_1">Par?metro</SimpleData>
            <SimpleData name="Plantado">SI</SimpleData>
            <SimpleData name="Plantado_f">2026/02/12</SimpleData>
            <SimpleData name="Jornales">0.00000000000</SimpleData>
            <SimpleData name="Monto">0.00000000000</SimpleData>
            <SimpleData name="Grupo_de_p">I-P2</SimpleData>
            <SimpleData name="Estado_del">Activo</SimpleData>
            <SimpleData name="Empresa">Emilio Sol?s Grance</SimpleData>
            <SimpleData name="Lote">I</SimpleData>
            <SimpleData name="Parametro">0.70000000000</SimpleData>
            <SimpleData name="Sup_Sig">0.72959610782</SimpleData>
            <SimpleData name="Situacion">Cumple</SimpleData>
            <SimpleData name="X">-56.35682279000</SimpleData>
            <SimpleData name="Y">-24.17071764000</SimpleData>
            <SimpleData name="Shape_Leng">432.52092810100</SimpleData>
            <SimpleData name="Shape_Area">7295.96107815000</SimpleData>
          </SchemaData>
        </ExtendedData>
        <Polygon>
          <outerBoundaryIs>
            <LinearRing>
              <coordinates>
                -56.3565152996415,-24.1714756005247,0
                -56.3569076996592,-24.1715435004932,0
                -56.357110199853,-24.1701794999974,0
                -56.3571146993896,-24.1699531003951,0
                -56.3567243991526,-24.1699108996677,0
                -56.3565152996415,-24.1714756005247,0
              </coordinates>
            </LinearRing>
          </outerBoundaryIs>
        </Polygon>
      </Placemark>
      <Placemark id="Lote_I.65">
        <ExtendedData>
          <SchemaData schemaUrl="#Lote_I.schema">
            <SimpleData name="Cédula">4023166.00000000000</SimpleData>
            <SimpleData name="Nombres_y_">ABELINA SOSA ROMERO</SimpleData>
            <SimpleData name="Sexo">Mujer</SimpleData>
            <SimpleData name="Cambio_de_">NO</SimpleData>
            <SimpleData name="Titular_se">NO</SimpleData>
            <SimpleData name="ci_UNIF">4023166.00000000000</SimpleData>
            <SimpleData name="Situación">NO</SimpleData>
            <SimpleData name="Comunidad">Campesina</SimpleData>
            <SimpleData name="Modelo_imp">Modelo 1</SimpleData>
            <SimpleData name="Departamen">SAN PEDRO</SimpleData>
            <SimpleData name="Distrito">GUAYAIBI</SimpleData>
            <SimpleData name="Localidad">ASENT. TORO PIRU 2</SimpleData>
            <SimpleData name="Teléfono">0976202657</SimpleData>
            <SimpleData name="Vivienda_L">-24.31792500000</SimpleData>
            <SimpleData name="Vivienda_1">-56.46874130000</SimpleData>
            <SimpleData name="Superficie">0.80000000000</SimpleData>
            <SimpleData name="Situaci_1">Par?metro</SimpleData>
            <SimpleData name="Plantado">SI</SimpleData>
            <SimpleData name="Plantado_f">1899/12/30</SimpleData>
            <SimpleData name="Jornales">0.00000000000</SimpleData>
            <SimpleData name="Monto">0.00000000000</SimpleData>
            <SimpleData name="Grupo_de_p">I-P2</SimpleData>
            <SimpleData name="Estado_del">Activo</SimpleData>
            <SimpleData name="Empresa">Emilio Sol?s Grance</SimpleData>
            <SimpleData name="Lote">I</SimpleData>
            <SimpleData name="Parametro">0.80000000000</SimpleData>
            <SimpleData name="Sup_Sig">0.91052922008</SimpleData>
            <SimpleData name="Situacion">Cumple</SimpleData>
            <SimpleData name="X">-56.46826170000</SimpleData>
            <SimpleData name="Y">-24.32080679000</SimpleData>
            <SimpleData name="Shape_Leng">546.28802323300</SimpleData>
            <SimpleData name="Shape_Area">9105.29220084000</SimpleData>
          </SchemaData>
        </ExtendedData>
        <MultiGeometry>
          <Polygon>
            <outerBoundaryIs>
              <LinearRing>
                <coordinates>
                  -56.4678772997818,-24.3216385005193,0
                  -56.4684620994588,-24.3215857000156,0
                  -56.4685329999739,-24.3203733002385,0
                  -56.4679066998488,-24.3203982998383,0
                  -56.4678772997818,-24.3216385005193,0
                </coordinates>
              </LinearRing>
            </outerBoundaryIs>
          </Polygon>
          <Polygon>
            <outerBoundaryIs>
              <LinearRing>
                <coordinates>
                  -56.4686604990268,-24.3189021003284,0
                  -56.4692701992736,-24.3189028998153,0
                  -56.4692933990243,-24.3187791000504,0
                  -56.468660399681,-24.3188006004645,0
                  -56.4686604990268,-24.3189021003284,0
                </coordinates>
              </LinearRing>
            </outerBoundaryIs>
          </Polygon>
        </MultiGeometry>
      </Placemark>
      <Placemark id="Lote_I.66">
        <ExtendedData>
          <SchemaData schemaUrl="#Lote_I.schema">
            <SimpleData name="Cédula">8240030.00000000000</SimpleData>
            <SimpleData name="Nombres_y_">ZUNILDA MARIA LOPEZ</SimpleData>
            <SimpleData name="Sexo">Mujer</SimpleData>
            <SimpleData name="Cambio_de_">NO</SimpleData>
            <SimpleData name="Titular_se">NO</SimpleData>
            <SimpleData name="ci_UNIF">8240030.00000000000</SimpleData>
            <SimpleData name="Situación">NO</SimpleData>
            <SimpleData name="Comunidad">Campesina</SimpleData>
            <SimpleData name="Modelo_imp">Modelo 5</SimpleData>
            <SimpleData name="Departamen">SAN PEDRO</SimpleData>
            <SimpleData name="Distrito">GUAYAIBI</SimpleData>
            <SimpleData name="Localidad">PLANCHADA EVA</SimpleData>
            <SimpleData name="Teléfono">0981683733</SimpleData>
            <SimpleData name="Vivienda_L">-24.36648200000</SimpleData>
            <SimpleData name="Vivienda_1">-56.36283380000</SimpleData>
            <SimpleData name="Superficie">0.70000000000</SimpleData>
            <SimpleData name="Situaci_1">Par?metro</SimpleData>
            <SimpleData name="Plantado">SI</SimpleData>
            <SimpleData name="Plantado_f">2025/11/20</SimpleData>
            <SimpleData name="Jornales">0.00000000000</SimpleData>
            <SimpleData name="Monto">0.00000000000</SimpleData>
            <SimpleData name="Grupo_de_p">I-P2</SimpleData>
            <SimpleData name="Estado_del">Activo</SimpleData>
            <SimpleData name="Empresa">Emilio Sol?s Grance</SimpleData>
            <SimpleData name="Lote">I</SimpleData>
            <SimpleData name="Parametro">0.70000000000</SimpleData>
            <SimpleData name="Sup_Sig">0.76398837348</SimpleData>
            <SimpleData name="Situacion">Cumple</SimpleData>
            <SimpleData name="X">-56.36316911000</SimpleData>
            <SimpleData name="Y">-24.36707951000</SimpleData>
            <SimpleData name="Shape_Leng">545.74481671600</SimpleData>
            <SimpleData name="Shape_Area">7639.88373478000</SimpleData>
          </SchemaData>
        </ExtendedData>
        <MultiGeometry>
          <Polygon>
            <outerBoundaryIs>
              <LinearRing>
                <coordinates>
                  -56.3634622994096,-24.367797100081,0
                  -56.3637699991988,-24.3674732999439,0
                  -56.362719899287,-24.3666536000838,0
                  -56.3624931993507,-24.3668871999542,0
                  -56.3634622994096,-24.367797100081,0
                </coordinates>
              </LinearRing>
            </outerBoundaryIs>
          </Polygon>
          <Polygon>
            <outerBoundaryIs>
              <LinearRing>
                <coordinates>
                  -56.3632785995635,-24.3669178001725,0
                  -56.3635961990941,-24.3667413002477,0
                  -56.3631771996037,-24.3663465998526,0
                  -56.3629627999373,-24.3664837001507,0
                  -56.3632785995635,-24.3669178001725,0
                </coordinates>
              </LinearRing>
            </outerBoundaryIs>
          </Polygon>
        </MultiGeometry>
      </Placemark>
      <Placemark id="Lote_I.67">
        <ExtendedData>
          <SchemaData schemaUrl="#Lote_I.schema">
            <SimpleData name="Cédula">5432675.00000000000</SimpleData>
            <SimpleData name="Nombres_y_">CECILIA GARCIA CANTERO</SimpleData>
            <SimpleData name="Sexo">Mujer</SimpleData>
            <SimpleData name="Cambio_de_">NO</SimpleData>
            <SimpleData name="Titular_se">NO</SimpleData>
            <SimpleData name="ci_UNIF">5432675.00000000000</SimpleData>
            <SimpleData name="Situación">NO</SimpleData>
            <SimpleData name="Comunidad">Campesina</SimpleData>
            <SimpleData name="Modelo_imp">Modelo 1</SimpleData>
            <SimpleData name="Departamen">SAN PEDRO</SimpleData>
            <SimpleData name="Distrito">GUAYAIBI</SimpleData>
            <SimpleData name="Localidad">ASENT. TORO PIRU 2</SimpleData>
            <SimpleData name="Teléfono">0971481902</SimpleData>
            <SimpleData name="Vivienda_L">-24.32480680000</SimpleData>
            <SimpleData name="Vivienda_1">-56.46360050000</SimpleData>
            <SimpleData name="Superficie">0.80000000000</SimpleData>
            <SimpleData name="Situaci_1">Par?metro</SimpleData>
            <SimpleData name="Plantado">SI</SimpleData>
            <SimpleData name="Plantado_f">1899/12/30</SimpleData>
            <SimpleData name="Jornales">0.00000000000</SimpleData>
            <SimpleData name="Monto">0.00000000000</SimpleData>
            <SimpleData name="Grupo_de_p">I-P2</SimpleData>
            <SimpleData name="Estado_del">Activo</SimpleData>
            <SimpleData name="Empresa">Emilio Sol?s Grance</SimpleData>
            <SimpleData name="Lote">I</SimpleData>
            <SimpleData name="Parametro">0.80000000000</SimpleData>
            <SimpleData name="Sup_Sig">0.81015947519</SimpleData>
            <SimpleData name="Situacion">Cumple</SimpleData>
            <SimpleData name="X">-56.46577191000</SimpleData>
            <SimpleData name="Y">-24.32761948000</SimpleData>
            <SimpleData name="Shape_Leng">401.59380303000</SimpleData>
            <SimpleData name="Shape_Area">8101.59475189000</SimpleData>
          </SchemaData>
        </ExtendedData>
        <Polygon>
          <outerBoundaryIs>
            <LinearRing>
              <coordinates>
                -56.4650768998917,-24.3273803003015,0
                -56.4650343996735,-24.3278794005258,0
                -56.4664924997193,-24.3278619003253,0
                -56.4664697993128,-24.3273487999003,0
                -56.4650768998917,-24.3273803003015,0
              </coordinates>
            </LinearRing>
          </outerBoundaryIs>
        </Polygon>
      </Placemark>
      <Placemark id="Lote_I.68">
        <ExtendedData>
          <SchemaData schemaUrl="#Lote_I.schema">
            <SimpleData name="Cédula">7016369.00000000000</SimpleData>
            <SimpleData name="Nombres_y_">HILARIO GALEANO BENITEZ</SimpleData>
            <SimpleData name="Sexo">Hombre</SimpleData>
            <SimpleData name="Cambio_de_">NO</SimpleData>
            <SimpleData name="Titular_se">NO</SimpleData>
            <SimpleData name="ci_UNIF">7016369.00000000000</SimpleData>
            <SimpleData name="Situación">NO</SimpleData>
            <SimpleData name="Comunidad">Ind?gena</SimpleData>
            <SimpleData name="Modelo_imp">Modelo 5</SimpleData>
            <SimpleData name="Departamen">SAN PEDRO</SimpleData>
            <SimpleData name="Distrito">CHORE</SimpleData>
            <SimpleData name="Localidad"><![CDATA[COM INDIG ?U APU'A]]></SimpleData>
            <SimpleData name="Teléfono">0972872789</SimpleData>
            <SimpleData name="Vivienda_L">-24.33303000000</SimpleData>
            <SimpleData name="Vivienda_1">-56.54523670000</SimpleData>
            <SimpleData name="Superficie">0.70000000000</SimpleData>
            <SimpleData name="Situaci_1">Par?metro</SimpleData>
            <SimpleData name="Plantado">SI</SimpleData>
            <SimpleData name="Plantado_f">2025/12/18</SimpleData>
            <SimpleData name="Jornales">0.00000000000</SimpleData>
            <SimpleData name="Monto">0.00000000000</SimpleData>
            <SimpleData name="Grupo_de_p">I-P2</SimpleData>
            <SimpleData name="Estado_del">Activo</SimpleData>
            <SimpleData name="Empresa">Emilio Sol?s Grance</SimpleData>
            <SimpleData name="Lote">I</SimpleData>
            <SimpleData name="Parametro">0.70000000000</SimpleData>
            <SimpleData name="Sup_Sig">0.77172171876</SimpleData>
            <SimpleData name="Situacion">Cumple</SimpleData>
            <SimpleData name="X">-56.54421394000</SimpleData>
            <SimpleData name="Y">-24.33270456000</SimpleData>
            <SimpleData name="Shape_Leng">397.00713896200</SimpleData>
            <SimpleData name="Shape_Area">7717.21718764000</SimpleData>
          </SchemaData>
        </ExtendedData>
        <Polygon>
          <outerBoundaryIs>
            <LinearRing>
              <coordinates>
                -56.5434916995896,-24.3325582996423,0
                -56.5434806994178,-24.3330058001109,0
                -56.5449202992783,-24.3328882997249,0
                -56.5448885999969,-24.3323692004487,0
                -56.5434916995896,-24.3325582996423,0
              </coordinates>
            </LinearRing>
          </outerBoundaryIs>
        </Polygon>
      </Placemark>
      <Placemark id="Lote_I.69">
        <ExtendedData>
          <SchemaData schemaUrl="#Lote_I.schema">
            <SimpleData name="Cédula">5676991.00000000000</SimpleData>
            <SimpleData name="Nombres_y_">PABLA ROSSANA ROJAS AREVALO</SimpleData>
            <SimpleData name="Sexo">Mujer</SimpleData>
            <SimpleData name="Cambio_de_">NO</SimpleData>
            <SimpleData name="Titular_se">NO</SimpleData>
            <SimpleData name="ci_UNIF">5676991.00000000000</SimpleData>
            <SimpleData name="Situación">NO</SimpleData>
            <SimpleData name="Comunidad">Campesina</SimpleData>
            <SimpleData name="Modelo_imp">Modelo 1</SimpleData>
            <SimpleData name="Departamen">SAN PEDRO</SimpleData>
            <SimpleData name="Distrito">CRUCE LIBERACION</SimpleData>
            <SimpleData name="Localidad">COLONIA FELICIDAD</SimpleData>
            <SimpleData name="Teléfono">0985274653</SimpleData>
            <SimpleData name="Vivienda_L">-24.16961770000</SimpleData>
            <SimpleData name="Vivienda_1">-56.35747320000</SimpleData>
            <SimpleData name="Superficie">0.80000000000</SimpleData>
            <SimpleData name="Situaci_1">Par?metro</SimpleData>
            <SimpleData name="Plantado">SI</SimpleData>
            <SimpleData name="Plantado_f">2026/02/12</SimpleData>
            <SimpleData name="Jornales">0.00000000000</SimpleData>
            <SimpleData name="Monto">0.00000000000</SimpleData>
            <SimpleData name="Grupo_de_p">I-P2</SimpleData>
            <SimpleData name="Estado_del">Activo</SimpleData>
            <SimpleData name="Empresa">Emilio Sol?s Grance</SimpleData>
            <SimpleData name="Lote">I</SimpleData>
            <SimpleData name="Parametro">0.80000000000</SimpleData>
            <SimpleData name="Sup_Sig">0.85685228982</SimpleData>
            <SimpleData name="Situacion">Cumple</SimpleData>
            <SimpleData name="X">-56.35702448000</SimpleData>
            <SimpleData name="Y">-24.17403088000</SimpleData>
            <SimpleData name="Shape_Leng">546.07244740800</SimpleData>
            <SimpleData name="Shape_Area">8568.52289824000</SimpleData>
          </SchemaData>
        </ExtendedData>
        <MultiGeometry>
          <Polygon>
            <outerBoundaryIs>
              <LinearRing>
                <coordinates>
                  -56.3567106990535,-24.1744082005301,0
                  -56.3572658993449,-24.1743874998622,0
                  -56.3573588995501,-24.1736696998493,0
                  -56.3567649996453,-24.1736750002999,0
                  -56.3567106990535,-24.1744082005301,0
                </coordinates>
              </LinearRing>
            </outerBoundaryIs>
          </Polygon>
          <Polygon>
            <outerBoundaryIs>
              <LinearRing>
                <coordinates>
                  -56.357366199057,-24.1714492996711,0
                  -56.3574802999343,-24.1706321003129,0
                  -56.3570540999278,-24.1706133002309,0
                  -56.3569505993436,-24.171430199814,0
                  -56.357366199057,-24.1714492996711,0
                </coordinates>
              </LinearRing>
            </outerBoundaryIs>
          </Polygon>
        </MultiGeometry>
      </Placemark>
      <Placemark id="Lote_I.70">
        <ExtendedData>
          <SchemaData schemaUrl="#Lote_I.schema">
            <SimpleData name="Cédula">6881167.00000000000</SimpleData>
            <SimpleData name="Nombres_y_">SANDRA PRIETO PRIETO</SimpleData>
            <SimpleData name="Sexo">Mujer</SimpleData>
            <SimpleData name="Cambio_de_">NO</SimpleData>
            <SimpleData name="Titular_se">NO</SimpleData>
            <SimpleData name="ci_UNIF">6881167.00000000000</SimpleData>
            <SimpleData name="Situación">NO</SimpleData>
            <SimpleData name="Comunidad">Campesina</SimpleData>
            <SimpleData name="Modelo_imp">Modelo 5</SimpleData>
            <SimpleData name="Departamen">SAN PEDRO</SimpleData>
            <SimpleData name="Distrito">CHORE</SimpleData>
            <SimpleData name="Localidad">SAN BLAS 2</SimpleData>
            <SimpleData name="Teléfono">0983219353</SimpleData>
            <SimpleData name="Vivienda_L">-24.10333900000</SimpleData>
            <SimpleData name="Vivienda_1">-56.66193480000</SimpleData>
            <SimpleData name="Superficie">0.70000000000</SimpleData>
            <SimpleData name="Situaci_1">Par?metro</SimpleData>
            <SimpleData name="Plantado">SI</SimpleData>
            <SimpleData name="Plantado_f">1899/12/30</SimpleData>
            <SimpleData name="Jornales">0.00000000000</SimpleData>
            <SimpleData name="Monto">0.00000000000</SimpleData>
            <SimpleData name="Grupo_de_p">I-P2</SimpleData>
            <SimpleData name="Estado_del">Activo</SimpleData>
            <SimpleData name="Empresa">Emilio Sol?s Grance</SimpleData>
            <SimpleData name="Lote">I</SimpleData>
            <SimpleData name="Parametro">0.70000000000</SimpleData>
            <SimpleData name="Sup_Sig">0.80405855441</SimpleData>
            <SimpleData name="Situacion">Cumple</SimpleData>
            <SimpleData name="X">-56.66249331000</SimpleData>
            <SimpleData name="Y">-24.10382972000</SimpleData>
            <SimpleData name="Shape_Leng">392.51360859400</SimpleData>
            <SimpleData name="Shape_Area">8040.58554406000</SimpleData>
          </SchemaData>
        </ExtendedData>
        <Polygon>
          <outerBoundaryIs>
            <LinearRing>
              <coordinates>
                -56.6619612998531,-24.1038783004299,0
                -56.661958399437,-24.1042818997435,0
                -56.6628541991562,-24.1042295000276,0
                -56.6629276991649,-24.1032460002558,0
                -56.6624406998347,-24.1032842998248,0
                -56.6623833992777,-24.1036803004868,0
                -56.6621387999986,-24.1036907005111,0
                -56.6620819996474,-24.1037509000707,0
                -56.6620355994883,-24.1037612999547,0
                -56.6619612998531,-24.1038783004299,0
              </coordinates>
            </LinearRing>
          </outerBoundaryIs>
        </Polygon>
      </Placemark>
      <Placemark id="Lote_I.71">
        <ExtendedData>
          <SchemaData schemaUrl="#Lote_I.schema">
            <SimpleData name="Cédula">7947631.00000000000</SimpleData>
            <SimpleData name="Nombres_y_">MARIANA ECHEVERRIA COLLANTE</SimpleData>
            <SimpleData name="Sexo">Mujer</SimpleData>
            <SimpleData name="Cambio_de_">NO</SimpleData>
            <SimpleData name="Titular_se">NO</SimpleData>
            <SimpleData name="ci_UNIF">7947631.00000000000</SimpleData>
            <SimpleData name="Situación">NO</SimpleData>
            <SimpleData name="Comunidad">Campesina</SimpleData>
            <SimpleData name="Modelo_imp">Modelo 1</SimpleData>
            <SimpleData name="Departamen">SAN PEDRO</SimpleData>
            <SimpleData name="Distrito">CRUCE LIBERACION</SimpleData>
            <SimpleData name="Localidad">COLONIA FELICIDAD</SimpleData>
            <SimpleData name="Teléfono">0975307018</SimpleData>
            <SimpleData name="Vivienda_L">-24.20135770000</SimpleData>
            <SimpleData name="Vivienda_1">-56.36201900000</SimpleData>
            <SimpleData name="Superficie">0.80000000000</SimpleData>
            <SimpleData name="Situaci_1">Par?metro</SimpleData>
            <SimpleData name="Plantado">SI</SimpleData>
            <SimpleData name="Plantado_f">1899/12/30</SimpleData>
            <SimpleData name="Jornales">0.00000000000</SimpleData>
            <SimpleData name="Monto">0.00000000000</SimpleData>
            <SimpleData name="Grupo_de_p">I-P2</SimpleData>
            <SimpleData name="Estado_del">Activo</SimpleData>
            <SimpleData name="Empresa">Emilio Sol?s Grance</SimpleData>
            <SimpleData name="Lote">I</SimpleData>
            <SimpleData name="Parametro">0.80000000000</SimpleData>
            <SimpleData name="Sup_Sig">0.86294763470</SimpleData>
            <SimpleData name="Situacion">Cumple</SimpleData>
            <SimpleData name="X">-56.36144372000</SimpleData>
            <SimpleData name="Y">-24.20119684000</SimpleData>
            <SimpleData name="Shape_Leng">449.11016465200</SimpleData>
            <SimpleData name="Shape_Area">8629.47634701000</SimpleData>
          </SchemaData>
        </ExtendedData>
        <Polygon>
          <outerBoundaryIs>
            <LinearRing>
              <coordinates>
                -56.3613568994312,-24.2004963996399,0
                -56.3613223065002,-24.2009831044302,0
                -56.3611625994681,-24.2009786000794,0
                -56.3609737991729,-24.2015521000949,0
                -56.360997099539,-24.2017205997058,0
                -56.3612831993246,-24.2017894004547,0
                -56.3617246995745,-24.2018373996892,0
                -56.361652768207,-24.2010024794095,0
                -56.3618330998227,-24.2010129998269,0
                -56.361844199618,-24.2004894998955,0
                -56.3613568994312,-24.2004963996399,0
              </coordinates>
            </LinearRing>
          </outerBoundaryIs>
        </Polygon>
      </Placemark>
      <Placemark id="Lote_I.72">
        <ExtendedData>
          <SchemaData schemaUrl="#Lote_I.schema">
            <SimpleData name="Cédula">3946662.00000000000</SimpleData>
            <SimpleData name="Nombres_y_">CARMELO PAVON RIVEROS</SimpleData>
            <SimpleData name="Sexo">Hombre</SimpleData>
            <SimpleData name="Cambio_de_">NO</SimpleData>
            <SimpleData name="Titular_se">NO</SimpleData>
            <SimpleData name="ci_UNIF">3946662.00000000000</SimpleData>
            <SimpleData name="Situación">NO</SimpleData>
            <SimpleData name="Comunidad">Campesina</SimpleData>
            <SimpleData name="Modelo_imp">Modelo 1</SimpleData>
            <SimpleData name="Departamen">SAN PEDRO</SimpleData>
            <SimpleData name="Distrito">GUAYAIBI</SimpleData>
            <SimpleData name="Localidad">CALLE ASUNCION</SimpleData>
            <SimpleData name="Teléfono">0986657474</SimpleData>
            <SimpleData name="Vivienda_L">-24.43093000000</SimpleData>
            <SimpleData name="Vivienda_1">-56.45292430000</SimpleData>
            <SimpleData name="Superficie">0.80000000000</SimpleData>
            <SimpleData name="Situaci_1">Par?metro</SimpleData>
            <SimpleData name="Plantado">SI</SimpleData>
            <SimpleData name="Plantado_f">2025/12/16</SimpleData>
            <SimpleData name="Jornales">0.00000000000</SimpleData>
            <SimpleData name="Monto">0.00000000000</SimpleData>
            <SimpleData name="Grupo_de_p">I-P2</SimpleData>
            <SimpleData name="Estado_del">Activo</SimpleData>
            <SimpleData name="Empresa">Emilio Sol?s Grance</SimpleData>
            <SimpleData name="Lote">I</SimpleData>
            <SimpleData name="Parametro">0.80000000000</SimpleData>
            <SimpleData name="Sup_Sig">0.88995972527</SimpleData>
            <SimpleData name="Situacion">Cumple</SimpleData>
            <SimpleData name="X">-56.45299924000</SimpleData>
            <SimpleData name="Y">-24.42988272000</SimpleData>
            <SimpleData name="Shape_Leng">540.37260438600</SimpleData>
            <SimpleData name="Shape_Area">8899.59725268000</SimpleData>
          </SchemaData>
        </ExtendedData>
        <MultiGeometry>
          <Polygon>
            <outerBoundaryIs>
              <LinearRing>
                <coordinates>
                  -56.4531905995977,-24.4305266003245,0
                  -56.4531483992527,-24.4292755002345,0
                  -56.452673199893,-24.4292497004812,0
                  -56.4525944998887,-24.4303959997367,0
                  -56.4531905995977,-24.4305266003245,0
                </coordinates>
              </LinearRing>
            </outerBoundaryIs>
          </Polygon>
          <Polygon>
            <outerBoundaryIs>
              <LinearRing>
                <coordinates>
                  -56.4536085997136,-24.4300656999675,0
                  -56.453611799265,-24.4297014997653,0
                  -56.4531874995327,-24.4296780999225,0
                  -56.4532253999518,-24.4300552002089,0
                  -56.4536085997136,-24.4300656999675,0
                </coordinates>
              </LinearRing>
            </outerBoundaryIs>
          </Polygon>
        </MultiGeometry>
      </Placemark>
      <Placemark id="Lote_I.73">
        <ExtendedData>
          <SchemaData schemaUrl="#Lote_I.schema">
            <SimpleData name="Cédula">6209981.00000000000</SimpleData>
            <SimpleData name="Nombres_y_">DELIA JARA GIMENEZ</SimpleData>
            <SimpleData name="Sexo">Mujer</SimpleData>
            <SimpleData name="Cambio_de_">NO</SimpleData>
            <SimpleData name="Titular_se">NO</SimpleData>
            <SimpleData name="ci_UNIF">6209981.00000000000</SimpleData>
            <SimpleData name="Situación">NO</SimpleData>
            <SimpleData name="Comunidad">Campesina</SimpleData>
            <SimpleData name="Modelo_imp">Modelo 5</SimpleData>
            <SimpleData name="Departamen">SAN PEDRO</SimpleData>
            <SimpleData name="Distrito">GUAYAIBI</SimpleData>
            <SimpleData name="Localidad">ASENT. TORO PIRU 2</SimpleData>
            <SimpleData name="Teléfono">0976493017</SimpleData>
            <SimpleData name="Vivienda_L">-24.32014360000</SimpleData>
            <SimpleData name="Vivienda_1">-56.46421320000</SimpleData>
            <SimpleData name="Superficie">0.70000000000</SimpleData>
            <SimpleData name="Situaci_1">Par?metro</SimpleData>
            <SimpleData name="Plantado">SI</SimpleData>
            <SimpleData name="Plantado_f">1899/12/30</SimpleData>
            <SimpleData name="Jornales">0.00000000000</SimpleData>
            <SimpleData name="Monto">0.00000000000</SimpleData>
            <SimpleData name="Grupo_de_p">I-P2</SimpleData>
            <SimpleData name="Estado_del">Activo</SimpleData>
            <SimpleData name="Empresa">Emilio Sol?s Grance</SimpleData>
            <SimpleData name="Lote">I</SimpleData>
            <SimpleData name="Parametro">0.70000000000</SimpleData>
            <SimpleData name="Sup_Sig">0.80269974656</SimpleData>
            <SimpleData name="Situacion">Cumple</SimpleData>
            <SimpleData name="X">-56.46644429000</SimpleData>
            <SimpleData name="Y">-24.32371695000</SimpleData>
            <SimpleData name="Shape_Leng">361.83101012200</SimpleData>
            <SimpleData name="Shape_Area">8026.99746558000</SimpleData>
          </SchemaData>
        </ExtendedData>
        <Polygon>
          <outerBoundaryIs>
            <LinearRing>
              <coordinates>
                -56.4659059997795,-24.3233860997232,0
                -56.4659712990227,-24.324090800399,0
                -56.4669653995817,-24.3240514003978,0
                -56.4669361996819,-24.3233478004513,0
                -56.4659059997795,-24.3233860997232,0
              </coordinates>
            </LinearRing>
          </outerBoundaryIs>
        </Polygon>
      </Placemark>
      <Placemark id="Lote_I.74">
        <ExtendedData>
          <SchemaData schemaUrl="#Lote_I.schema">
            <SimpleData name="Cédula">7168566.00000000000</SimpleData>
            <SimpleData name="Nombres_y_">ADA JUSTA VERA DIAZ</SimpleData>
            <SimpleData name="Sexo">Mujer</SimpleData>
            <SimpleData name="Cambio_de_">NO</SimpleData>
            <SimpleData name="Titular_se">NO</SimpleData>
            <SimpleData name="ci_UNIF">7168566.00000000000</SimpleData>
            <SimpleData name="Situación">NO</SimpleData>
            <SimpleData name="Comunidad">Campesina</SimpleData>
            <SimpleData name="Modelo_imp">Modelo 5</SimpleData>
            <SimpleData name="Departamen">SAN PEDRO</SimpleData>
            <SimpleData name="Distrito">CRUCE LIBERACION</SimpleData>
            <SimpleData name="Localidad">COLONIA FELICIDAD</SimpleData>
            <SimpleData name="Teléfono">0976441046</SimpleData>
            <SimpleData name="Vivienda_L">-24.16912830000</SimpleData>
            <SimpleData name="Vivienda_1">-56.35740830000</SimpleData>
            <SimpleData name="Superficie">0.70000000000</SimpleData>
            <SimpleData name="Situaci_1">Par?metro</SimpleData>
            <SimpleData name="Plantado">SI</SimpleData>
            <SimpleData name="Plantado_f">2026/02/12</SimpleData>
            <SimpleData name="Jornales">0.00000000000</SimpleData>
            <SimpleData name="Monto">0.00000000000</SimpleData>
            <SimpleData name="Grupo_de_p">I-P2</SimpleData>
            <SimpleData name="Estado_del">Activo</SimpleData>
            <SimpleData name="Empresa">Emilio Sol?s Grance</SimpleData>
            <SimpleData name="Lote">I</SimpleData>
            <SimpleData name="Parametro">0.70000000000</SimpleData>
            <SimpleData name="Sup_Sig">0.72672069560</SimpleData>
            <SimpleData name="Situacion">Cumple</SimpleData>
            <SimpleData name="X">-56.35556067000</SimpleData>
            <SimpleData name="Y">-24.17401829000</SimpleData>
            <SimpleData name="Shape_Leng">355.01530474900</SimpleData>
            <SimpleData name="Shape_Area">7267.20695599000</SimpleData>
          </SchemaData>
        </ExtendedData>
        <Polygon>
          <outerBoundaryIs>
            <LinearRing>
              <coordinates>
                -56.3549684991466,-24.1742676996969,0
                -56.3560573996896,-24.1743535001789,0
                -56.356124999665,-24.173698299974,0
                -56.3549999994656,-24.1737567001427,0
                -56.3549684991466,-24.1742676996969,0
              </coordinates>
            </LinearRing>
          </outerBoundaryIs>
        </Polygon>
      </Placemark>
      <Placemark id="Lote_I.75">
        <ExtendedData>
          <SchemaData schemaUrl="#Lote_I.schema">
            <SimpleData name="Cédula">6136365.00000000000</SimpleData>
            <SimpleData name="Nombres_y_">PEDRO PABLO GODOY LOPEZ</SimpleData>
            <SimpleData name="Sexo">Hombre</SimpleData>
            <SimpleData name="Cambio_de_">NO</SimpleData>
            <SimpleData name="Titular_se">NO</SimpleData>
            <SimpleData name="ci_UNIF">6136365.00000000000</SimpleData>
            <SimpleData name="Situación">NO</SimpleData>
            <SimpleData name="Comunidad">Campesina</SimpleData>
            <SimpleData name="Modelo_imp">Modelo 1</SimpleData>
            <SimpleData name="Departamen">SAN PEDRO</SimpleData>
            <SimpleData name="Distrito">GUAYAIBI</SimpleData>
            <SimpleData name="Localidad">CALLE ASUNCION</SimpleData>
            <SimpleData name="Teléfono">0985946664</SimpleData>
            <SimpleData name="Vivienda_L">-24.43125810000</SimpleData>
            <SimpleData name="Vivienda_1">-56.43578460000</SimpleData>
            <SimpleData name="Superficie">0.80000000000</SimpleData>
            <SimpleData name="Situaci_1">Pol?gono</SimpleData>
            <SimpleData name="Plantado">SI</SimpleData>
            <SimpleData name="Plantado_f">2025/11/24</SimpleData>
            <SimpleData name="Jornales">0.00000000000</SimpleData>
            <SimpleData name="Monto">0.00000000000</SimpleData>
            <SimpleData name="Grupo_de_p">I-P2</SimpleData>
            <SimpleData name="Estado_del">Activo</SimpleData>
            <SimpleData name="Empresa">Emilio Sol?s Grance</SimpleData>
            <SimpleData name="Lote">I</SimpleData>
            <SimpleData name="Parametro">0.80000000000</SimpleData>
            <SimpleData name="Sup_Sig">0.81293917997</SimpleData>
            <SimpleData name="Situacion">Cumple</SimpleData>
            <SimpleData name="X">-56.43570903000</SimpleData>
            <SimpleData name="Y">-24.43326037000</SimpleData>
            <SimpleData name="Shape_Leng">717.21935436900</SimpleData>
            <SimpleData name="Shape_Area">8129.39179973000</SimpleData>
          </SchemaData>
        </ExtendedData>
        <Polygon>
          <outerBoundaryIs>
            <LinearRing>
              <coordinates>
                -56.4354504992997,-24.4347533001045,0
                -56.4356874998941,-24.4347806005058,0
                -56.4359689997928,-24.4317623003156,0
                -56.4357275992918,-24.4317556001893,0
                -56.4354504992997,-24.4347533001045,0
              </coordinates>
            </LinearRing>
          </outerBoundaryIs>
        </Polygon>
      </Placemark>
      <Placemark id="Lote_I.76">
        <ExtendedData>
          <SchemaData schemaUrl="#Lote_I.schema">
            <SimpleData name="Cédula">3620884.00000000000</SimpleData>
            <SimpleData name="Nombres_y_">EZEQUIEL PRIETO</SimpleData>
            <SimpleData name="Sexo">Hombre</SimpleData>
            <SimpleData name="Cambio_de_">NO</SimpleData>
            <SimpleData name="Titular_se">NO</SimpleData>
            <SimpleData name="ci_UNIF">3620884.00000000000</SimpleData>
            <SimpleData name="Situación">NO</SimpleData>
            <SimpleData name="Comunidad">Campesina</SimpleData>
            <SimpleData name="Modelo_imp">Modelo 5</SimpleData>
            <SimpleData name="Departamen">SAN PEDRO</SimpleData>
            <SimpleData name="Distrito">GUAYAIBI</SimpleData>
            <SimpleData name="Localidad">SAN FRANCISCO</SimpleData>
            <SimpleData name="Teléfono">0992784544</SimpleData>
            <SimpleData name="Vivienda_L">-24.53245940000</SimpleData>
            <SimpleData name="Vivienda_1">-56.49811310000</SimpleData>
            <SimpleData name="Superficie">0.70000000000</SimpleData>
            <SimpleData name="Situaci_1">Pol?gono</SimpleData>
            <SimpleData name="Plantado">SI</SimpleData>
            <SimpleData name="Plantado_f">2025/11/20</SimpleData>
            <SimpleData name="Jornales">0.00000000000</SimpleData>
            <SimpleData name="Monto">0.00000000000</SimpleData>
            <SimpleData name="Grupo_de_p">I-P2</SimpleData>
            <SimpleData name="Estado_del">Activo</SimpleData>
            <SimpleData name="Empresa">Emilio Sol?s Grance</SimpleData>
            <SimpleData name="Lote">I</SimpleData>
            <SimpleData name="Parametro">0.70000000000</SimpleData>
            <SimpleData name="Sup_Sig">0.78906776598</SimpleData>
            <SimpleData name="Situacion">Cumple</SimpleData>
            <SimpleData name="X">-56.49802497000</SimpleData>
            <SimpleData name="Y">-24.53831873000</SimpleData>
            <SimpleData name="Shape_Leng">374.82794227400</SimpleData>
            <SimpleData name="Shape_Area">7890.67765975000</SimpleData>
          </SchemaData>
        </ExtendedData>
        <Polygon>
          <outerBoundaryIs>
            <LinearRing>
              <coordinates>
                -56.4977070990466,-24.5377390997315,0
                -56.4977177999395,-24.5388907001278,0
                -56.4983374994071,-24.5388669997543,0
                -56.4983520992345,-24.5377934002647,0
                -56.4977070990466,-24.5377390997315,0
              </coordinates>
            </LinearRing>
          </outerBoundaryIs>
        </Polygon>
      </Placemark>
      <Placemark id="Lote_I.77">
        <ExtendedData>
          <SchemaData schemaUrl="#Lote_I.schema">
            <SimpleData name="Cédula">4941522.00000000000</SimpleData>
            <SimpleData name="Nombres_y_">EUNICE GARCIA CANTERO</SimpleData>
            <SimpleData name="Sexo">Mujer</SimpleData>
            <SimpleData name="Cambio_de_">NO</SimpleData>
            <SimpleData name="Titular_se">NO</SimpleData>
            <SimpleData name="ci_UNIF">4941522.00000000000</SimpleData>
            <SimpleData name="Situación">NO</SimpleData>
            <SimpleData name="Comunidad">Campesina</SimpleData>
            <SimpleData name="Modelo_imp">Modelo 1</SimpleData>
            <SimpleData name="Departamen">SAN PEDRO</SimpleData>
            <SimpleData name="Distrito">GUAYAIBI</SimpleData>
            <SimpleData name="Localidad">ASENT. TORO PIRU 2</SimpleData>
            <SimpleData name="Teléfono">0975388883</SimpleData>
            <SimpleData name="Vivienda_L">-24.32059550000</SimpleData>
            <SimpleData name="Vivienda_1">-56.46411020000</SimpleData>
            <SimpleData name="Superficie">0.80000000000</SimpleData>
            <SimpleData name="Situaci_1">Par?metro</SimpleData>
            <SimpleData name="Plantado">SI</SimpleData>
            <SimpleData name="Plantado_f">1899/12/30</SimpleData>
            <SimpleData name="Jornales">0.00000000000</SimpleData>
            <SimpleData name="Monto">0.00000000000</SimpleData>
            <SimpleData name="Grupo_de_p">I-P2</SimpleData>
            <SimpleData name="Estado_del">Activo</SimpleData>
            <SimpleData name="Empresa">Emilio Sol?s Grance</SimpleData>
            <SimpleData name="Lote">I</SimpleData>
            <SimpleData name="Parametro">0.80000000000</SimpleData>
            <SimpleData name="Sup_Sig">1.03096062470</SimpleData>
            <SimpleData name="Situacion">Cumple</SimpleData>
            <SimpleData name="X">-56.46578105000</SimpleData>
            <SimpleData name="Y">-24.32807772000</SimpleData>
            <SimpleData name="Shape_Leng">609.71308719900</SimpleData>
            <SimpleData name="Shape_Area">10309.60624700000</SimpleData>
          </SchemaData>
        </ExtendedData>
        <Polygon>
          <outerBoundaryIs>
            <LinearRing>
              <coordinates>
                -56.4645260999089,-24.3279190001275,0
                -56.4645384998816,-24.3283231003669,0
                -56.4651749998159,-24.3282936001362,0
                -56.4651796993429,-24.3282173002585,0
                -56.4659042995397,-24.3282162002808,0
                -56.4658812994426,-24.3282748999581,0
                -56.4670105993842,-24.3282507001262,0
                -56.4670303995827,-24.3278658005172,0
                -56.4645260999089,-24.3279190001275,0
              </coordinates>
            </LinearRing>
          </outerBoundaryIs>
        </Polygon>
      </Placemark>
      <Placemark id="Lote_I.78">
        <ExtendedData>
          <SchemaData schemaUrl="#Lote_I.schema">
            <SimpleData name="Cédula">5995637.00000000000</SimpleData>
            <SimpleData name="Nombres_y_">LELIA AQUINO VILLALBA</SimpleData>
            <SimpleData name="Sexo">Mujer</SimpleData>
            <SimpleData name="Cambio_de_">NO</SimpleData>
            <SimpleData name="Titular_se">NO</SimpleData>
            <SimpleData name="ci_UNIF">5995637.00000000000</SimpleData>
            <SimpleData name="Situación">NO</SimpleData>
            <SimpleData name="Comunidad">Campesina</SimpleData>
            <SimpleData name="Modelo_imp">Modelo 1</SimpleData>
            <SimpleData name="Departamen">SAN PEDRO</SimpleData>
            <SimpleData name="Distrito">CRUCE LIBERACION</SimpleData>
            <SimpleData name="Localidad">COLONIA FELICIDAD</SimpleData>
            <SimpleData name="Teléfono">0983561278</SimpleData>
            <SimpleData name="Vivienda_L">-24.17059050000</SimpleData>
            <SimpleData name="Vivienda_1">-56.36617640000</SimpleData>
            <SimpleData name="Superficie">0.80000000000</SimpleData>
            <SimpleData name="Situaci_1">Par?metro</SimpleData>
            <SimpleData name="Plantado">SI</SimpleData>
            <SimpleData name="Plantado_f">2026/02/12</SimpleData>
            <SimpleData name="Jornales">0.00000000000</SimpleData>
            <SimpleData name="Monto">0.00000000000</SimpleData>
            <SimpleData name="Grupo_de_p">I-P2</SimpleData>
            <SimpleData name="Estado_del">Activo</SimpleData>
            <SimpleData name="Empresa">Emilio Sol?s Grance</SimpleData>
            <SimpleData name="Lote">I</SimpleData>
            <SimpleData name="Parametro">0.80000000000</SimpleData>
            <SimpleData name="Sup_Sig">0.84280239264</SimpleData>
            <SimpleData name="Situacion">Cumple</SimpleData>
            <SimpleData name="X">-56.36563551000</SimpleData>
            <SimpleData name="Y">-24.17445692000</SimpleData>
            <SimpleData name="Shape_Leng">371.30485952100</SimpleData>
            <SimpleData name="Shape_Area">8428.02392638000</SimpleData>
          </SchemaData>
        </ExtendedData>
        <Polygon>
          <outerBoundaryIs>
            <LinearRing>
              <coordinates>
                -56.3651929990908,-24.1749042004988,0
                -56.3659557992568,-24.1749690000315,0
                -56.3660886999302,-24.173995100339,0
                -56.3652936993028,-24.1739694003969,0
                -56.3651962996132,-24.1748590999398,0
                -56.3651929990908,-24.1749042004988,0
              </coordinates>
            </LinearRing>
          </outerBoundaryIs>
        </Polygon>
      </Placemark>
      <Placemark id="Lote_I.79">
        <ExtendedData>
          <SchemaData schemaUrl="#Lote_I.schema">
            <SimpleData name="Cédula">8347879.00000000000</SimpleData>
            <SimpleData name="Nombres_y_">ALCIDES GAUTO MONTANIA</SimpleData>
            <SimpleData name="Sexo">Hombre</SimpleData>
            <SimpleData name="Cambio_de_">NO</SimpleData>
            <SimpleData name="Titular_se">NO</SimpleData>
            <SimpleData name="ci_UNIF">8347879.00000000000</SimpleData>
            <SimpleData name="Situación">NO</SimpleData>
            <SimpleData name="Comunidad">Ind?gena</SimpleData>
            <SimpleData name="Modelo_imp">Modelo 5</SimpleData>
            <SimpleData name="Departamen">SAN PEDRO</SimpleData>
            <SimpleData name="Distrito">CHORE</SimpleData>
            <SimpleData name="Localidad"><![CDATA[COM INDIG ?U APU'A]]></SimpleData>
            <SimpleData name="Teléfono">0986796730</SimpleData>
            <SimpleData name="Vivienda_L">-24.33147690000</SimpleData>
            <SimpleData name="Vivienda_1">-56.54513280000</SimpleData>
            <SimpleData name="Superficie">0.70000000000</SimpleData>
            <SimpleData name="Situaci_1">Par?metro</SimpleData>
            <SimpleData name="Plantado">SI</SimpleData>
            <SimpleData name="Plantado_f">2025/12/18</SimpleData>
            <SimpleData name="Jornales">0.00000000000</SimpleData>
            <SimpleData name="Monto">0.00000000000</SimpleData>
            <SimpleData name="Grupo_de_p">I-P2</SimpleData>
            <SimpleData name="Estado_del">Activo</SimpleData>
            <SimpleData name="Empresa">Emilio Sol?s Grance</SimpleData>
            <SimpleData name="Lote">I</SimpleData>
            <SimpleData name="Parametro">0.70000000000</SimpleData>
            <SimpleData name="Sup_Sig">0.70002307547</SimpleData>
            <SimpleData name="Situacion">Cumple</SimpleData>
            <SimpleData name="X">-56.54436191000</SimpleData>
            <SimpleData name="Y">-24.33160884000</SimpleData>
            <SimpleData name="Shape_Leng">343.48749683200</SimpleData>
            <SimpleData name="Shape_Area">7000.23075468000</SimpleData>
          </SchemaData>
        </ExtendedData>
        <Polygon>
          <outerBoundaryIs>
            <LinearRing>
              <coordinates>
                -56.543868799216,-24.3312872998125,0
                -56.5438661997289,-24.3319625004817,0
                -56.5449149993606,-24.3318549998467,0
                -56.5448746995063,-24.3313184001652,0
                -56.543868799216,-24.3312872998125,0
              </coordinates>
            </LinearRing>
          </outerBoundaryIs>
        </Polygon>
      </Placemark>
      <Placemark id="Lote_I.80">
        <ExtendedData>
          <SchemaData schemaUrl="#Lote_I.schema">
            <SimpleData name="Cédula">6986088.00000000000</SimpleData>
            <SimpleData name="Nombres_y_">MARISA BERNAL SEGOVIA</SimpleData>
            <SimpleData name="Sexo">Mujer</SimpleData>
            <SimpleData name="Cambio_de_">NO</SimpleData>
            <SimpleData name="Titular_se">NO</SimpleData>
            <SimpleData name="ci_UNIF">6986088.00000000000</SimpleData>
            <SimpleData name="Situación">NO</SimpleData>
            <SimpleData name="Comunidad">Campesina</SimpleData>
            <SimpleData name="Modelo_imp">Modelo 1</SimpleData>
            <SimpleData name="Departamen">SAN PEDRO</SimpleData>
            <SimpleData name="Distrito">GUAYAIBI</SimpleData>
            <SimpleData name="Localidad">ASENT. TORO PIRU 2</SimpleData>
            <SimpleData name="Teléfono">0975999512</SimpleData>
            <SimpleData name="Vivienda_L">-24.32588080000</SimpleData>
            <SimpleData name="Vivienda_1">-56.46312650000</SimpleData>
            <SimpleData name="Superficie">0.80000000000</SimpleData>
            <SimpleData name="Situaci_1">Par?metro</SimpleData>
            <SimpleData name="Plantado">SI</SimpleData>
            <SimpleData name="Plantado_f">1899/12/30</SimpleData>
            <SimpleData name="Jornales">0.00000000000</SimpleData>
            <SimpleData name="Monto">0.00000000000</SimpleData>
            <SimpleData name="Grupo_de_p">I-P2</SimpleData>
            <SimpleData name="Estado_del">Activo</SimpleData>
            <SimpleData name="Empresa">Emilio Sol?s Grance</SimpleData>
            <SimpleData name="Lote">I</SimpleData>
            <SimpleData name="Parametro">0.80000000000</SimpleData>
            <SimpleData name="Sup_Sig">0.93453138946</SimpleData>
            <SimpleData name="Situacion">Cumple</SimpleData>
            <SimpleData name="X">-56.45886222000</SimpleData>
            <SimpleData name="Y">-24.32651963000</SimpleData>
            <SimpleData name="Shape_Leng">677.10519820000</SimpleData>
            <SimpleData name="Shape_Area">9345.31389463000</SimpleData>
          </SchemaData>
        </ExtendedData>
        <MultiGeometry>
          <Polygon>
            <outerBoundaryIs>
              <LinearRing>
                <coordinates>
                  -56.4585331994723,-24.3267799997871,0
                  -56.4592119991817,-24.3267769005162,0
                  -56.459186899062,-24.3262464997249,0
                  -56.4585050999328,-24.326276499782,0
                  -56.4585331994723,-24.3267799997871,0
                </coordinates>
              </LinearRing>
            </outerBoundaryIs>
          </Polygon>
          <Polygon>
            <outerBoundaryIs>
              <LinearRing>
                <coordinates>
                  -56.4613185999511,-24.3266816998336,0
                  -56.4612786990371,-24.3261450998009,0
                  -56.4608331991894,-24.3261653005075,0
                  -56.4608694993791,-24.3266944999627,0
                  -56.4613185999511,-24.3266816998336,0
                </coordinates>
              </LinearRing>
            </outerBoundaryIs>
          </Polygon>
          <Polygon>
            <outerBoundaryIs>
              <LinearRing>
                <coordinates>
                  -56.4612341994858,-24.3261226003,0
                  -56.4611933993685,-24.3255244003526,0
                  -56.4607952995364,-24.3255314999441,0
                  -56.4608442997895,-24.326151499858,0
                  -56.4612341994858,-24.3261226003,0
                </coordinates>
              </LinearRing>
            </outerBoundaryIs>
          </Polygon>
        </MultiGeometry>
      </Placemark>
      <Placemark id="Lote_I.81">
        <ExtendedData>
          <SchemaData schemaUrl="#Lote_I.schema">
            <SimpleData name="Cédula">6886031.00000000000</SimpleData>
            <SimpleData name="Nombres_y_">YESICA MARICEL LOPEZ LEON</SimpleData>
            <SimpleData name="Sexo">Mujer</SimpleData>
            <SimpleData name="Cambio_de_">NO</SimpleData>
            <SimpleData name="Titular_se">NO</SimpleData>
            <SimpleData name="ci_UNIF">6886031.00000000000</SimpleData>
            <SimpleData name="Situación">NO</SimpleData>
            <SimpleData name="Comunidad">Campesina</SimpleData>
            <SimpleData name="Modelo_imp">Modelo 5</SimpleData>
            <SimpleData name="Departamen">SAN PEDRO</SimpleData>
            <SimpleData name="Distrito">CHORE</SimpleData>
            <SimpleData name="Localidad">SANTO DOMINGO</SimpleData>
            <SimpleData name="Teléfono">986377924</SimpleData>
            <SimpleData name="Vivienda_L">-24.22336590000</SimpleData>
            <SimpleData name="Vivienda_1">-56.61310600000</SimpleData>
            <SimpleData name="Superficie">0.70000000000</SimpleData>
            <SimpleData name="Situaci_1">Parametro</SimpleData>
            <SimpleData name="Plantado">SI</SimpleData>
            <SimpleData name="Plantado_f">1899/12/30</SimpleData>
            <SimpleData name="Jornales">0.00000000000</SimpleData>
            <SimpleData name="Monto">0.00000000000</SimpleData>
            <SimpleData name="Grupo_de_p">I-P2</SimpleData>
            <SimpleData name="Estado_del">Activo</SimpleData>
            <SimpleData name="Empresa">Emilio Sol?s Grance</SimpleData>
            <SimpleData name="Lote">I</SimpleData>
            <SimpleData name="Parametro">0.70000000000</SimpleData>
            <SimpleData name="Sup_Sig">0.80816160638</SimpleData>
            <SimpleData name="Situacion">Cumple</SimpleData>
            <SimpleData name="X">-56.61636053000</SimpleData>
            <SimpleData name="Y">-24.22355437000</SimpleData>
            <SimpleData name="Shape_Leng">366.66818441700</SimpleData>
            <SimpleData name="Shape_Area">8081.61606376000</SimpleData>
          </SchemaData>
        </ExtendedData>
        <Polygon>
          <outerBoundaryIs>
            <LinearRing>
              <coordinates>
                -56.6157892999484,-24.2238593996165,0
                -56.6168627998984,-24.2239145003077,0
                -56.6169331001363,-24.2232478004168,0
                -56.615854599767,-24.2231966002716,0
                -56.6157892999484,-24.2238593996165,0
              </coordinates>
            </LinearRing>
          </outerBoundaryIs>
        </Polygon>
      </Placemark>
      <Placemark id="Lote_I.82">
        <ExtendedData>
          <SchemaData schemaUrl="#Lote_I.schema">
            <SimpleData name="Cédula">3902401.00000000000</SimpleData>
            <SimpleData name="Nombres_y_">CARMEN LEZCANO DE CORTAZA</SimpleData>
            <SimpleData name="Sexo">Mujer</SimpleData>
            <SimpleData name="Cambio_de_">NO</SimpleData>
            <SimpleData name="Titular_se">NO</SimpleData>
            <SimpleData name="ci_UNIF">3902401.00000000000</SimpleData>
            <SimpleData name="Situación">NO</SimpleData>
            <SimpleData name="Comunidad">Campesina</SimpleData>
            <SimpleData name="Modelo_imp">Modelo 5</SimpleData>
            <SimpleData name="Departamen">SAN PEDRO</SimpleData>
            <SimpleData name="Distrito">CHORE</SimpleData>
            <SimpleData name="Localidad">PRIMERO DE MARZO</SimpleData>
            <SimpleData name="Teléfono">0982707092</SimpleData>
            <SimpleData name="Vivienda_L">-24.12316230000</SimpleData>
            <SimpleData name="Vivienda_1">-56.61978110000</SimpleData>
            <SimpleData name="Superficie">0.70000000000</SimpleData>
            <SimpleData name="Situaci_1">Par?metro</SimpleData>
            <SimpleData name="Plantado">SI</SimpleData>
            <SimpleData name="Plantado_f">1899/12/30</SimpleData>
            <SimpleData name="Jornales">0.00000000000</SimpleData>
            <SimpleData name="Monto">0.00000000000</SimpleData>
            <SimpleData name="Grupo_de_p">I-P2</SimpleData>
            <SimpleData name="Estado_del">Activo</SimpleData>
            <SimpleData name="Empresa">Emilio Sol?s Grance</SimpleData>
            <SimpleData name="Lote">I</SimpleData>
            <SimpleData name="Parametro">0.70000000000</SimpleData>
            <SimpleData name="Sup_Sig">0.84956270672</SimpleData>
            <SimpleData name="Situacion">Cumple</SimpleData>
            <SimpleData name="X">-56.61900780000</SimpleData>
            <SimpleData name="Y">-24.12400196000</SimpleData>
            <SimpleData name="Shape_Leng">599.62863375000</SimpleData>
            <SimpleData name="Shape_Area">8495.62706716000</SimpleData>
          </SchemaData>
        </ExtendedData>
        <MultiGeometry>
          <Polygon>
            <outerBoundaryIs>
              <LinearRing>
                <coordinates>
                  -56.6181734003064,-24.1258008003524,0
                  -56.6188408999863,-24.1250847997623,0
                  -56.6186473000485,-24.1248606000214,0
                  -56.6178511997609,-24.1255705996532,0
                  -56.6181734003064,-24.1258008003524,0
                </coordinates>
              </LinearRing>
            </outerBoundaryIs>
          </Polygon>
          <Polygon>
            <outerBoundaryIs>
              <LinearRing>
                <coordinates>
                  -56.6188070001429,-24.1245082003506,0
                  -56.6195504004683,-24.1236764003969,0
                  -56.6192233003062,-24.1235241998132,0
                  -56.6184876002268,-24.1242428996501,0
                  -56.6188070001429,-24.1245082003506,0
                </coordinates>
              </LinearRing>
            </outerBoundaryIs>
          </Polygon>
        </MultiGeometry>
      </Placemark>
      <Placemark id="Lote_I.83">
        <ExtendedData>
          <SchemaData schemaUrl="#Lote_I.schema">
            <SimpleData name="Cédula">6675401.00000000000</SimpleData>
            <SimpleData name="Nombres_y_">IRMA NULL RUIZ LOPEZ</SimpleData>
            <SimpleData name="Sexo">Mujer</SimpleData>
            <SimpleData name="Cambio_de_">NO</SimpleData>
            <SimpleData name="Titular_se">NO</SimpleData>
            <SimpleData name="ci_UNIF">6675401.00000000000</SimpleData>
            <SimpleData name="Situación">NO</SimpleData>
            <SimpleData name="Comunidad">Campesina</SimpleData>
            <SimpleData name="Modelo_imp">Modelo 5</SimpleData>
            <SimpleData name="Departamen">SAN PEDRO</SimpleData>
            <SimpleData name="Distrito">CHORE</SimpleData>
            <SimpleData name="Localidad">SAN BLAS 2</SimpleData>
            <SimpleData name="Teléfono">0982733395</SimpleData>
            <SimpleData name="Vivienda_L">-24.11275330000</SimpleData>
            <SimpleData name="Vivienda_1">-56.66314170000</SimpleData>
            <SimpleData name="Superficie">0.70000000000</SimpleData>
            <SimpleData name="Situaci_1">Parametro</SimpleData>
            <SimpleData name="Plantado">SI</SimpleData>
            <SimpleData name="Plantado_f">1899/12/30</SimpleData>
            <SimpleData name="Jornales">0.00000000000</SimpleData>
            <SimpleData name="Monto">0.00000000000</SimpleData>
            <SimpleData name="Grupo_de_p">I-P2</SimpleData>
            <SimpleData name="Estado_del">Activo</SimpleData>
            <SimpleData name="Empresa">Emilio Sol?s Grance</SimpleData>
            <SimpleData name="Lote">I</SimpleData>
            <SimpleData name="Parametro">0.70000000000</SimpleData>
            <SimpleData name="Sup_Sig">0.79917515184</SimpleData>
            <SimpleData name="Situacion">Cumple</SimpleData>
            <SimpleData name="X">-56.66335647000</SimpleData>
            <SimpleData name="Y">-24.11407954000</SimpleData>
            <SimpleData name="Shape_Leng">462.18281574100</SimpleData>
            <SimpleData name="Shape_Area">7991.75151843000</SimpleData>
          </SchemaData>
        </ExtendedData>
        <Polygon>
          <outerBoundaryIs>
            <LinearRing>
              <coordinates>
                -56.6623949995781,-24.1142282998684,0
                -56.6642776997155,-24.1143103000871,0
                -56.6642955999089,-24.1139323996253,0
                -56.662473199546,-24.1138438004025,0
                -56.6623949995781,-24.1142282998684,0
              </coordinates>
            </LinearRing>
          </outerBoundaryIs>
        </Polygon>
      </Placemark>
      <Placemark id="Lote_I.84">
        <ExtendedData>
          <SchemaData schemaUrl="#Lote_I.schema">
            <SimpleData name="Cédula">2849196.00000000000</SimpleData>
            <SimpleData name="Nombres_y_">BRIGIDO RAMON FRANCO ARANI</SimpleData>
            <SimpleData name="Sexo">Hombre</SimpleData>
            <SimpleData name="Cambio_de_">NO</SimpleData>
            <SimpleData name="Titular_se">NO</SimpleData>
            <SimpleData name="ci_UNIF">2849196.00000000000</SimpleData>
            <SimpleData name="Situación">NO</SimpleData>
            <SimpleData name="Comunidad">Campesina</SimpleData>
            <SimpleData name="Modelo_imp">Modelo 1</SimpleData>
            <SimpleData name="Departamen">SAN PEDRO</SimpleData>
            <SimpleData name="Distrito">CHORE</SimpleData>
            <SimpleData name="Localidad">PRIMERO DE MARZO</SimpleData>
            <SimpleData name="Teléfono">0984058702</SimpleData>
            <SimpleData name="Vivienda_L">-24.11895470000</SimpleData>
            <SimpleData name="Vivienda_1">-56.60761690000</SimpleData>
            <SimpleData name="Superficie">0.80000000000</SimpleData>
            <SimpleData name="Situaci_1">Par?metro</SimpleData>
            <SimpleData name="Plantado">SI</SimpleData>
            <SimpleData name="Plantado_f">1899/12/30</SimpleData>
            <SimpleData name="Jornales">0.00000000000</SimpleData>
            <SimpleData name="Monto">0.00000000000</SimpleData>
            <SimpleData name="Grupo_de_p">I-P2</SimpleData>
            <SimpleData name="Estado_del">Activo</SimpleData>
            <SimpleData name="Empresa">Emilio Sol?s Grance</SimpleData>
            <SimpleData name="Lote">I</SimpleData>
            <SimpleData name="Parametro">0.80000000000</SimpleData>
            <SimpleData name="Sup_Sig">0.80502185480</SimpleData>
            <SimpleData name="Situacion">Cumple</SimpleData>
            <SimpleData name="X">-56.60597059000</SimpleData>
            <SimpleData name="Y">-24.11877252000</SimpleData>
            <SimpleData name="Shape_Leng">361.04887069100</SimpleData>
            <SimpleData name="Shape_Area">8050.21854801000</SimpleData>
          </SchemaData>
        </ExtendedData>
        <Polygon>
          <outerBoundaryIs>
            <LinearRing>
              <coordinates>
                -56.6055095996608,-24.1191607001666,0
                -56.6063899996032,-24.1192405000532,0
                -56.6063587003582,-24.1183490002414,0
                -56.6056255003801,-24.1182859995815,0
                -56.6055095996608,-24.1191607001666,0
              </coordinates>
            </LinearRing>
          </outerBoundaryIs>
        </Polygon>
      </Placemark>
      <Placemark id="Lote_I.85">
        <ExtendedData>
          <SchemaData schemaUrl="#Lote_I.schema">
            <SimpleData name="Cédula">6771065.00000000000</SimpleData>
            <SimpleData name="Nombres_y_">CLAUDIA ORTIZ MARTINEZ</SimpleData>
            <SimpleData name="Sexo">Mujer</SimpleData>
            <SimpleData name="Cambio_de_">NO</SimpleData>
            <SimpleData name="Titular_se">NO</SimpleData>
            <SimpleData name="ci_UNIF">6771065.00000000000</SimpleData>
            <SimpleData name="Situación">NO</SimpleData>
            <SimpleData name="Comunidad">Campesina</SimpleData>
            <SimpleData name="Modelo_imp">Modelo 5</SimpleData>
            <SimpleData name="Departamen">SAN PEDRO</SimpleData>
            <SimpleData name="Distrito">GUAYAIBI</SimpleData>
            <SimpleData name="Localidad">SANTO DOMINGO</SimpleData>
            <SimpleData name="Teléfono">0986493469</SimpleData>
            <SimpleData name="Vivienda_L">-24.49667090000</SimpleData>
            <SimpleData name="Vivienda_1">-56.42709630000</SimpleData>
            <SimpleData name="Superficie">0.70000000000</SimpleData>
            <SimpleData name="Situaci_1">Par?metro</SimpleData>
            <SimpleData name="Plantado">SI</SimpleData>
            <SimpleData name="Plantado_f">2025/12/15</SimpleData>
            <SimpleData name="Jornales">0.00000000000</SimpleData>
            <SimpleData name="Monto">0.00000000000</SimpleData>
            <SimpleData name="Grupo_de_p">I-GN</SimpleData>
            <SimpleData name="Estado_del">Activo</SimpleData>
            <SimpleData name="Empresa">Emilio Sol?s Grance</SimpleData>
            <SimpleData name="Lote">I</SimpleData>
            <SimpleData name="Parametro">0.70000000000</SimpleData>
            <SimpleData name="Sup_Sig">0.82403951418</SimpleData>
            <SimpleData name="Situacion">Cumple</SimpleData>
            <SimpleData name="X">-56.42104960000</SimpleData>
            <SimpleData name="Y">-24.50134376000</SimpleData>
            <SimpleData name="Shape_Leng">475.30331849800</SimpleData>
            <SimpleData name="Shape_Area">8240.39514181000</SimpleData>
          </SchemaData>
        </ExtendedData>
        <Polygon>
          <outerBoundaryIs>
            <LinearRing>
              <coordinates>
                -56.4200588995506,-24.5014556001017,0
                -56.422013299773,-24.5016100000942,0
                -56.4220149997336,-24.5012327997811,0
                -56.4201290000141,-24.5010735996106,0
                -56.4200588995506,-24.5014556001017,0
              </coordinates>
            </LinearRing>
          </outerBoundaryIs>
        </Polygon>
      </Placemark>
      <Placemark id="Lote_I.86">
        <ExtendedData>
          <SchemaData schemaUrl="#Lote_I.schema">
            <SimpleData name="Cédula">4565433.00000000000</SimpleData>
            <SimpleData name="Nombres_y_">URBINA LOPEZ QUINTANA</SimpleData>
            <SimpleData name="Sexo">Mujer</SimpleData>
            <SimpleData name="Cambio_de_">NO</SimpleData>
            <SimpleData name="Titular_se">NO</SimpleData>
            <SimpleData name="ci_UNIF">4565433.00000000000</SimpleData>
            <SimpleData name="Situación">NO</SimpleData>
            <SimpleData name="Comunidad">Campesina</SimpleData>
            <SimpleData name="Modelo_imp">Modelo 5</SimpleData>
            <SimpleData name="Departamen">SAN PEDRO</SimpleData>
            <SimpleData name="Distrito">GUAYAIBI</SimpleData>
            <SimpleData name="Localidad">SANTO DOMINGO</SimpleData>
            <SimpleData name="Teléfono">0992899729</SimpleData>
            <SimpleData name="Vivienda_L">-24.50224270000</SimpleData>
            <SimpleData name="Vivienda_1">-56.42708910000</SimpleData>
            <SimpleData name="Superficie">0.70000000000</SimpleData>
            <SimpleData name="Situaci_1">Par?metro</SimpleData>
            <SimpleData name="Plantado">SI</SimpleData>
            <SimpleData name="Plantado_f">2025/11/21</SimpleData>
            <SimpleData name="Jornales">0.00000000000</SimpleData>
            <SimpleData name="Monto">0.00000000000</SimpleData>
            <SimpleData name="Grupo_de_p">I-GN</SimpleData>
            <SimpleData name="Estado_del">Activo</SimpleData>
            <SimpleData name="Empresa">Emilio Sol?s Grance</SimpleData>
            <SimpleData name="Lote">I</SimpleData>
            <SimpleData name="Parametro">0.70000000000</SimpleData>
            <SimpleData name="Sup_Sig">0.87752298308</SimpleData>
            <SimpleData name="Situacion">Cumple</SimpleData>
            <SimpleData name="X">-56.43283210000</SimpleData>
            <SimpleData name="Y">-24.50212357000</SimpleData>
            <SimpleData name="Shape_Leng">431.62176302900</SimpleData>
            <SimpleData name="Shape_Area">8775.22983076000</SimpleData>
          </SchemaData>
        </ExtendedData>
        <Polygon>
          <outerBoundaryIs>
            <LinearRing>
              <coordinates>
                -56.4320363998118,-24.5023098997057,0
                -56.4336266995251,-24.5024300001028,0
                -56.4336217003372,-24.5019350000807,0
                -56.4320408002009,-24.5018181999239,0
                -56.4320363998118,-24.5023098997057,0
              </coordinates>
            </LinearRing>
          </outerBoundaryIs>
        </Polygon>
      </Placemark>
      <Placemark id="Lote_I.87">
        <ExtendedData>
          <SchemaData schemaUrl="#Lote_I.schema">
            <SimpleData name="Cédula">3580766.00000000000</SimpleData>
            <SimpleData name="Nombres_y_">DORA GODOY OLMEDO</SimpleData>
            <SimpleData name="Sexo">Mujer</SimpleData>
            <SimpleData name="Cambio_de_">NO</SimpleData>
            <SimpleData name="Titular_se">NO</SimpleData>
            <SimpleData name="ci_UNIF">3580766.00000000000</SimpleData>
            <SimpleData name="Situación">NO</SimpleData>
            <SimpleData name="Comunidad">Campesina</SimpleData>
            <SimpleData name="Modelo_imp">Modelo 5</SimpleData>
            <SimpleData name="Departamen">SAN PEDRO</SimpleData>
            <SimpleData name="Distrito">GUAYAIBI</SimpleData>
            <SimpleData name="Localidad">CALLE ASUNCION</SimpleData>
            <SimpleData name="Teléfono">0984234527</SimpleData>
            <SimpleData name="Vivienda_L">-24.42940950000</SimpleData>
            <SimpleData name="Vivienda_1">-56.43618190000</SimpleData>
            <SimpleData name="Superficie">0.70000000000</SimpleData>
            <SimpleData name="Situaci_1">Par?metro</SimpleData>
            <SimpleData name="Plantado">SI</SimpleData>
            <SimpleData name="Plantado_f">2025/12/16</SimpleData>
            <SimpleData name="Jornales">0.00000000000</SimpleData>
            <SimpleData name="Monto">0.00000000000</SimpleData>
            <SimpleData name="Grupo_de_p">I-GN</SimpleData>
            <SimpleData name="Estado_del">Activo</SimpleData>
            <SimpleData name="Empresa">Emilio Sol?s Grance</SimpleData>
            <SimpleData name="Lote">I</SimpleData>
            <SimpleData name="Parametro">0.70000000000</SimpleData>
            <SimpleData name="Sup_Sig">0.99568645714</SimpleData>
            <SimpleData name="Situacion">Cumple</SimpleData>
            <SimpleData name="X">-56.43640000000</SimpleData>
            <SimpleData name="Y">-24.42565386000</SimpleData>
            <SimpleData name="Shape_Leng">766.03342933900</SimpleData>
            <SimpleData name="Shape_Area">9956.86457137000</SimpleData>
          </SchemaData>
        </ExtendedData>
        <Polygon>
          <outerBoundaryIs>
            <LinearRing>
              <coordinates>
                -56.4361382002406,-24.4273006997464,0
                -56.4363773997815,-24.4273372995907,0
                -56.4366867004163,-24.4241217003897,0
                -56.4363733002068,-24.4241267002085,0
                -56.4361382002406,-24.4273006997464,0
              </coordinates>
            </LinearRing>
          </outerBoundaryIs>
        </Polygon>
      </Placemark>
      <Placemark id="Lote_I.88">
        <ExtendedData>
          <SchemaData schemaUrl="#Lote_I.schema">
            <SimpleData name="Cédula">5934553.00000000000</SimpleData>
            <SimpleData name="Nombres_y_">SANDRA ACOSTA PERALTA</SimpleData>
            <SimpleData name="Sexo">Mujer</SimpleData>
            <SimpleData name="Cambio_de_">NO</SimpleData>
            <SimpleData name="Titular_se">NO</SimpleData>
            <SimpleData name="ci_UNIF">5934553.00000000000</SimpleData>
            <SimpleData name="Situación">NO</SimpleData>
            <SimpleData name="Comunidad">Campesina</SimpleData>
            <SimpleData name="Modelo_imp">Modelo 1</SimpleData>
            <SimpleData name="Departamen">SAN PEDRO</SimpleData>
            <SimpleData name="Distrito">GUAYAIBI</SimpleData>
            <SimpleData name="Localidad">CALLE 2000</SimpleData>
            <SimpleData name="Teléfono">0984924385</SimpleData>
            <SimpleData name="Vivienda_L">-24.55026820000</SimpleData>
            <SimpleData name="Vivienda_1">-56.42325100000</SimpleData>
            <SimpleData name="Superficie">0.80000000000</SimpleData>
            <SimpleData name="Situaci_1">Par?metro</SimpleData>
            <SimpleData name="Plantado">SI</SimpleData>
            <SimpleData name="Plantado_f">2025/11/19</SimpleData>
            <SimpleData name="Jornales">0.00000000000</SimpleData>
            <SimpleData name="Monto">0.00000000000</SimpleData>
            <SimpleData name="Grupo_de_p">I-GN</SimpleData>
            <SimpleData name="Estado_del">Activo</SimpleData>
            <SimpleData name="Empresa">Emilio Sol?s Grance</SimpleData>
            <SimpleData name="Lote">I</SimpleData>
            <SimpleData name="Parametro">0.80000000000</SimpleData>
            <SimpleData name="Sup_Sig">0.84117846806</SimpleData>
            <SimpleData name="Situacion">Cumple</SimpleData>
            <SimpleData name="X">-56.42346085000</SimpleData>
            <SimpleData name="Y">-24.55374419000</SimpleData>
            <SimpleData name="Shape_Leng">368.10428016100</SimpleData>
            <SimpleData name="Shape_Area">8411.78468061000</SimpleData>
          </SchemaData>
        </ExtendedData>
        <Polygon>
          <outerBoundaryIs>
            <LinearRing>
              <coordinates>
                -56.4229666993436,-24.553331599768,0
                -56.4230123993635,-24.5541631997069,0
                -56.4239518991894,-24.5541088000116,0
                -56.4239578990944,-24.5533862994156,0
                -56.4229666993436,-24.553331599768,0
              </coordinates>
            </LinearRing>
          </outerBoundaryIs>
        </Polygon>
      </Placemark>
      <Placemark id="Lote_I.89">
        <ExtendedData>
          <SchemaData schemaUrl="#Lote_I.schema">
            <SimpleData name="Cédula">6336297.00000000000</SimpleData>
            <SimpleData name="Nombres_y_">MARIA PABLA MARECO GONZALEZ</SimpleData>
            <SimpleData name="Sexo">Mujer</SimpleData>
            <SimpleData name="Cambio_de_">NO</SimpleData>
            <SimpleData name="Titular_se">NO</SimpleData>
            <SimpleData name="ci_UNIF">6336297.00000000000</SimpleData>
            <SimpleData name="Situación">NO</SimpleData>
            <SimpleData name="Comunidad">Campesina</SimpleData>
            <SimpleData name="Modelo_imp">Modelo 1</SimpleData>
            <SimpleData name="Departamen">SAN PEDRO</SimpleData>
            <SimpleData name="Distrito">GUAYAIBI</SimpleData>
            <SimpleData name="Localidad">CALLE 2000</SimpleData>
            <SimpleData name="Teléfono">0976854321</SimpleData>
            <SimpleData name="Vivienda_L">-24.55024920000</SimpleData>
            <SimpleData name="Vivienda_1">-56.42343440000</SimpleData>
            <SimpleData name="Superficie">0.80000000000</SimpleData>
            <SimpleData name="Situaci_1">Pol?gono</SimpleData>
            <SimpleData name="Plantado">SI</SimpleData>
            <SimpleData name="Plantado_f">2025/11/19</SimpleData>
            <SimpleData name="Jornales">0.00000000000</SimpleData>
            <SimpleData name="Monto">0.00000000000</SimpleData>
            <SimpleData name="Grupo_de_p">I-GN</SimpleData>
            <SimpleData name="Estado_del">Activo</SimpleData>
            <SimpleData name="Empresa">Emilio Sol?s Grance</SimpleData>
            <SimpleData name="Lote">I</SimpleData>
            <SimpleData name="Parametro">0.80000000000</SimpleData>
            <SimpleData name="Sup_Sig">1.10113637612</SimpleData>
            <SimpleData name="Situacion">Cumple</SimpleData>
            <SimpleData name="X">-56.42349276000</SimpleData>
            <SimpleData name="Y">-24.55469478000</SimpleData>
            <SimpleData name="Shape_Leng">422.25523748900</SimpleData>
            <SimpleData name="Shape_Area">11011.36376120000</SimpleData>
          </SchemaData>
        </ExtendedData>
        <Polygon>
          <outerBoundaryIs>
            <LinearRing>
              <coordinates>
                -56.4229934994114,-24.5542006994936,0
                -56.4230594990962,-24.5552418993044,0
                -56.4239668995367,-24.5552108997735,0
                -56.4239445994491,-24.5541428997023,0
                -56.4229934994114,-24.5542006994936,0
              </coordinates>
            </LinearRing>
          </outerBoundaryIs>
        </Polygon>
      </Placemark>
      <Placemark id="Lote_I.90">
        <ExtendedData>
          <SchemaData schemaUrl="#Lote_I.schema">
            <SimpleData name="Cédula">1409131.00000000000</SimpleData>
            <SimpleData name="Nombres_y_">BERNARDO LUIS CA?IZA MARTINEZ</SimpleData>
            <SimpleData name="Sexo">Hombre</SimpleData>
            <SimpleData name="Cambio_de_">NO</SimpleData>
            <SimpleData name="Titular_se">NO</SimpleData>
            <SimpleData name="ci_UNIF">1409131.00000000000</SimpleData>
            <SimpleData name="Situación">NO</SimpleData>
            <SimpleData name="Comunidad">Campesina</SimpleData>
            <SimpleData name="Modelo_imp">Modelo 5</SimpleData>
            <SimpleData name="Departamen">SAN PEDRO</SimpleData>
            <SimpleData name="Distrito">GUAYAIBI</SimpleData>
            <SimpleData name="Localidad">BARRIO SAN PEDRO</SimpleData>
            <SimpleData name="Teléfono">0971305869</SimpleData>
            <SimpleData name="Vivienda_L">-24.40819330000</SimpleData>
            <SimpleData name="Vivienda_1">-56.39810510000</SimpleData>
            <SimpleData name="Superficie">0.70000000000</SimpleData>
            <SimpleData name="Situaci_1">Par?metro</SimpleData>
            <SimpleData name="Plantado">SI</SimpleData>
            <SimpleData name="Plantado_f">1899/12/30</SimpleData>
            <SimpleData name="Jornales">0.00000000000</SimpleData>
            <SimpleData name="Monto">0.00000000000</SimpleData>
            <SimpleData name="Grupo_de_p">I-GN</SimpleData>
            <SimpleData name="Estado_del">Activo</SimpleData>
            <SimpleData name="Empresa">Emilio Sol?s Grance</SimpleData>
            <SimpleData name="Lote">I</SimpleData>
            <SimpleData name="Parametro">0.70000000000</SimpleData>
            <SimpleData name="Sup_Sig">0.78739057760</SimpleData>
            <SimpleData name="Situacion">Cumple</SimpleData>
            <SimpleData name="X">-56.39848174000</SimpleData>
            <SimpleData name="Y">-24.40434422000</SimpleData>
            <SimpleData name="Shape_Leng">591.18586347500</SimpleData>
            <SimpleData name="Shape_Area">7873.90577601000</SimpleData>
          </SchemaData>
        </ExtendedData>
        <Polygon>
          <outerBoundaryIs>
            <LinearRing>
              <coordinates>
                -56.3982212995323,-24.4055306995905,0
                -56.3985106000033,-24.4055557002862,0
                -56.3987255001175,-24.403347099964,0
                -56.3987311002586,-24.4031577004434,0
                -56.3984525004716,-24.4031302997372,0
                -56.3982212995323,-24.4055306995905,0
              </coordinates>
            </LinearRing>
          </outerBoundaryIs>
        </Polygon>
      </Placemark>
      <Placemark id="Lote_I.91">
        <ExtendedData>
          <SchemaData schemaUrl="#Lote_I.schema">
            <SimpleData name="Cédula">1826983.00000000000</SimpleData>
            <SimpleData name="Nombres_y_">CELESTINO ORTIZ SOSTOA</SimpleData>
            <SimpleData name="Sexo">Hombre</SimpleData>
            <SimpleData name="Cambio_de_">NO</SimpleData>
            <SimpleData name="Titular_se">NO</SimpleData>
            <SimpleData name="ci_UNIF">1826983.00000000000</SimpleData>
            <SimpleData name="Situación">NO</SimpleData>
            <SimpleData name="Comunidad">Campesina</SimpleData>
            <SimpleData name="Modelo_imp">Modelo 1</SimpleData>
            <SimpleData name="Departamen">SAN PEDRO</SimpleData>
            <SimpleData name="Distrito">GUAYAIBI</SimpleData>
            <SimpleData name="Localidad">SANTO DOMINGO 2</SimpleData>
            <SimpleData name="Teléfono">0982905543</SimpleData>
            <SimpleData name="Vivienda_L">-24.37857760000</SimpleData>
            <SimpleData name="Vivienda_1">-56.32533400000</SimpleData>
            <SimpleData name="Superficie">0.80000000000</SimpleData>
            <SimpleData name="Situaci_1">Par?metro</SimpleData>
            <SimpleData name="Plantado">SI</SimpleData>
            <SimpleData name="Plantado_f">1899/12/30</SimpleData>
            <SimpleData name="Jornales">0.00000000000</SimpleData>
            <SimpleData name="Monto">0.00000000000</SimpleData>
            <SimpleData name="Grupo_de_p">I-GN</SimpleData>
            <SimpleData name="Estado_del">Activo</SimpleData>
            <SimpleData name="Empresa">Emilio Sol?s Grance</SimpleData>
            <SimpleData name="Lote">I</SimpleData>
            <SimpleData name="Parametro">0.80000000000</SimpleData>
            <SimpleData name="Sup_Sig">0.90075137643</SimpleData>
            <SimpleData name="Situacion">Cumple</SimpleData>
            <SimpleData name="X">-56.32358588000</SimpleData>
            <SimpleData name="Y">-24.37656536000</SimpleData>
            <SimpleData name="Shape_Leng">399.94802767300</SimpleData>
            <SimpleData name="Shape_Area">9007.51376432000</SimpleData>
          </SchemaData>
        </ExtendedData>
        <Polygon>
          <outerBoundaryIs>
            <LinearRing>
              <coordinates>
                -56.3230011000033,-24.3761657001901,0
                -56.3235532995161,-24.3772249996375,0
                -56.3241984994143,-24.3769396998258,0
                -56.3235633006917,-24.375891699891,0
                -56.3230011000033,-24.3761657001901,0
              </coordinates>
            </LinearRing>
          </outerBoundaryIs>
        </Polygon>
      </Placemark>
      <Placemark id="Lote_I.92">
        <ExtendedData>
          <SchemaData schemaUrl="#Lote_I.schema">
            <SimpleData name="Cédula">2851594.00000000000</SimpleData>
            <SimpleData name="Nombres_y_">LIDIA ESTER AGUIRRE REYES</SimpleData>
            <SimpleData name="Sexo">Mujer</SimpleData>
            <SimpleData name="Cambio_de_">NO</SimpleData>
            <SimpleData name="Titular_se">NO</SimpleData>
            <SimpleData name="ci_UNIF">2851594.00000000000</SimpleData>
            <SimpleData name="Situación">NO</SimpleData>
            <SimpleData name="Comunidad">Campesina</SimpleData>
            <SimpleData name="Modelo_imp">Modelo 5</SimpleData>
            <SimpleData name="Departamen">SAN PEDRO</SimpleData>
            <SimpleData name="Distrito">GUAYAIBI</SimpleData>
            <SimpleData name="Localidad">SANTO DOMINGO 2</SimpleData>
            <SimpleData name="Teléfono">0985628286</SimpleData>
            <SimpleData name="Vivienda_L">-24.37897090000</SimpleData>
            <SimpleData name="Vivienda_1">-56.32536660000</SimpleData>
            <SimpleData name="Superficie">0.70000000000</SimpleData>
            <SimpleData name="Situaci_1">Par?metro</SimpleData>
            <SimpleData name="Plantado">SI</SimpleData>
            <SimpleData name="Plantado_f">1899/12/30</SimpleData>
            <SimpleData name="Jornales">0.00000000000</SimpleData>
            <SimpleData name="Monto">0.00000000000</SimpleData>
            <SimpleData name="Grupo_de_p">I-GN</SimpleData>
            <SimpleData name="Estado_del">Activo</SimpleData>
            <SimpleData name="Empresa">Emilio Sol?s Grance</SimpleData>
            <SimpleData name="Lote">I</SimpleData>
            <SimpleData name="Parametro">0.70000000000</SimpleData>
            <SimpleData name="Sup_Sig">0.76255482841</SimpleData>
            <SimpleData name="Situacion">Cumple</SimpleData>
            <SimpleData name="X">-56.33538102000</SimpleData>
            <SimpleData name="Y">-24.38484042000</SimpleData>
            <SimpleData name="Shape_Leng">404.37158048100</SimpleData>
            <SimpleData name="Shape_Area">7625.54828408000</SimpleData>
          </SchemaData>
        </ExtendedData>
        <Polygon>
          <outerBoundaryIs>
            <LinearRing>
              <coordinates>
                -56.3348218992642,-24.384314600468,0
                -56.3354896002533,-24.3855522006832,0
                -56.3359400991132,-24.3853507998032,0
                -56.3352683001325,-24.3841324999278,0
                -56.3348218992642,-24.384314600468,0
              </coordinates>
            </LinearRing>
          </outerBoundaryIs>
        </Polygon>
      </Placemark>
      <Placemark id="Lote_I.93">
        <ExtendedData>
          <SchemaData schemaUrl="#Lote_I.schema">
            <SimpleData name="Cédula">2978504.00000000000</SimpleData>
            <SimpleData name="Nombres_y_">JOSE DOMINGO ORTIZ MENDEZ</SimpleData>
            <SimpleData name="Sexo">Hombre</SimpleData>
            <SimpleData name="Cambio_de_">NO</SimpleData>
            <SimpleData name="Titular_se">NO</SimpleData>
            <SimpleData name="ci_UNIF">2978504.00000000000</SimpleData>
            <SimpleData name="Situación">NO</SimpleData>
            <SimpleData name="Comunidad">Campesina</SimpleData>
            <SimpleData name="Modelo_imp">Modelo 1</SimpleData>
            <SimpleData name="Departamen">SAN PEDRO</SimpleData>
            <SimpleData name="Distrito">GUAYAIBI</SimpleData>
            <SimpleData name="Localidad">CALLE MARIA AUXILIADORA</SimpleData>
            <SimpleData name="Teléfono">0995654344</SimpleData>
            <SimpleData name="Vivienda_L">-24.41132000000</SimpleData>
            <SimpleData name="Vivienda_1">-56.43170550000</SimpleData>
            <SimpleData name="Superficie">0.80000000000</SimpleData>
            <SimpleData name="Situaci_1">Par?metro</SimpleData>
            <SimpleData name="Plantado">SI</SimpleData>
            <SimpleData name="Plantado_f">1899/12/30</SimpleData>
            <SimpleData name="Jornales">0.00000000000</SimpleData>
            <SimpleData name="Monto">0.00000000000</SimpleData>
            <SimpleData name="Grupo_de_p">I-GN</SimpleData>
            <SimpleData name="Estado_del">Activo</SimpleData>
            <SimpleData name="Empresa">Emilio Sol?s Grance</SimpleData>
            <SimpleData name="Lote">I</SimpleData>
            <SimpleData name="Parametro">0.80000000000</SimpleData>
            <SimpleData name="Sup_Sig">0.84019147612</SimpleData>
            <SimpleData name="Situacion">Cumple</SimpleData>
            <SimpleData name="X">-56.43064072000</SimpleData>
            <SimpleData name="Y">-24.41526090000</SimpleData>
            <SimpleData name="Shape_Leng">432.63399627000</SimpleData>
            <SimpleData name="Shape_Area">8401.91476124000</SimpleData>
          </SchemaData>
        </ExtendedData>
        <Polygon>
          <outerBoundaryIs>
            <LinearRing>
              <coordinates>
                -56.4303190997854,-24.4159778004487,0
                -56.4308106997322,-24.4160375001167,0
                -56.4309668000048,-24.4145298995363,0
                -56.4304608993001,-24.4145083995674,0
                -56.4303190997854,-24.4159778004487,0
              </coordinates>
            </LinearRing>
          </outerBoundaryIs>
        </Polygon>
      </Placemark>
      <Placemark id="Lote_I.94">
        <ExtendedData>
          <SchemaData schemaUrl="#Lote_I.schema">
            <SimpleData name="Cédula">3479079.00000000000</SimpleData>
            <SimpleData name="Nombres_y_">IRENE ZEBALLO BARRIOS</SimpleData>
            <SimpleData name="Sexo">Mujer</SimpleData>
            <SimpleData name="Cambio_de_">NO</SimpleData>
            <SimpleData name="Titular_se">NO</SimpleData>
            <SimpleData name="ci_UNIF">3479079.00000000000</SimpleData>
            <SimpleData name="Situación">NO</SimpleData>
            <SimpleData name="Comunidad">Campesina</SimpleData>
            <SimpleData name="Modelo_imp">Modelo 1</SimpleData>
            <SimpleData name="Departamen">SAN PEDRO</SimpleData>
            <SimpleData name="Distrito">GUAYAIBI</SimpleData>
            <SimpleData name="Localidad">CALLE MARIA AUXILIADORA</SimpleData>
            <SimpleData name="Teléfono">0982411880</SimpleData>
            <SimpleData name="Vivienda_L">-24.41131630000</SimpleData>
            <SimpleData name="Vivienda_1">-56.42980800000</SimpleData>
            <SimpleData name="Superficie">0.80000000000</SimpleData>
            <SimpleData name="Situaci_1">Par?metro</SimpleData>
            <SimpleData name="Plantado">SI</SimpleData>
            <SimpleData name="Plantado_f">1899/12/30</SimpleData>
            <SimpleData name="Jornales">0.00000000000</SimpleData>
            <SimpleData name="Monto">0.00000000000</SimpleData>
            <SimpleData name="Grupo_de_p">I-GN</SimpleData>
            <SimpleData name="Estado_del">Activo</SimpleData>
            <SimpleData name="Empresa">Emilio Sol?s Grance</SimpleData>
            <SimpleData name="Lote">I</SimpleData>
            <SimpleData name="Parametro">0.80000000000</SimpleData>
            <SimpleData name="Sup_Sig">0.89354954654</SimpleData>
            <SimpleData name="Situacion">Cumple</SimpleData>
            <SimpleData name="X">-56.42938213000</SimpleData>
            <SimpleData name="Y">-24.41608802000</SimpleData>
            <SimpleData name="Shape_Leng">378.53409985200</SimpleData>
            <SimpleData name="Shape_Area">8935.49546538000</SimpleData>
          </SchemaData>
        </ExtendedData>
        <Polygon>
          <outerBoundaryIs>
            <LinearRing>
              <coordinates>
                -56.4288849995199,-24.4164950005173,0
                -56.4298517001056,-24.4165050002145,0
                -56.4298918000734,-24.4157199997218,0
                -56.4289299995708,-24.415633299889,0
                -56.4288849995199,-24.4164950005173,0
              </coordinates>
            </LinearRing>
          </outerBoundaryIs>
        </Polygon>
      </Placemark>
      <Placemark id="Lote_I.95">
        <ExtendedData>
          <SchemaData schemaUrl="#Lote_I.schema">
            <SimpleData name="Cédula">3557239.00000000000</SimpleData>
            <SimpleData name="Nombres_y_">LILIAN OTILIA CABA?AS MALDONADO</SimpleData>
            <SimpleData name="Sexo">Mujer</SimpleData>
            <SimpleData name="Cambio_de_">NO</SimpleData>
            <SimpleData name="Titular_se">NO</SimpleData>
            <SimpleData name="ci_UNIF">3557239.00000000000</SimpleData>
            <SimpleData name="Situación">NO</SimpleData>
            <SimpleData name="Comunidad">Campesina</SimpleData>
            <SimpleData name="Modelo_imp">Modelo 1</SimpleData>
            <SimpleData name="Departamen">SAN PEDRO</SimpleData>
            <SimpleData name="Distrito">GUAYAIBI</SimpleData>
            <SimpleData name="Localidad">ASENT. BARRIO SAN PEDRO 1</SimpleData>
            <SimpleData name="Teléfono">0973692453</SimpleData>
            <SimpleData name="Vivienda_L">-24.40961300000</SimpleData>
            <SimpleData name="Vivienda_1">-56.41217230000</SimpleData>
            <SimpleData name="Superficie">0.80000000000</SimpleData>
            <SimpleData name="Situaci_1">Par?metro</SimpleData>
            <SimpleData name="Plantado">SI</SimpleData>
            <SimpleData name="Plantado_f">1899/12/30</SimpleData>
            <SimpleData name="Jornales">0.00000000000</SimpleData>
            <SimpleData name="Monto">0.00000000000</SimpleData>
            <SimpleData name="Grupo_de_p">I-GN</SimpleData>
            <SimpleData name="Estado_del">Activo</SimpleData>
            <SimpleData name="Empresa">Emilio Sol?s Grance</SimpleData>
            <SimpleData name="Lote">I</SimpleData>
            <SimpleData name="Parametro">0.80000000000</SimpleData>
            <SimpleData name="Sup_Sig">0.88296960699</SimpleData>
            <SimpleData name="Situacion">Cumple</SimpleData>
            <SimpleData name="X">-56.38060186000</SimpleData>
            <SimpleData name="Y">-24.40316682000</SimpleData>
            <SimpleData name="Shape_Leng">559.41962538500</SimpleData>
            <SimpleData name="Shape_Area">8829.69606988000</SimpleData>
          </SchemaData>
        </ExtendedData>
        <MultiGeometry>
          <Polygon>
            <outerBoundaryIs>
              <LinearRing>
                <coordinates>
                  -56.3807716997,-24.4040220000409,0
                  -56.3808692005479,-24.4028257004079,0
                  -56.38039500026,-24.4028230004559,0
                  -56.3803001999209,-24.4039846001578,0
                  -56.3807716997,-24.4040220000409,0
                </coordinates>
              </LinearRing>
            </outerBoundaryIs>
          </Polygon>
          <Polygon>
            <outerBoundaryIs>
              <LinearRing>
                <coordinates>
                  -56.3803878007195,-24.402793699131,0
                  -56.3808358000247,-24.4027856005344,0
                  -56.380864599814,-24.4027556995147,0
                  -56.3809264990899,-24.4023243001959,0
                  -56.3803917994051,-24.4023491002853,0
                  -56.3803878007195,-24.402793699131,0
                </coordinates>
              </LinearRing>
            </outerBoundaryIs>
          </Polygon>
        </MultiGeometry>
      </Placemark>
      <Placemark id="Lote_I.96">
        <ExtendedData>
          <SchemaData schemaUrl="#Lote_I.schema">
            <SimpleData name="Cédula">3677195.00000000000</SimpleData>
            <SimpleData name="Nombres_y_">AIDA LUZ SANABRIA DIAZ</SimpleData>
            <SimpleData name="Sexo">Mujer</SimpleData>
            <SimpleData name="Cambio_de_">NO</SimpleData>
            <SimpleData name="Titular_se">NO</SimpleData>
            <SimpleData name="ci_UNIF">3677195.00000000000</SimpleData>
            <SimpleData name="Situación">NO</SimpleData>
            <SimpleData name="Comunidad">Campesina</SimpleData>
            <SimpleData name="Modelo_imp">Modelo 5</SimpleData>
            <SimpleData name="Departamen">SAN PEDRO</SimpleData>
            <SimpleData name="Distrito">GUAYAIBI</SimpleData>
            <SimpleData name="Localidad">ASENT. BARRIO SAN PEDRO 1</SimpleData>
            <SimpleData name="Teléfono">0971651614</SimpleData>
            <SimpleData name="Vivienda_L">-24.39251880000</SimpleData>
            <SimpleData name="Vivienda_1">-56.41527280000</SimpleData>
            <SimpleData name="Superficie">0.70000000000</SimpleData>
            <SimpleData name="Situaci_1">Par?metro</SimpleData>
            <SimpleData name="Plantado">SI</SimpleData>
            <SimpleData name="Plantado_f">1899/12/30</SimpleData>
            <SimpleData name="Jornales">0.00000000000</SimpleData>
            <SimpleData name="Monto">0.00000000000</SimpleData>
            <SimpleData name="Grupo_de_p">I-GN</SimpleData>
            <SimpleData name="Estado_del">Activo</SimpleData>
            <SimpleData name="Empresa">Emilio Sol?s Grance</SimpleData>
            <SimpleData name="Lote">I</SimpleData>
            <SimpleData name="Parametro">0.70000000000</SimpleData>
            <SimpleData name="Sup_Sig">1.02467834709</SimpleData>
            <SimpleData name="Situacion">Cumple</SimpleData>
            <SimpleData name="X">-56.40060922000</SimpleData>
            <SimpleData name="Y">-24.38599943000</SimpleData>
            <SimpleData name="Shape_Leng">466.50175130300</SimpleData>
            <SimpleData name="Shape_Area">10246.78347090000</SimpleData>
          </SchemaData>
        </ExtendedData>
        <Polygon>
          <outerBoundaryIs>
            <LinearRing>
              <coordinates>
                -56.4002249999453,-24.3867249997924,0
                -56.4008258999726,-24.3867990992609,0
                -56.4009813003883,-24.3853652997035,0
                -56.4004338000616,-24.385090799986,0
                -56.4002249999453,-24.3867249997924,0
              </coordinates>
            </LinearRing>
          </outerBoundaryIs>
        </Polygon>
      </Placemark>
      <Placemark id="Lote_I.97">
        <ExtendedData>
          <SchemaData schemaUrl="#Lote_I.schema">
            <SimpleData name="Cédula">4684009.00000000000</SimpleData>
            <SimpleData name="Nombres_y_">CAROLINA MARTINEZ TOLEDO</SimpleData>
            <SimpleData name="Sexo">Mujer</SimpleData>
            <SimpleData name="Cambio_de_">NO</SimpleData>
            <SimpleData name="Titular_se">NO</SimpleData>
            <SimpleData name="ci_UNIF">4684009.00000000000</SimpleData>
            <SimpleData name="Situación">NO</SimpleData>
            <SimpleData name="Comunidad">Campesina</SimpleData>
            <SimpleData name="Modelo_imp">Modelo 1</SimpleData>
            <SimpleData name="Departamen">SAN PEDRO</SimpleData>
            <SimpleData name="Distrito">GUAYAIBI</SimpleData>
            <SimpleData name="Localidad">8 DE DICIEMBRE</SimpleData>
            <SimpleData name="Teléfono">0986984816</SimpleData>
            <SimpleData name="Vivienda_L">-24.39517010000</SimpleData>
            <SimpleData name="Vivienda_1">-56.31949900000</SimpleData>
            <SimpleData name="Superficie">0.80000000000</SimpleData>
            <SimpleData name="Situaci_1">Par?metro</SimpleData>
            <SimpleData name="Plantado">SI</SimpleData>
            <SimpleData name="Plantado_f">1899/12/30</SimpleData>
            <SimpleData name="Jornales">0.00000000000</SimpleData>
            <SimpleData name="Monto">0.00000000000</SimpleData>
            <SimpleData name="Grupo_de_p">I-GN</SimpleData>
            <SimpleData name="Estado_del">Activo</SimpleData>
            <SimpleData name="Empresa">Emilio Sol?s Grance</SimpleData>
            <SimpleData name="Lote">I</SimpleData>
            <SimpleData name="Parametro">0.80000000000</SimpleData>
            <SimpleData name="Sup_Sig">0.92766580495</SimpleData>
            <SimpleData name="Situacion">Cumple</SimpleData>
            <SimpleData name="X">-56.31777652000</SimpleData>
            <SimpleData name="Y">-24.39326305000</SimpleData>
            <SimpleData name="Shape_Leng">458.01796624500</SimpleData>
            <SimpleData name="Shape_Area">9276.65804947000</SimpleData>
          </SchemaData>
        </ExtendedData>
        <Polygon>
          <outerBoundaryIs>
            <LinearRing>
              <coordinates>
                -56.3171526005055,-24.3926242997069,0
                -56.3179261997546,-24.3940881999368,0
                -56.3183835002107,-24.393879099872,0
                -56.3176591000195,-24.3924734999003,0
                -56.3171526005055,-24.3926242997069,0
              </coordinates>
            </LinearRing>
          </outerBoundaryIs>
        </Polygon>
      </Placemark>
      <Placemark id="Lote_I.98">
        <ExtendedData>
          <SchemaData schemaUrl="#Lote_I.schema">
            <SimpleData name="Cédula">4694336.00000000000</SimpleData>
            <SimpleData name="Nombres_y_">CRISTINA ALFONZO DE DELGADILLO</SimpleData>
            <SimpleData name="Sexo">Mujer</SimpleData>
            <SimpleData name="Cambio_de_">NO</SimpleData>
            <SimpleData name="Titular_se">NO</SimpleData>
            <SimpleData name="ci_UNIF">4694336.00000000000</SimpleData>
            <SimpleData name="Situación">NO</SimpleData>
            <SimpleData name="Comunidad">Campesina</SimpleData>
            <SimpleData name="Modelo_imp">Modelo 1</SimpleData>
            <SimpleData name="Departamen">SAN PEDRO</SimpleData>
            <SimpleData name="Distrito">GUAYAIBI</SimpleData>
            <SimpleData name="Localidad">ALMEIDA CUE</SimpleData>
            <SimpleData name="Teléfono">0986613685</SimpleData>
            <SimpleData name="Vivienda_L">-24.44781380000</SimpleData>
            <SimpleData name="Vivienda_1">-56.40405310000</SimpleData>
            <SimpleData name="Superficie">0.80000000000</SimpleData>
            <SimpleData name="Situaci_1">Par?metro</SimpleData>
            <SimpleData name="Plantado">SI</SimpleData>
            <SimpleData name="Plantado_f">1899/12/30</SimpleData>
            <SimpleData name="Jornales">0.00000000000</SimpleData>
            <SimpleData name="Monto">0.00000000000</SimpleData>
            <SimpleData name="Grupo_de_p">I-GN</SimpleData>
            <SimpleData name="Estado_del">Activo</SimpleData>
            <SimpleData name="Empresa">Emilio Sol?s Grance</SimpleData>
            <SimpleData name="Lote">I</SimpleData>
            <SimpleData name="Parametro">0.80000000000</SimpleData>
            <SimpleData name="Sup_Sig">0.91303330752</SimpleData>
            <SimpleData name="Situacion">Cumple</SimpleData>
            <SimpleData name="X">-56.40301271000</SimpleData>
            <SimpleData name="Y">-24.44946555000</SimpleData>
            <SimpleData name="Shape_Leng">674.09634065600</SimpleData>
            <SimpleData name="Shape_Area">9130.33307518000</SimpleData>
          </SchemaData>
        </ExtendedData>
        <Polygon>
          <outerBoundaryIs>
            <LinearRing>
              <coordinates>
                -56.4021831001168,-24.4505876001027,0
                -56.402434199685,-24.4507517995535,0
                -56.4038752003292,-24.4482597997203,0
                -56.4035950994352,-24.4481931993544,0
                -56.4021831001168,-24.4505876001027,0
              </coordinates>
            </LinearRing>
          </outerBoundaryIs>
        </Polygon>
      </Placemark>
      <Placemark id="Lote_I.99">
        <ExtendedData>
          <SchemaData schemaUrl="#Lote_I.schema">
            <SimpleData name="Cédula">4805732.00000000000</SimpleData>
            <SimpleData name="Nombres_y_">ROSALBA ISABEL ROJAS MOREL</SimpleData>
            <SimpleData name="Sexo">Mujer</SimpleData>
            <SimpleData name="Cambio_de_">NO</SimpleData>
            <SimpleData name="Titular_se">NO</SimpleData>
            <SimpleData name="ci_UNIF">4805732.00000000000</SimpleData>
            <SimpleData name="Situación">NO</SimpleData>
            <SimpleData name="Comunidad">Campesina</SimpleData>
            <SimpleData name="Modelo_imp">Modelo 5</SimpleData>
            <SimpleData name="Departamen">SAN PEDRO</SimpleData>
            <SimpleData name="Distrito">GUAYAIBI</SimpleData>
            <SimpleData name="Localidad">LUZ BELLA JUSTO VILLANUEVA</SimpleData>
            <SimpleData name="Teléfono">985181339</SimpleData>
            <SimpleData name="Vivienda_L">-24.31136990000</SimpleData>
            <SimpleData name="Vivienda_1">-56.15960940000</SimpleData>
            <SimpleData name="Superficie">0.70000000000</SimpleData>
            <SimpleData name="Situaci_1">Parametro</SimpleData>
            <SimpleData name="Plantado">SI</SimpleData>
            <SimpleData name="Plantado_f">1899/12/30</SimpleData>
            <SimpleData name="Jornales">0.00000000000</SimpleData>
            <SimpleData name="Monto">0.00000000000</SimpleData>
            <SimpleData name="Grupo_de_p">I-GN</SimpleData>
            <SimpleData name="Estado_del">Activo</SimpleData>
            <SimpleData name="Empresa">Emilio Sol?s Grance</SimpleData>
            <SimpleData name="Lote">I</SimpleData>
            <SimpleData name="Parametro">0.70000000000</SimpleData>
            <SimpleData name="Sup_Sig">0.83146926187</SimpleData>
            <SimpleData name="Situacion">Cumple</SimpleData>
            <SimpleData name="X">-56.16613985000</SimpleData>
            <SimpleData name="Y">-24.31131434000</SimpleData>
            <SimpleData name="Shape_Leng">406.73298405400</SimpleData>
            <SimpleData name="Shape_Area">8314.69261865000</SimpleData>
          </SchemaData>
        </ExtendedData>
        <Polygon>
          <outerBoundaryIs>
            <LinearRing>
              <coordinates>
                -56.1654460999749,-24.31126400053,0
                -56.1654349995121,-24.3116116998712,0
                -56.166768300038,-24.3115833003452,0
                -56.1667916994183,-24.3110016993427,0
                -56.1655689001727,-24.3110303993863,0
                -56.1656299995346,-24.3112549999222,0
                -56.1654460999749,-24.31126400053,0
              </coordinates>
            </LinearRing>
          </outerBoundaryIs>
        </Polygon>
      </Placemark>
      <Placemark id="Lote_I.100">
        <ExtendedData>
          <SchemaData schemaUrl="#Lote_I.schema">
            <SimpleData name="Cédula">5569212.00000000000</SimpleData>
            <SimpleData name="Nombres_y_">MERCEDES ALVAREZ ALVAREZ</SimpleData>
            <SimpleData name="Sexo">Mujer</SimpleData>
            <SimpleData name="Cambio_de_">NO</SimpleData>
            <SimpleData name="Titular_se">NO</SimpleData>
            <SimpleData name="ci_UNIF">5569212.00000000000</SimpleData>
            <SimpleData name="Situación">NO</SimpleData>
            <SimpleData name="Comunidad">Campesina</SimpleData>
            <SimpleData name="Modelo_imp">Modelo 1</SimpleData>
            <SimpleData name="Departamen">SAN PEDRO</SimpleData>
            <SimpleData name="Distrito">GUAYAIBI</SimpleData>
            <SimpleData name="Localidad">SAN JOSE 1</SimpleData>
            <SimpleData name="Teléfono">0971375231</SimpleData>
            <SimpleData name="Vivienda_L">-24.38929880000</SimpleData>
            <SimpleData name="Vivienda_1">-56.36896730000</SimpleData>
            <SimpleData name="Superficie">0.80000000000</SimpleData>
            <SimpleData name="Situaci_1">Par?metro</SimpleData>
            <SimpleData name="Plantado">SI</SimpleData>
            <SimpleData name="Plantado_f">1899/12/30</SimpleData>
            <SimpleData name="Jornales">0.00000000000</SimpleData>
            <SimpleData name="Monto">0.00000000000</SimpleData>
            <SimpleData name="Grupo_de_p">I-GN</SimpleData>
            <SimpleData name="Estado_del">Activo</SimpleData>
            <SimpleData name="Empresa">Emilio Sol?s Grance</SimpleData>
            <SimpleData name="Lote">I</SimpleData>
            <SimpleData name="Parametro">0.80000000000</SimpleData>
            <SimpleData name="Sup_Sig">0.83508198734</SimpleData>
            <SimpleData name="Situacion">Cumple</SimpleData>
            <SimpleData name="X">-56.36750157000</SimpleData>
            <SimpleData name="Y">-24.39573625000</SimpleData>
            <SimpleData name="Shape_Leng">748.19060523900</SimpleData>
            <SimpleData name="Shape_Area">8350.81987342000</SimpleData>
          </SchemaData>
        </ExtendedData>
        <Polygon>
          <outerBoundaryIs>
            <LinearRing>
              <coordinates>
                -56.3671565005686,-24.3972776001059,0
                -56.3673969002055,-24.3972889995878,0
                -56.3678311997142,-24.3943027995496,0
                -56.3677763000727,-24.3942878997182,0
                -56.3677747992951,-24.3941546993428,0
                -56.3676214003988,-24.3941138997265,0
                -56.3671565005686,-24.3972776001059,0
              </coordinates>
            </LinearRing>
          </outerBoundaryIs>
        </Polygon>
      </Placemark>
      <Placemark id="Lote_I.101">
        <ExtendedData>
          <SchemaData schemaUrl="#Lote_I.schema">
            <SimpleData name="Cédula">5983276.00000000000</SimpleData>
            <SimpleData name="Nombres_y_">RAQUEL BERNAL LARROZA</SimpleData>
            <SimpleData name="Sexo">Mujer</SimpleData>
            <SimpleData name="Cambio_de_">NO</SimpleData>
            <SimpleData name="Titular_se">NO</SimpleData>
            <SimpleData name="ci_UNIF">5983276.00000000000</SimpleData>
            <SimpleData name="Situación">NO</SimpleData>
            <SimpleData name="Comunidad">Campesina</SimpleData>
            <SimpleData name="Modelo_imp">Modelo 5</SimpleData>
            <SimpleData name="Departamen">SAN PEDRO</SimpleData>
            <SimpleData name="Distrito">GUAYAIBI</SimpleData>
            <SimpleData name="Localidad">8 DE DICIEMBRE</SimpleData>
            <SimpleData name="Teléfono">0982913544</SimpleData>
            <SimpleData name="Vivienda_L">-24.39673450000</SimpleData>
            <SimpleData name="Vivienda_1">-56.31584490000</SimpleData>
            <SimpleData name="Superficie">0.70000000000</SimpleData>
            <SimpleData name="Situaci_1">Par?metro</SimpleData>
            <SimpleData name="Plantado">SI</SimpleData>
            <SimpleData name="Plantado_f">1899/12/30</SimpleData>
            <SimpleData name="Jornales">0.00000000000</SimpleData>
            <SimpleData name="Monto">0.00000000000</SimpleData>
            <SimpleData name="Grupo_de_p">I-GN</SimpleData>
            <SimpleData name="Estado_del">Activo</SimpleData>
            <SimpleData name="Empresa">Emilio Sol?s Grance</SimpleData>
            <SimpleData name="Lote">I</SimpleData>
            <SimpleData name="Parametro">0.70000000000</SimpleData>
            <SimpleData name="Sup_Sig">0.71643416510</SimpleData>
            <SimpleData name="Situacion">Cumple</SimpleData>
            <SimpleData name="X">-56.31472827000</SimpleData>
            <SimpleData name="Y">-24.39534510000</SimpleData>
            <SimpleData name="Shape_Leng">340.44638211400</SimpleData>
            <SimpleData name="Shape_Area">7164.34165104000</SimpleData>
          </SchemaData>
        </ExtendedData>
        <Polygon>
          <outerBoundaryIs>
            <LinearRing>
              <coordinates>
                -56.3141466998938,-24.3952232999954,0
                -56.3144783001042,-24.3958417002205,0
                -56.3153049993748,-24.3954700001258,0
                -56.3149851000344,-24.3948478992921,0
                -56.3141466998938,-24.3952232999954,0
              </coordinates>
            </LinearRing>
          </outerBoundaryIs>
        </Polygon>
      </Placemark>
      <Placemark id="Lote_I.102">
        <ExtendedData>
          <SchemaData schemaUrl="#Lote_I.schema">
            <SimpleData name="Cédula">6191438.00000000000</SimpleData>
            <SimpleData name="Nombres_y_">GRACIELA MARTINEZ VERGARA</SimpleData>
            <SimpleData name="Sexo">Mujer</SimpleData>
            <SimpleData name="Cambio_de_">NO</SimpleData>
            <SimpleData name="Titular_se">NO</SimpleData>
            <SimpleData name="ci_UNIF">6191438.00000000000</SimpleData>
            <SimpleData name="Situación">NO</SimpleData>
            <SimpleData name="Comunidad">Campesina</SimpleData>
            <SimpleData name="Modelo_imp">Modelo 5</SimpleData>
            <SimpleData name="Departamen">SAN PEDRO</SimpleData>
            <SimpleData name="Distrito">GUAYAIBI</SimpleData>
            <SimpleData name="Localidad">SAN ROQUE</SimpleData>
            <SimpleData name="Teléfono">0982035167</SimpleData>
            <SimpleData name="Vivienda_L">-24.37989560000</SimpleData>
            <SimpleData name="Vivienda_1">-56.32349430000</SimpleData>
            <SimpleData name="Superficie">0.70000000000</SimpleData>
            <SimpleData name="Situaci_1">Par?metro</SimpleData>
            <SimpleData name="Plantado">SI</SimpleData>
            <SimpleData name="Plantado_f">1899/12/30</SimpleData>
            <SimpleData name="Jornales">0.00000000000</SimpleData>
            <SimpleData name="Monto">0.00000000000</SimpleData>
            <SimpleData name="Grupo_de_p">I-GN</SimpleData>
            <SimpleData name="Estado_del">Activo</SimpleData>
            <SimpleData name="Empresa">Emilio Sol?s Grance</SimpleData>
            <SimpleData name="Lote">I</SimpleData>
            <SimpleData name="Parametro">0.70000000000</SimpleData>
            <SimpleData name="Sup_Sig">0.71838449086</SimpleData>
            <SimpleData name="Situacion">Cumple</SimpleData>
            <SimpleData name="X">-56.32764511000</SimpleData>
            <SimpleData name="Y">-24.38053438000</SimpleData>
            <SimpleData name="Shape_Leng">414.05428058200</SimpleData>
            <SimpleData name="Shape_Area">7183.84490863000</SimpleData>
          </SchemaData>
        </ExtendedData>
        <Polygon>
          <outerBoundaryIs>
            <LinearRing>
              <coordinates>
                -56.3271013998701,-24.3799665003392,0
                -56.3278084001427,-24.3812952995299,0
                -56.3281882997478,-24.3810838002201,0
                -56.3274753003803,-24.3797757005052,0
                -56.3271013998701,-24.3799665003392,0
              </coordinates>
            </LinearRing>
          </outerBoundaryIs>
        </Polygon>
      </Placemark>
      <Placemark id="Lote_I.103">
        <ExtendedData>
          <SchemaData schemaUrl="#Lote_I.schema">
            <SimpleData name="Cédula">6693861.00000000000</SimpleData>
            <SimpleData name="Nombres_y_">DAMARY TORALES</SimpleData>
            <SimpleData name="Sexo">Mujer</SimpleData>
            <SimpleData name="Cambio_de_">NO</SimpleData>
            <SimpleData name="Titular_se">NO</SimpleData>
            <SimpleData name="ci_UNIF">6693861.00000000000</SimpleData>
            <SimpleData name="Situación">NO</SimpleData>
            <SimpleData name="Comunidad">Campesina</SimpleData>
            <SimpleData name="Modelo_imp">Modelo 1</SimpleData>
            <SimpleData name="Departamen">SAN PEDRO</SimpleData>
            <SimpleData name="Distrito">GUAYAIBI</SimpleData>
            <SimpleData name="Localidad">8 DE DICIEMBRE</SimpleData>
            <SimpleData name="Teléfono">0976867618</SimpleData>
            <SimpleData name="Vivienda_L">-24.38713430000</SimpleData>
            <SimpleData name="Vivienda_1">-56.33912780000</SimpleData>
            <SimpleData name="Superficie">0.80000000000</SimpleData>
            <SimpleData name="Situaci_1">Par?metro</SimpleData>
            <SimpleData name="Plantado">SI</SimpleData>
            <SimpleData name="Plantado_f">1899/12/30</SimpleData>
            <SimpleData name="Jornales">0.00000000000</SimpleData>
            <SimpleData name="Monto">0.00000000000</SimpleData>
            <SimpleData name="Grupo_de_p">I-GN</SimpleData>
            <SimpleData name="Estado_del">Activo</SimpleData>
            <SimpleData name="Empresa">Emilio Sol?s Grance</SimpleData>
            <SimpleData name="Lote">I</SimpleData>
            <SimpleData name="Parametro">0.80000000000</SimpleData>
            <SimpleData name="Sup_Sig">0.81601710768</SimpleData>
            <SimpleData name="Situacion">Cumple</SimpleData>
            <SimpleData name="X">-56.34034063000</SimpleData>
            <SimpleData name="Y">-24.38826906000</SimpleData>
            <SimpleData name="Shape_Leng">407.37279716500</SimpleData>
            <SimpleData name="Shape_Area">8160.17107677000</SimpleData>
          </SchemaData>
        </ExtendedData>
        <Polygon>
          <outerBoundaryIs>
            <LinearRing>
              <coordinates>
                -56.3404419001515,-24.3889612998288,0
                -56.3405103998654,-24.3889771004861,0
                -56.3405955000872,-24.3889657002557,0
                -56.3408829005483,-24.3887248995473,0
                -56.3408780996958,-24.3886900001765,0
                -56.3403199000131,-24.387651200318,0
                -56.3397188996853,-24.3876890999201,0
                -56.3404419001515,-24.3889612998288,0
              </coordinates>
            </LinearRing>
          </outerBoundaryIs>
        </Polygon>
      </Placemark>
      <Placemark id="Lote_I.104">
        <ExtendedData>
          <SchemaData schemaUrl="#Lote_I.schema">
            <SimpleData name="Cédula">8523470.00000000000</SimpleData>
            <SimpleData name="Nombres_y_">ANTOLINA BAREIRO FARI A</SimpleData>
            <SimpleData name="Sexo">Mujer</SimpleData>
            <SimpleData name="Cambio_de_">NO</SimpleData>
            <SimpleData name="Titular_se">NO</SimpleData>
            <SimpleData name="ci_UNIF">8523470.00000000000</SimpleData>
            <SimpleData name="Situación">NO</SimpleData>
            <SimpleData name="Comunidad">Campesina</SimpleData>
            <SimpleData name="Modelo_imp">Modelo 5</SimpleData>
            <SimpleData name="Departamen">SAN PEDRO</SimpleData>
            <SimpleData name="Distrito">GUAYAIBI</SimpleData>
            <SimpleData name="Localidad">LUZ BELLA SAN LUIS</SimpleData>
            <SimpleData name="Teléfono">976429639</SimpleData>
            <SimpleData name="Vivienda_L">-24.31758990000</SimpleData>
            <SimpleData name="Vivienda_1">-56.17383440000</SimpleData>
            <SimpleData name="Superficie">0.70000000000</SimpleData>
            <SimpleData name="Situaci_1">Parametro</SimpleData>
            <SimpleData name="Plantado">SI</SimpleData>
            <SimpleData name="Plantado_f">1899/12/30</SimpleData>
            <SimpleData name="Jornales">0.00000000000</SimpleData>
            <SimpleData name="Monto">0.00000000000</SimpleData>
            <SimpleData name="Grupo_de_p">I-GN</SimpleData>
            <SimpleData name="Estado_del">Activo</SimpleData>
            <SimpleData name="Empresa">Emilio Sol?s Grance</SimpleData>
            <SimpleData name="Lote">I</SimpleData>
            <SimpleData name="Parametro">0.70000000000</SimpleData>
            <SimpleData name="Sup_Sig">0.88007008837</SimpleData>
            <SimpleData name="Situacion">Cumple</SimpleData>
            <SimpleData name="X">-56.17054112000</SimpleData>
            <SimpleData name="Y">-24.31808304000</SimpleData>
            <SimpleData name="Shape_Leng">423.91038650400</SimpleData>
            <SimpleData name="Shape_Area">8800.70088373000</SimpleData>
          </SchemaData>
        </ExtendedData>
        <Polygon>
          <outerBoundaryIs>
            <LinearRing>
              <coordinates>
                -56.1700140000755,-24.3176605005631,0
                -56.1699689001753,-24.3184219992177,0
                -56.1712449997666,-24.31839800052,0
                -56.1712959999498,-24.3179953003569,0
                -56.1707018004657,-24.3179651994773,0
                -56.1706799994003,-24.3176313997901,0
                -56.1700140000755,-24.3176605005631,0
              </coordinates>
            </LinearRing>
          </outerBoundaryIs>
        </Polygon>
      </Placemark>
      <Placemark id="Lote_I.105">
        <ExtendedData>
          <SchemaData schemaUrl="#Lote_I.schema">
            <SimpleData name="Cédula">2350273.00000000000</SimpleData>
            <SimpleData name="Nombres_y_">RAFAEL MORINIGO AYALA</SimpleData>
            <SimpleData name="Sexo">Hombre</SimpleData>
            <SimpleData name="Cambio_de_">NO</SimpleData>
            <SimpleData name="Titular_se">NO</SimpleData>
            <SimpleData name="ci_UNIF">2350273.00000000000</SimpleData>
            <SimpleData name="Situación">NO</SimpleData>
            <SimpleData name="Comunidad">Campesina</SimpleData>
            <SimpleData name="Modelo_imp">Modelo 3</SimpleData>
            <SimpleData name="Departamen">SAN PEDRO</SimpleData>
            <SimpleData name="Distrito">CHORE</SimpleData>
            <SimpleData name="Localidad">8 DE DICIEMBRE</SimpleData>
            <SimpleData name="Teléfono">0982548721</SimpleData>
            <SimpleData name="Vivienda_L">-24.15153650000</SimpleData>
            <SimpleData name="Vivienda_1">-56.62951980000</SimpleData>
            <SimpleData name="Superficie">1.00000000000</SimpleData>
            <SimpleData name="Situaci_1">Par?metro</SimpleData>
            <SimpleData name="Plantado">SI</SimpleData>
            <SimpleData name="Plantado_f">1899/12/30</SimpleData>
            <SimpleData name="Jornales">0.00000000000</SimpleData>
            <SimpleData name="Monto">0.00000000000</SimpleData>
            <SimpleData name="Grupo_de_p">I-GN</SimpleData>
            <SimpleData name="Estado_del">Activo</SimpleData>
            <SimpleData name="Empresa">Emilio Sol?s Grance</SimpleData>
            <SimpleData name="Lote">I</SimpleData>
            <SimpleData name="Parametro">1.00000000000</SimpleData>
            <SimpleData name="Sup_Sig">1.37657298472</SimpleData>
            <SimpleData name="Situacion">Cumple</SimpleData>
            <SimpleData name="X">-56.62867642000</SimpleData>
            <SimpleData name="Y">-24.15218633000</SimpleData>
            <SimpleData name="Shape_Leng">537.26880561100</SimpleData>
            <SimpleData name="Shape_Area">13765.72984720000</SimpleData>
          </SchemaData>
        </ExtendedData>
        <Polygon>
          <outerBoundaryIs>
            <LinearRing>
              <coordinates>
                -56.6277633003915,-24.1526285002485,0
                -56.6285257999764,-24.1530350000033,0
                -56.6294949996875,-24.151593099828,0
                -56.6291546001453,-24.151245600245,0
                -56.6277633003915,-24.1526285002485,0
              </coordinates>
            </LinearRing>
          </outerBoundaryIs>
        </Polygon>
      </Placemark>
      <Placemark id="Lote_I.106">
        <ExtendedData>
          <SchemaData schemaUrl="#Lote_I.schema">
            <SimpleData name="Cédula">2652782.00000000000</SimpleData>
            <SimpleData name="Nombres_y_">FELICIANO DIAZ</SimpleData>
            <SimpleData name="Sexo">Hombre</SimpleData>
            <SimpleData name="Cambio_de_">NO</SimpleData>
            <SimpleData name="Titular_se">NO</SimpleData>
            <SimpleData name="ci_UNIF">2652782.00000000000</SimpleData>
            <SimpleData name="Situación">NO</SimpleData>
            <SimpleData name="Comunidad">Campesina</SimpleData>
            <SimpleData name="Modelo_imp">Modelo 1</SimpleData>
            <SimpleData name="Departamen">SAN PEDRO</SimpleData>
            <SimpleData name="Distrito">GUAYAIBI</SimpleData>
            <SimpleData name="Localidad">SAN MARCOS</SimpleData>
            <SimpleData name="Teléfono">0982776396</SimpleData>
            <SimpleData name="Vivienda_L">-24.46516340000</SimpleData>
            <SimpleData name="Vivienda_1">-56.43013630000</SimpleData>
            <SimpleData name="Superficie">0.80000000000</SimpleData>
            <SimpleData name="Situaci_1">Par?metro</SimpleData>
            <SimpleData name="Plantado">SI</SimpleData>
            <SimpleData name="Plantado_f">1899/12/30</SimpleData>
            <SimpleData name="Jornales">0.00000000000</SimpleData>
            <SimpleData name="Monto">0.00000000000</SimpleData>
            <SimpleData name="Grupo_de_p">I-GN</SimpleData>
            <SimpleData name="Estado_del">Activo</SimpleData>
            <SimpleData name="Empresa">Emilio Sol?s Grance</SimpleData>
            <SimpleData name="Lote">I</SimpleData>
            <SimpleData name="Parametro">0.80000000000</SimpleData>
            <SimpleData name="Sup_Sig">1.02206202916</SimpleData>
            <SimpleData name="Situacion">Cumple</SimpleData>
            <SimpleData name="X">-56.43250347000</SimpleData>
            <SimpleData name="Y">-24.46538479000</SimpleData>
            <SimpleData name="Shape_Leng">490.30740255200</SimpleData>
            <SimpleData name="Shape_Area">10220.62029160000</SimpleData>
          </SchemaData>
        </ExtendedData>
        <Polygon>
          <outerBoundaryIs>
            <LinearRing>
              <coordinates>
                -56.432036899868,-24.4653739998294,0
                -56.432428596455,-24.4653980082663,0
                -56.4319924999749,-24.4653835002371,0
                -56.4320032997921,-24.465816600288,0
                -56.4330211998168,-24.4658779000196,0
                -56.4329905006718,-24.465416700776,0
                -56.4329774995292,-24.4654162681665,0
                -56.4329518993653,-24.4649226001089,0
                -56.4320350000077,-24.4648800007604,0
                -56.432036899868,-24.4653739998294,0
              </coordinates>
            </LinearRing>
          </outerBoundaryIs>
        </Polygon>
      </Placemark>
      <Placemark id="Lote_I.107">
        <ExtendedData>
          <SchemaData schemaUrl="#Lote_I.schema">
            <SimpleData name="Cédula">3518019.00000000000</SimpleData>
            <SimpleData name="Nombres_y_">MIRIAN ANTONIA ORTIZ GAVILAN</SimpleData>
            <SimpleData name="Sexo">Mujer</SimpleData>
            <SimpleData name="Cambio_de_">NO</SimpleData>
            <SimpleData name="Titular_se">NO</SimpleData>
            <SimpleData name="ci_UNIF">3518019.00000000000</SimpleData>
            <SimpleData name="Situación">NO</SimpleData>
            <SimpleData name="Comunidad">Campesina</SimpleData>
            <SimpleData name="Modelo_imp">Modelo 1</SimpleData>
            <SimpleData name="Departamen">SAN PEDRO</SimpleData>
            <SimpleData name="Distrito">GUAYAIBI</SimpleData>
            <SimpleData name="Localidad">PLANCHADA EVA</SimpleData>
            <SimpleData name="Teléfono">0982318076</SimpleData>
            <SimpleData name="Vivienda_L">-24.35293540000</SimpleData>
            <SimpleData name="Vivienda_1">-56.38149030000</SimpleData>
            <SimpleData name="Superficie">0.80000000000</SimpleData>
            <SimpleData name="Situaci_1">Pol?gono</SimpleData>
            <SimpleData name="Plantado">SI</SimpleData>
            <SimpleData name="Plantado_f">2025/11/20</SimpleData>
            <SimpleData name="Jornales">0.00000000000</SimpleData>
            <SimpleData name="Monto">0.00000000000</SimpleData>
            <SimpleData name="Grupo_de_p">I-GN</SimpleData>
            <SimpleData name="Estado_del">Activo</SimpleData>
            <SimpleData name="Empresa">Emilio Sol?s Grance</SimpleData>
            <SimpleData name="Lote">I</SimpleData>
            <SimpleData name="Parametro">0.80000000000</SimpleData>
            <SimpleData name="Sup_Sig">0.81745026452</SimpleData>
            <SimpleData name="Situacion">Cumple</SimpleData>
            <SimpleData name="X">-56.38631601000</SimpleData>
            <SimpleData name="Y">-24.34561884000</SimpleData>
            <SimpleData name="Shape_Leng">363.05389671500</SimpleData>
            <SimpleData name="Shape_Area">8174.50264522000</SimpleData>
          </SchemaData>
        </ExtendedData>
        <Polygon>
          <outerBoundaryIs>
            <LinearRing>
              <coordinates>
                -56.3861679092592,-24.3460870950676,0
                -56.3862399001461,-24.3461810993624,0
                -56.3866366571847,-24.3459456913755,0
                -56.3869298998101,-24.3457716993205,0
                -56.3864648997009,-24.3450868004825,0
                -56.3856688995263,-24.3454355000148,0
                -56.3861679092592,-24.3460870950676,0
              </coordinates>
            </LinearRing>
          </outerBoundaryIs>
        </Polygon>
      </Placemark>
      <Placemark id="Lote_I.108">
        <ExtendedData>
          <SchemaData schemaUrl="#Lote_I.schema">
            <SimpleData name="Cédula">4163703.00000000000</SimpleData>
            <SimpleData name="Nombres_y_">DOMINGA GRACIELA RAMIREZ GIMENEZ</SimpleData>
            <SimpleData name="Sexo">Mujer</SimpleData>
            <SimpleData name="Cambio_de_">NO</SimpleData>
            <SimpleData name="Titular_se">NO</SimpleData>
            <SimpleData name="ci_UNIF">4163703.00000000000</SimpleData>
            <SimpleData name="Situación">NO</SimpleData>
            <SimpleData name="Comunidad">Campesina</SimpleData>
            <SimpleData name="Modelo_imp">Modelo 5</SimpleData>
            <SimpleData name="Departamen">SAN PEDRO</SimpleData>
            <SimpleData name="Distrito">GUAYAIBI</SimpleData>
            <SimpleData name="Localidad">SAN MARCOS</SimpleData>
            <SimpleData name="Teléfono">0975935450</SimpleData>
            <SimpleData name="Vivienda_L">-24.48926300000</SimpleData>
            <SimpleData name="Vivienda_1">-56.42857770000</SimpleData>
            <SimpleData name="Superficie">0.70000000000</SimpleData>
            <SimpleData name="Situaci_1">Par?metro</SimpleData>
            <SimpleData name="Plantado">SI</SimpleData>
            <SimpleData name="Plantado_f">2025/12/15</SimpleData>
            <SimpleData name="Jornales">0.00000000000</SimpleData>
            <SimpleData name="Monto">0.00000000000</SimpleData>
            <SimpleData name="Grupo_de_p">I-GN</SimpleData>
            <SimpleData name="Estado_del">Activo</SimpleData>
            <SimpleData name="Empresa">Emilio Sol?s Grance</SimpleData>
            <SimpleData name="Lote">I</SimpleData>
            <SimpleData name="Parametro">0.70000000000</SimpleData>
            <SimpleData name="Sup_Sig">0.73687735134</SimpleData>
            <SimpleData name="Situacion">Cumple</SimpleData>
            <SimpleData name="X">-56.43261097000</SimpleData>
            <SimpleData name="Y">-24.48944672000</SimpleData>
            <SimpleData name="Shape_Leng">424.31005914000</SimpleData>
            <SimpleData name="Shape_Area">7368.77351336000</SimpleData>
          </SchemaData>
        </ExtendedData>
        <Polygon>
          <outerBoundaryIs>
            <LinearRing>
              <coordinates>
                -56.4318637996173,-24.489594000267,0
                -56.4334158004479,-24.4897126995303,0
                -56.4334298997168,-24.4893044005817,0
                -56.4317179995115,-24.4891879006288,0
                -56.4318637996173,-24.489594000267,0
              </coordinates>
            </LinearRing>
          </outerBoundaryIs>
        </Polygon>
      </Placemark>
      <Placemark id="Lote_I.109">
        <ExtendedData>
          <SchemaData schemaUrl="#Lote_I.schema">
            <SimpleData name="Cédula">4762172.00000000000</SimpleData>
            <SimpleData name="Nombres_y_">VICTOR GUSTAVO CARDOZO BENITEZ</SimpleData>
            <SimpleData name="Sexo">Hombre</SimpleData>
            <SimpleData name="Cambio_de_">NO</SimpleData>
            <SimpleData name="Titular_se">NO</SimpleData>
            <SimpleData name="ci_UNIF">4762172.00000000000</SimpleData>
            <SimpleData name="Situación">NO</SimpleData>
            <SimpleData name="Comunidad">Campesina</SimpleData>
            <SimpleData name="Modelo_imp">Modelo 1</SimpleData>
            <SimpleData name="Departamen">SAN PEDRO</SimpleData>
            <SimpleData name="Distrito">GUAYAIBI</SimpleData>
            <SimpleData name="Localidad">CALLE ASUNCION</SimpleData>
            <SimpleData name="Teléfono">0986126948</SimpleData>
            <SimpleData name="Vivienda_L">-24.43009140000</SimpleData>
            <SimpleData name="Vivienda_1">-56.43677480000</SimpleData>
            <SimpleData name="Superficie">0.80000000000</SimpleData>
            <SimpleData name="Situaci_1">Par?metro</SimpleData>
            <SimpleData name="Plantado">SI</SimpleData>
            <SimpleData name="Plantado_f">1899/12/30</SimpleData>
            <SimpleData name="Jornales">0.00000000000</SimpleData>
            <SimpleData name="Monto">0.00000000000</SimpleData>
            <SimpleData name="Grupo_de_p">I-GN</SimpleData>
            <SimpleData name="Estado_del">Activo</SimpleData>
            <SimpleData name="Empresa">Emilio Sol?s Grance</SimpleData>
            <SimpleData name="Lote">I</SimpleData>
            <SimpleData name="Parametro">0.80000000000</SimpleData>
            <SimpleData name="Sup_Sig">0.79667941876</SimpleData>
            <SimpleData name="Situacion">Cumple</SimpleData>
            <SimpleData name="X">-56.43672266000</SimpleData>
            <SimpleData name="Y">-24.43497907000</SimpleData>
            <SimpleData name="Shape_Leng">364.71439939900</SimpleData>
            <SimpleData name="Shape_Area">7966.79418764000</SimpleData>
          </SchemaData>
        </ExtendedData>
        <Polygon>
          <outerBoundaryIs>
            <LinearRing>
              <coordinates>
                -56.4363649999903,-24.4354266996586,0
                -56.4370467001103,-24.4355282997434,0
                -56.4371125771879,-24.4345184917264,0
                -56.4363486005778,-24.4344774992338,0
                -56.4363649999903,-24.4354266996586,0
              </coordinates>
            </LinearRing>
          </outerBoundaryIs>
        </Polygon>
      </Placemark>
      <Placemark id="Lote_I.110">
        <ExtendedData>
          <SchemaData schemaUrl="#Lote_I.schema">
            <SimpleData name="Cédula">5426656.00000000000</SimpleData>
            <SimpleData name="Nombres_y_">DANI AGUSTIN ORTIZ GAVILAN</SimpleData>
            <SimpleData name="Sexo">Hombre</SimpleData>
            <SimpleData name="Cambio_de_">NO</SimpleData>
            <SimpleData name="Titular_se">NO</SimpleData>
            <SimpleData name="ci_UNIF">5426656.00000000000</SimpleData>
            <SimpleData name="Situación">NO</SimpleData>
            <SimpleData name="Comunidad">Campesina</SimpleData>
            <SimpleData name="Modelo_imp">Modelo 1</SimpleData>
            <SimpleData name="Departamen">SAN PEDRO</SimpleData>
            <SimpleData name="Distrito">GUAYAIBI</SimpleData>
            <SimpleData name="Localidad">PLANCHADA EVA</SimpleData>
            <SimpleData name="Teléfono">0982491461</SimpleData>
            <SimpleData name="Vivienda_L">-24.35330310000</SimpleData>
            <SimpleData name="Vivienda_1">-56.38176290000</SimpleData>
            <SimpleData name="Superficie">0.80000000000</SimpleData>
            <SimpleData name="Situaci_1">Par?metro</SimpleData>
            <SimpleData name="Plantado">SI</SimpleData>
            <SimpleData name="Plantado_f">2025/11/20</SimpleData>
            <SimpleData name="Jornales">0.00000000000</SimpleData>
            <SimpleData name="Monto">0.00000000000</SimpleData>
            <SimpleData name="Grupo_de_p">I-GN</SimpleData>
            <SimpleData name="Estado_del">Activo</SimpleData>
            <SimpleData name="Empresa">Emilio Sol?s Grance</SimpleData>
            <SimpleData name="Lote">I</SimpleData>
            <SimpleData name="Parametro">0.80000000000</SimpleData>
            <SimpleData name="Sup_Sig">0.90393849304</SimpleData>
            <SimpleData name="Situacion">Cumple</SimpleData>
            <SimpleData name="X">-56.38686108000</SimpleData>
            <SimpleData name="Y">-24.34639591000</SimpleData>
            <SimpleData name="Shape_Leng">403.55339151500</SimpleData>
            <SimpleData name="Shape_Area">9039.38493044000</SimpleData>
          </SchemaData>
        </ExtendedData>
        <Polygon>
          <outerBoundaryIs>
            <LinearRing>
              <coordinates>
                -56.3866366571847,-24.3459456913755,0
                -56.3862399001461,-24.3461810993624,0
                -56.3861679092592,-24.3460870950676,0
                -56.3861489998621,-24.3460927996349,0
                -56.3867458002888,-24.3469582000344,0
                -56.3875273003386,-24.3466393994985,0
                -56.3869774004364,-24.3458428999216,0
                -56.3866366571847,-24.3459456913755,0
              </coordinates>
            </LinearRing>
          </outerBoundaryIs>
        </Polygon>
      </Placemark>
      <Placemark id="Lote_I.111">
        <ExtendedData>
          <SchemaData schemaUrl="#Lote_I.schema">
            <SimpleData name="Cédula">5554919.00000000000</SimpleData>
            <SimpleData name="Nombres_y_">YESSICA LORENA VAZQUEZ JARA</SimpleData>
            <SimpleData name="Sexo">Mujer</SimpleData>
            <SimpleData name="Cambio_de_">NO</SimpleData>
            <SimpleData name="Titular_se">NO</SimpleData>
            <SimpleData name="ci_UNIF">5554919.00000000000</SimpleData>
            <SimpleData name="Situación">NO</SimpleData>
            <SimpleData name="Comunidad">Campesina</SimpleData>
            <SimpleData name="Modelo_imp">Modelo 5</SimpleData>
            <SimpleData name="Departamen">SAN PEDRO</SimpleData>
            <SimpleData name="Distrito">GUAYAIBI</SimpleData>
            <SimpleData name="Localidad">BARRIO SAN PEDRO</SimpleData>
            <SimpleData name="Teléfono">0971266972</SimpleData>
            <SimpleData name="Vivienda_L">-24.40208940000</SimpleData>
            <SimpleData name="Vivienda_1">-56.41483440000</SimpleData>
            <SimpleData name="Superficie">0.70000000000</SimpleData>
            <SimpleData name="Situaci_1">Par?metro</SimpleData>
            <SimpleData name="Plantado">SI</SimpleData>
            <SimpleData name="Plantado_f">1899/12/30</SimpleData>
            <SimpleData name="Jornales">0.00000000000</SimpleData>
            <SimpleData name="Monto">0.00000000000</SimpleData>
            <SimpleData name="Grupo_de_p">I-GN</SimpleData>
            <SimpleData name="Estado_del">Activo</SimpleData>
            <SimpleData name="Empresa">Emilio Sol?s Grance</SimpleData>
            <SimpleData name="Lote">I</SimpleData>
            <SimpleData name="Parametro">0.70000000000</SimpleData>
            <SimpleData name="Sup_Sig">0.70130113099</SimpleData>
            <SimpleData name="Situacion">Cumple</SimpleData>
            <SimpleData name="X">-56.41142668000</SimpleData>
            <SimpleData name="Y">-24.41597505000</SimpleData>
            <SimpleData name="Shape_Leng">652.83233842500</SimpleData>
            <SimpleData name="Shape_Area">7013.01130992000</SimpleData>
          </SchemaData>
        </ExtendedData>
        <MultiGeometry>
          <Polygon>
            <outerBoundaryIs>
              <LinearRing>
                <coordinates>
                  -56.4128736999824,-24.4162035006432,0
                  -56.4129524999365,-24.4159512002623,0
                  -56.412357199759,-24.4158884002801,0
                  -56.4123617996826,-24.4161669002173,0
                  -56.4128736999824,-24.4162035006432,0
                </coordinates>
              </LinearRing>
            </outerBoundaryIs>
          </Polygon>
          <Polygon>
            <outerBoundaryIs>
              <LinearRing>
                <coordinates>
                  -56.4122150993799,-24.4158898002713,0
                  -56.4117397000178,-24.4158981004077,0
                  -56.4117398996054,-24.4161020997285,0
                  -56.4122333000239,-24.416143299694,0
                  -56.4122150993799,-24.4158898002713,0
                </coordinates>
              </LinearRing>
            </outerBoundaryIs>
          </Polygon>
          <Polygon>
            <outerBoundaryIs>
              <LinearRing>
                <coordinates>
                  -56.4114338997794,-24.415861900277,0
                  -56.4101113998306,-24.4157331006142,0
                  -56.4101008993577,-24.4160132007878,0
                  -56.4114282998102,-24.416131700268,0
                  -56.4114338997794,-24.415861900277,0
                </coordinates>
              </LinearRing>
            </outerBoundaryIs>
          </Polygon>
        </MultiGeometry>
      </Placemark>
      <Placemark id="Lote_I.112">
        <ExtendedData>
          <SchemaData schemaUrl="#Lote_I.schema">
            <SimpleData name="Cédula">5955199.00000000000</SimpleData>
            <SimpleData name="Nombres_y_">RUDY ADELA SOSA ARANDA</SimpleData>
            <SimpleData name="Sexo">Mujer</SimpleData>
            <SimpleData name="Cambio_de_">NO</SimpleData>
            <SimpleData name="Titular_se">NO</SimpleData>
            <SimpleData name="ci_UNIF">5955199.00000000000</SimpleData>
            <SimpleData name="Situación">NO</SimpleData>
            <SimpleData name="Comunidad">Campesina</SimpleData>
            <SimpleData name="Modelo_imp">Modelo 5</SimpleData>
            <SimpleData name="Departamen">SAN PEDRO</SimpleData>
            <SimpleData name="Distrito">GUAYAIBI</SimpleData>
            <SimpleData name="Localidad">SAN MARCOS</SimpleData>
            <SimpleData name="Vivienda_L">-24.46523330000</SimpleData>
            <SimpleData name="Vivienda_1">-56.42051500000</SimpleData>
            <SimpleData name="Superficie">0.70000000000</SimpleData>
            <SimpleData name="Situaci_1">Par?metro</SimpleData>
            <SimpleData name="Plantado">SI</SimpleData>
            <SimpleData name="Plantado_f">1899/12/30</SimpleData>
            <SimpleData name="Jornales">0.00000000000</SimpleData>
            <SimpleData name="Monto">0.00000000000</SimpleData>
            <SimpleData name="Grupo_de_p">I-GN</SimpleData>
            <SimpleData name="Estado_del">Activo</SimpleData>
            <SimpleData name="Empresa">Emilio Sol?s Grance</SimpleData>
            <SimpleData name="Lote">I</SimpleData>
            <SimpleData name="Parametro">0.70000000000</SimpleData>
            <SimpleData name="Sup_Sig">0.77173466061</SimpleData>
            <SimpleData name="Situacion">Cumple</SimpleData>
            <SimpleData name="X">-56.42264591000</SimpleData>
            <SimpleData name="Y">-24.46565559000</SimpleData>
            <SimpleData name="Shape_Leng">535.06863889400</SimpleData>
            <SimpleData name="Shape_Area">7717.34660613000</SimpleData>
          </SchemaData>
        </ExtendedData>
        <MultiGeometry>
          <Polygon>
            <outerBoundaryIs>
              <LinearRing>
                <coordinates>
                  -56.422779999493,-24.4655612999556,0
                  -56.4222482995767,-24.4655467003284,0
                  -56.4222317003776,-24.4659473010025,0
                  -56.4233823002749,-24.4660369002127,0
                  -56.4233421003025,-24.4655803000224,0
                  -56.4230770993573,-24.4655692006314,0
                  -56.4230422000999,-24.4652586010623,0
                  -56.4228818006388,-24.4652282003227,0
                  -56.4228389003144,-24.4653266001542,0
                  -56.4227600000913,-24.4653574997398,0
                  -56.422779999493,-24.4655612999556,0
                </coordinates>
              </LinearRing>
            </outerBoundaryIs>
          </Polygon>
          <Polygon>
            <outerBoundaryIs>
              <LinearRing>
                <coordinates>
                  -56.4219301995723,-24.4655394004854,0
                  -56.4219800000332,-24.4651766005261,0
                  -56.4216539999702,-24.4651307002697,0
                  -56.4215754996065,-24.465455499812,0
                  -56.4219301995723,-24.4655394004854,0
                </coordinates>
              </LinearRing>
            </outerBoundaryIs>
          </Polygon>
        </MultiGeometry>
      </Placemark>
      <Placemark id="Lote_I.113">
        <ExtendedData>
          <SchemaData schemaUrl="#Lote_I.schema">
            <SimpleData name="Cédula">6664884.00000000000</SimpleData>
            <SimpleData name="Nombres_y_">TERESA FLORENTIN MONGES</SimpleData>
            <SimpleData name="Sexo">Mujer</SimpleData>
            <SimpleData name="Cambio_de_">NO</SimpleData>
            <SimpleData name="Titular_se">NO</SimpleData>
            <SimpleData name="ci_UNIF">6664884.00000000000</SimpleData>
            <SimpleData name="Situación">NO</SimpleData>
            <SimpleData name="Comunidad">Campesina</SimpleData>
            <SimpleData name="Modelo_imp">Modelo 5</SimpleData>
            <SimpleData name="Departamen">SAN PEDRO</SimpleData>
            <SimpleData name="Distrito">GUAYAIBI</SimpleData>
            <SimpleData name="Localidad">SANTO DOMINGO</SimpleData>
            <SimpleData name="Teléfono">0975424780</SimpleData>
            <SimpleData name="Vivienda_L">-24.50576330000</SimpleData>
            <SimpleData name="Vivienda_1">-56.42674220000</SimpleData>
            <SimpleData name="Superficie">0.70000000000</SimpleData>
            <SimpleData name="Situaci_1">Par?metro</SimpleData>
            <SimpleData name="Plantado">SI</SimpleData>
            <SimpleData name="Plantado_f">1899/12/30</SimpleData>
            <SimpleData name="Jornales">0.00000000000</SimpleData>
            <SimpleData name="Monto">0.00000000000</SimpleData>
            <SimpleData name="Grupo_de_p">I-GN</SimpleData>
            <SimpleData name="Estado_del">Activo</SimpleData>
            <SimpleData name="Empresa">Emilio Sol?s Grance</SimpleData>
            <SimpleData name="Lote">I</SimpleData>
            <SimpleData name="Parametro">0.70000000000</SimpleData>
            <SimpleData name="Sup_Sig">0.89777538613</SimpleData>
            <SimpleData name="Situacion">Cumple</SimpleData>
            <SimpleData name="X">-56.43140483000</SimpleData>
            <SimpleData name="Y">-24.50591414000</SimpleData>
            <SimpleData name="Shape_Leng">378.12967686600</SimpleData>
            <SimpleData name="Shape_Area">8977.75386129000</SimpleData>
          </SchemaData>
        </ExtendedData>
        <Polygon>
          <outerBoundaryIs>
            <LinearRing>
              <coordinates>
                -56.43091999985,-24.5063231006709,0
                -56.431810300097,-24.5063740000465,0
                -56.4319221999897,-24.5055055992268,0
                -56.4313916996277,-24.5054852998806,0
                -56.4309512002451,-24.5054880997771,0
                -56.43091999985,-24.5063231006709,0
              </coordinates>
            </LinearRing>
          </outerBoundaryIs>
        </Polygon>
      </Placemark>
      <Placemark id="Lote_I.114">
        <ExtendedData>
          <SchemaData schemaUrl="#Lote_I.schema">
            <SimpleData name="Cédula">6851701.00000000000</SimpleData>
            <SimpleData name="Nombres_y_">CLAUDELINA ARMOA SANCHEZ</SimpleData>
            <SimpleData name="Sexo">Mujer</SimpleData>
            <SimpleData name="Cambio_de_">NO</SimpleData>
            <SimpleData name="Titular_se">NO</SimpleData>
            <SimpleData name="ci_UNIF">6851701.00000000000</SimpleData>
            <SimpleData name="Situación">NO</SimpleData>
            <SimpleData name="Comunidad">Campesina</SimpleData>
            <SimpleData name="Modelo_imp">Modelo 1</SimpleData>
            <SimpleData name="Departamen">SAN PEDRO</SimpleData>
            <SimpleData name="Distrito">GUAYAIBI</SimpleData>
            <SimpleData name="Localidad">SANTO DOMINGO</SimpleData>
            <SimpleData name="Teléfono">0991566470</SimpleData>
            <SimpleData name="Vivienda_L">-24.50315870000</SimpleData>
            <SimpleData name="Vivienda_1">-56.42634510000</SimpleData>
            <SimpleData name="Superficie">0.80000000000</SimpleData>
            <SimpleData name="Situaci_1">Par?metro</SimpleData>
            <SimpleData name="Plantado">SI</SimpleData>
            <SimpleData name="Plantado_f">1899/12/30</SimpleData>
            <SimpleData name="Jornales">0.00000000000</SimpleData>
            <SimpleData name="Monto">0.00000000000</SimpleData>
            <SimpleData name="Grupo_de_p">I-GN</SimpleData>
            <SimpleData name="Estado_del">Activo</SimpleData>
            <SimpleData name="Empresa">Emilio Sol?s Grance</SimpleData>
            <SimpleData name="Lote">I</SimpleData>
            <SimpleData name="Parametro">0.80000000000</SimpleData>
            <SimpleData name="Sup_Sig">0.90088247331</SimpleData>
            <SimpleData name="Situacion">Cumple</SimpleData>
            <SimpleData name="X">-56.42187896000</SimpleData>
            <SimpleData name="Y">-24.50275151000</SimpleData>
            <SimpleData name="Shape_Leng">483.08816926800</SimpleData>
            <SimpleData name="Shape_Area">9008.82473307000</SimpleData>
          </SchemaData>
        </ExtendedData>
        <Polygon>
          <outerBoundaryIs>
            <LinearRing>
              <coordinates>
                -56.4209238995022,-24.5029097999779,0
                -56.4228492993962,-24.5030113999443,0
                -56.4228532000394,-24.5026075997893,0
                -56.420930400156,-24.5024794991962,0
                -56.4209238995022,-24.5029097999779,0
              </coordinates>
            </LinearRing>
          </outerBoundaryIs>
        </Polygon>
      </Placemark>
      <Placemark id="Lote_I.115">
        <ExtendedData>
          <SchemaData schemaUrl="#Lote_I.schema">
            <SimpleData name="Cédula">6989772.00000000000</SimpleData>
            <SimpleData name="Nombres_y_">LEONARDA RODRIGUEZ MEDINA</SimpleData>
            <SimpleData name="Sexo">Mujer</SimpleData>
            <SimpleData name="Cambio_de_">NO</SimpleData>
            <SimpleData name="Titular_se">NO</SimpleData>
            <SimpleData name="ci_UNIF">6989772.00000000000</SimpleData>
            <SimpleData name="Situación">NO</SimpleData>
            <SimpleData name="Comunidad">Campesina</SimpleData>
            <SimpleData name="Modelo_imp">Modelo 1</SimpleData>
            <SimpleData name="Departamen">SAN PEDRO</SimpleData>
            <SimpleData name="Distrito">GUAYAIBI</SimpleData>
            <SimpleData name="Localidad">NI?O JESUS</SimpleData>
            <SimpleData name="Teléfono">0991563417</SimpleData>
            <SimpleData name="Vivienda_L">-24.42365210000</SimpleData>
            <SimpleData name="Vivienda_1">-56.41277960000</SimpleData>
            <SimpleData name="Superficie">0.80000000000</SimpleData>
            <SimpleData name="Situaci_1">Pol?gono</SimpleData>
            <SimpleData name="Plantado">SI</SimpleData>
            <SimpleData name="Plantado_f">2025/11/24</SimpleData>
            <SimpleData name="Jornales">0.00000000000</SimpleData>
            <SimpleData name="Monto">0.00000000000</SimpleData>
            <SimpleData name="Grupo_de_p">I-GN</SimpleData>
            <SimpleData name="Estado_del">Activo</SimpleData>
            <SimpleData name="Empresa">Emilio Sol?s Grance</SimpleData>
            <SimpleData name="Lote">I</SimpleData>
            <SimpleData name="Parametro">0.80000000000</SimpleData>
            <SimpleData name="Sup_Sig">0.79989616977</SimpleData>
            <SimpleData name="Situacion">Cumple</SimpleData>
            <SimpleData name="X">-56.40909759000</SimpleData>
            <SimpleData name="Y">-24.42330093000</SimpleData>
            <SimpleData name="Shape_Leng">358.52520903100</SimpleData>
            <SimpleData name="Shape_Area">7998.96169773000</SimpleData>
          </SchemaData>
        </ExtendedData>
        <Polygon>
          <outerBoundaryIs>
            <LinearRing>
              <coordinates>
                -56.4086170004766,-24.4236582007407,0
                -56.4094817002954,-24.4237300005748,0
                -56.4096349996772,-24.4230050005485,0
                -56.4086835001232,-24.4228421992427,0
                -56.4086170004766,-24.4236582007407,0
              </coordinates>
            </LinearRing>
          </outerBoundaryIs>
        </Polygon>
      </Placemark>
      <Placemark id="Lote_I.116">
        <ExtendedData>
          <SchemaData schemaUrl="#Lote_I.schema">
            <SimpleData name="Cédula">7192019.00000000000</SimpleData>
            <SimpleData name="Nombres_y_">MARTHA BEATRIZ RAMIREZ GIMENEZ</SimpleData>
            <SimpleData name="Sexo">Mujer</SimpleData>
            <SimpleData name="Cambio_de_">NO</SimpleData>
            <SimpleData name="Titular_se">NO</SimpleData>
            <SimpleData name="ci_UNIF">7192019.00000000000</SimpleData>
            <SimpleData name="Situación">NO</SimpleData>
            <SimpleData name="Comunidad">Campesina</SimpleData>
            <SimpleData name="Modelo_imp">Modelo 5</SimpleData>
            <SimpleData name="Departamen">SAN PEDRO</SimpleData>
            <SimpleData name="Distrito">GUAYAIBI</SimpleData>
            <SimpleData name="Localidad">SAN MARCOS</SimpleData>
            <SimpleData name="Teléfono">0994238094</SimpleData>
            <SimpleData name="Vivienda_L">-24.48915030000</SimpleData>
            <SimpleData name="Vivienda_1">-56.42842440000</SimpleData>
            <SimpleData name="Superficie">0.70000000000</SimpleData>
            <SimpleData name="Situaci_1">Par?metro</SimpleData>
            <SimpleData name="Plantado">SI</SimpleData>
            <SimpleData name="Plantado_f">2025/12/16</SimpleData>
            <SimpleData name="Jornales">0.00000000000</SimpleData>
            <SimpleData name="Monto">0.00000000000</SimpleData>
            <SimpleData name="Grupo_de_p">I-GN</SimpleData>
            <SimpleData name="Estado_del">Activo</SimpleData>
            <SimpleData name="Empresa">Emilio Sol?s Grance</SimpleData>
            <SimpleData name="Lote">I</SimpleData>
            <SimpleData name="Parametro">0.70000000000</SimpleData>
            <SimpleData name="Sup_Sig">0.75036839324</SimpleData>
            <SimpleData name="Situacion">Cumple</SimpleData>
            <SimpleData name="X">-56.43077725000</SimpleData>
            <SimpleData name="Y">-24.48931621000</SimpleData>
            <SimpleData name="Shape_Leng">506.67466195300</SimpleData>
            <SimpleData name="Shape_Area">7503.68393240000</SimpleData>
          </SchemaData>
        </ExtendedData>
        <MultiGeometry>
          <Polygon>
            <outerBoundaryIs>
              <LinearRing>
                <coordinates>
                  -56.4317013998071,-24.4895850000143,0
                  -56.4317031995845,-24.4891785001387,0
                  -56.4312029996979,-24.4891331996257,0
                  -56.4311688001569,-24.4893812007851,0
                  -56.4313340998214,-24.4895446000208,0
                  -56.4317013998071,-24.4895850000143,0
                </coordinates>
              </LinearRing>
            </outerBoundaryIs>
          </Polygon>
          <Polygon>
            <outerBoundaryIs>
              <LinearRing>
                <coordinates>
                  -56.4310317998749,-24.4895532000967,0
                  -56.431065099799,-24.4891235007117,0
                  -56.4299502001622,-24.4890620007554,0
                  -56.4298996994438,-24.4894650003813,0
                  -56.4310317998749,-24.4895532000967,0
                </coordinates>
              </LinearRing>
            </outerBoundaryIs>
          </Polygon>
        </MultiGeometry>
      </Placemark>
    </Document>
  </Document>
</kml>
