<?xml version="1.0" encoding="UTF-8"?>
<kml xmlns="http://www.opengis.net/kml/2.2">
  <Document id="root_doc">
    <Schema id="Lote_D.schema">
      <SimpleField name="Cédula" type="double"/>
      <SimpleField name="Nombres_y_" type="string"/>
      <SimpleField name="Sexo" type="string"/>
      <SimpleField name="Cambio_de_" type="string"/>
      <SimpleField name="Titular_se" type="string"/>
      <SimpleField name="Cédula_Ti" type="string"/>
      <SimpleField name="ci_UNIF" type="double"/>
      <SimpleField name="Situación" type="string"/>
      <SimpleField name="Comunidad" type="string"/>
      <SimpleField name="Modelo_imp" type="string"/>
      <SimpleField name="Departamen" type="string"/>
      <SimpleField name="Distrito" type="string"/>
      <SimpleField name="Localidad" type="string"/>
      <SimpleField name="Teléfono" type="string"/>
      <SimpleField name="Vivienda_L" type="double"/>
      <SimpleField name="Vivienda_1" type="double"/>
      <SimpleField name="Superficie" type="double"/>
      <SimpleField name="Situaci_1" type="string"/>
      <SimpleField name="Plantado" type="string"/>
      <SimpleField name="Plantado_f" type="string"/>
      <SimpleField name="Jornales" type="double"/>
      <SimpleField name="Monto" type="double"/>
      <SimpleField name="Grupo_de_p" type="string"/>
      <SimpleField name="Estado_del" type="string"/>
      <SimpleField name="Empresa" type="string"/>
      <SimpleField name="Lote" type="string"/>
      <SimpleField name="Parametro" type="double"/>
      <SimpleField name="Sup_Sig" type="double"/>
      <SimpleField name="Situacion" type="string"/>
      <SimpleField name="X" type="double"/>
      <SimpleField name="Y" type="double"/>
      <SimpleField name="Shape_Leng" type="double"/>
      <SimpleField name="Shape_Area" type="double"/>
    </Schema>
    <Document id="Lote_D">
      <name>Lote_D</name>
      <Placemark id="Lote_D.1">
        <ExtendedData>
          <SchemaData schemaUrl="#Lote_D.schema">
            <SimpleData name="Cédula">5338313.00000000000</SimpleData>
            <SimpleData name="Nombres_y_">MAXIMINA CA?ETE MORAL</SimpleData>
            <SimpleData name="Sexo">Mujer</SimpleData>
            <SimpleData name="Cambio_de_">NO</SimpleData>
            <SimpleData name="Titular_se">NO</SimpleData>
            <SimpleData name="ci_UNIF">5338313.00000000000</SimpleData>
            <SimpleData name="Situación">NO</SimpleData>
            <SimpleData name="Comunidad">Campesina</SimpleData>
            <SimpleData name="Modelo_imp">Modelo 4</SimpleData>
            <SimpleData name="Departamen">CAAGUAZU</SimpleData>
            <SimpleData name="Distrito">SAN JOAQUIN</SimpleData>
            <SimpleData name="Localidad">TARUMA</SimpleData>
            <SimpleData name="Teléfono">0986667082</SimpleData>
            <SimpleData name="Vivienda_L">-25.11762710000</SimpleData>
            <SimpleData name="Vivienda_1">-56.02046080000</SimpleData>
            <SimpleData name="Superficie">0.70000000000</SimpleData>
            <SimpleData name="Situaci_1">Pol?gono</SimpleData>
            <SimpleData name="Plantado">SI</SimpleData>
            <SimpleData name="Plantado_f">2025/11/25</SimpleData>
            <SimpleData name="Jornales">0.00000000000</SimpleData>
            <SimpleData name="Monto">0.00000000000</SimpleData>
            <SimpleData name="Grupo_de_p">D-P1</SimpleData>
            <SimpleData name="Estado_del">Activo</SimpleData>
            <SimpleData name="Empresa">Unique Wood Paraguay SA</SimpleData>
            <SimpleData name="Lote">D</SimpleData>
            <SimpleData name="Parametro">0.70000000000</SimpleData>
            <SimpleData name="Sup_Sig">0.73298024248</SimpleData>
            <SimpleData name="Situacion">Cumple</SimpleData>
            <SimpleData name="X">-56.01846485000</SimpleData>
            <SimpleData name="Y">-25.11555437000</SimpleData>
            <SimpleData name="Shape_Leng">345.53604418900</SimpleData>
            <SimpleData name="Shape_Area">7329.80242482000</SimpleData>
          </SchemaData>
        </ExtendedData>
        <Polygon>
          <outerBoundaryIs>
            <LinearRing>
              <coordinates>
                -56.0178258996439,-25.1154205000157,0
                -56.0182322997667,-25.1160466993395,0
                -56.0191228001705,-25.1156068998468,0
                -56.0188600998637,-25.1152635998163,0
                -56.0186702999447,-25.1151181004052,0
                -56.0178258996439,-25.1154205000157,0
              </coordinates>
            </LinearRing>
          </outerBoundaryIs>
        </Polygon>
      </Placemark>
      <Placemark id="Lote_D.2">
        <ExtendedData>
          <SchemaData schemaUrl="#Lote_D.schema">
            <SimpleData name="Cédula">6808140.00000000000</SimpleData>
            <SimpleData name="Nombres_y_">ADELAIDA  NU?EZ</SimpleData>
            <SimpleData name="Sexo">Mujer</SimpleData>
            <SimpleData name="Cambio_de_">NO</SimpleData>
            <SimpleData name="Titular_se">NO</SimpleData>
            <SimpleData name="ci_UNIF">6808140.00000000000</SimpleData>
            <SimpleData name="Situación">NO</SimpleData>
            <SimpleData name="Comunidad">Campesina</SimpleData>
            <SimpleData name="Modelo_imp">Modelo 1</SimpleData>
            <SimpleData name="Departamen">CAAGUAZU</SimpleData>
            <SimpleData name="Distrito">YH?</SimpleData>
            <SimpleData name="Localidad">GUAHORY-YHU</SimpleData>
            <SimpleData name="Teléfono">0983591632</SimpleData>
            <SimpleData name="Vivienda_L">-25.03556830000</SimpleData>
            <SimpleData name="Vivienda_1">-55.86151940000</SimpleData>
            <SimpleData name="Superficie">0.80000000000</SimpleData>
            <SimpleData name="Situaci_1">Pol?gono</SimpleData>
            <SimpleData name="Plantado">SI</SimpleData>
            <SimpleData name="Plantado_f">2025/10/28</SimpleData>
            <SimpleData name="Jornales">0.00000000000</SimpleData>
            <SimpleData name="Monto">0.00000000000</SimpleData>
            <SimpleData name="Grupo_de_p">D-P1</SimpleData>
            <SimpleData name="Estado_del">Activo</SimpleData>
            <SimpleData name="Empresa">Unique Wood Paraguay SA</SimpleData>
            <SimpleData name="Lote">D</SimpleData>
            <SimpleData name="Parametro">0.80000000000</SimpleData>
            <SimpleData name="Sup_Sig">0.87774209622</SimpleData>
            <SimpleData name="Situacion">Cumple</SimpleData>
            <SimpleData name="X">-55.86202053000</SimpleData>
            <SimpleData name="Y">-25.03239405000</SimpleData>
            <SimpleData name="Shape_Leng">578.47528717500</SimpleData>
            <SimpleData name="Shape_Area">8777.42096223000</SimpleData>
          </SchemaData>
        </ExtendedData>
        <MultiGeometry>
          <Polygon>
            <outerBoundaryIs>
              <LinearRing>
                <coordinates>
                  -55.8618499990018,-25.0352032000547,0
                  -55.8620160003126,-25.0344898001241,0
                  -55.8615913993237,-25.0343639001245,0
                  -55.8614462996869,-25.0350901006368,0
                  -55.8618499990018,-25.0352032000547,0
                </coordinates>
              </LinearRing>
            </outerBoundaryIs>
          </Polygon>
          <Polygon>
            <outerBoundaryIs>
              <LinearRing>
                <coordinates>
                  -55.8620330999618,-25.0329853005118,0
                  -55.8624170990487,-25.0319110003532,0
                  -55.8619977985317,-25.0318380006207,0
                  -55.861628000167,-25.0328256003537,0
                  -55.8620330999618,-25.0329853005118,0
                </coordinates>
              </LinearRing>
            </outerBoundaryIs>
          </Polygon>
        </MultiGeometry>
      </Placemark>
      <Placemark id="Lote_D.3">
        <ExtendedData>
          <SchemaData schemaUrl="#Lote_D.schema">
            <SimpleData name="Cédula">6018912.00000000000</SimpleData>
            <SimpleData name="Nombres_y_">ESTELVINA BARRIOS GARAY</SimpleData>
            <SimpleData name="Sexo">Mujer</SimpleData>
            <SimpleData name="Cambio_de_">NO</SimpleData>
            <SimpleData name="Titular_se">NO</SimpleData>
            <SimpleData name="ci_UNIF">6018912.00000000000</SimpleData>
            <SimpleData name="Situación">NO</SimpleData>
            <SimpleData name="Comunidad">Campesina</SimpleData>
            <SimpleData name="Modelo_imp">Modelo 2</SimpleData>
            <SimpleData name="Departamen">CAAGUAZU</SimpleData>
            <SimpleData name="Distrito">SAN JOAQUIN</SimpleData>
            <SimpleData name="Localidad">CARPA CUE</SimpleData>
            <SimpleData name="Teléfono">0982431574</SimpleData>
            <SimpleData name="Vivienda_L">-25.14266630000</SimpleData>
            <SimpleData name="Vivienda_1">-56.08122480000</SimpleData>
            <SimpleData name="Superficie">0.80000000000</SimpleData>
            <SimpleData name="Situaci_1">Pol?gono</SimpleData>
            <SimpleData name="Plantado">SI</SimpleData>
            <SimpleData name="Plantado_f">2025/10/02</SimpleData>
            <SimpleData name="Jornales">0.00000000000</SimpleData>
            <SimpleData name="Monto">0.00000000000</SimpleData>
            <SimpleData name="Grupo_de_p">D-P1</SimpleData>
            <SimpleData name="Estado_del">Activo</SimpleData>
            <SimpleData name="Empresa">Unique Wood Paraguay SA</SimpleData>
            <SimpleData name="Lote">D</SimpleData>
            <SimpleData name="Parametro">0.80000000000</SimpleData>
            <SimpleData name="Sup_Sig">0.88769746006</SimpleData>
            <SimpleData name="Situacion">Cumple</SimpleData>
            <SimpleData name="X">-56.07870084000</SimpleData>
            <SimpleData name="Y">-25.13927858000</SimpleData>
            <SimpleData name="Shape_Leng">400.17652704800</SimpleData>
            <SimpleData name="Shape_Area">8876.97460062000</SimpleData>
          </SchemaData>
        </ExtendedData>
        <Polygon>
          <outerBoundaryIs>
            <LinearRing>
              <coordinates>
                -56.0779483997645,-25.1393743999538,0
                -56.0783885993762,-25.1398607001066,0
                -56.0794672996867,-25.1391394004204,0
                -56.079022399356,-25.1387155999884,0
                -56.0779483997645,-25.1393743999538,0
              </coordinates>
            </LinearRing>
          </outerBoundaryIs>
        </Polygon>
      </Placemark>
      <Placemark id="Lote_D.4">
        <ExtendedData>
          <SchemaData schemaUrl="#Lote_D.schema">
            <SimpleData name="Cédula">1175333.00000000000</SimpleData>
            <SimpleData name="Nombres_y_">AURELIO GENES MARECO</SimpleData>
            <SimpleData name="Sexo">Hombre</SimpleData>
            <SimpleData name="Cambio_de_">NO</SimpleData>
            <SimpleData name="Titular_se">NO</SimpleData>
            <SimpleData name="ci_UNIF">1175333.00000000000</SimpleData>
            <SimpleData name="Situación">NO</SimpleData>
            <SimpleData name="Comunidad">Campesina</SimpleData>
            <SimpleData name="Modelo_imp">Modelo 2</SimpleData>
            <SimpleData name="Departamen">CAAGUAZU</SimpleData>
            <SimpleData name="Distrito">SAN JOAQUIN</SimpleData>
            <SimpleData name="Localidad">VIRGEN DEL CARMEN</SimpleData>
            <SimpleData name="Teléfono">0971563549</SimpleData>
            <SimpleData name="Vivienda_L">-25.05437040000</SimpleData>
            <SimpleData name="Vivienda_1">-56.12132940000</SimpleData>
            <SimpleData name="Superficie">0.80000000000</SimpleData>
            <SimpleData name="Situaci_1">Pol?gono</SimpleData>
            <SimpleData name="Plantado">SI</SimpleData>
            <SimpleData name="Plantado_f">2025/10/11</SimpleData>
            <SimpleData name="Jornales">0.00000000000</SimpleData>
            <SimpleData name="Monto">0.00000000000</SimpleData>
            <SimpleData name="Grupo_de_p">D-P1</SimpleData>
            <SimpleData name="Estado_del">Activo</SimpleData>
            <SimpleData name="Empresa">Unique Wood Paraguay SA</SimpleData>
            <SimpleData name="Lote">D</SimpleData>
            <SimpleData name="Parametro">0.80000000000</SimpleData>
            <SimpleData name="Sup_Sig">0.89757271136</SimpleData>
            <SimpleData name="Situacion">Cumple</SimpleData>
            <SimpleData name="X">-56.12158961000</SimpleData>
            <SimpleData name="Y">-25.05163530000</SimpleData>
            <SimpleData name="Shape_Leng">379.82189129000</SimpleData>
            <SimpleData name="Shape_Area">8975.72711355000</SimpleData>
          </SchemaData>
        </ExtendedData>
        <Polygon>
          <outerBoundaryIs>
            <LinearRing>
              <coordinates>
                -56.1210342000314,-25.0519593996094,0
                -56.1219683001014,-25.05214330001,0
                -56.1221442999842,-25.051368699649,0
                -56.1212545998459,-25.0510755006866,0
                -56.1210342000314,-25.0519593996094,0
              </coordinates>
            </LinearRing>
          </outerBoundaryIs>
        </Polygon>
      </Placemark>
      <Placemark id="Lote_D.5">
        <ExtendedData>
          <SchemaData schemaUrl="#Lote_D.schema">
            <SimpleData name="Cédula">5682344.00000000000</SimpleData>
            <SimpleData name="Nombres_y_">LUZ NELIDA PORTILLO BARRETO</SimpleData>
            <SimpleData name="Sexo">Mujer</SimpleData>
            <SimpleData name="Cambio_de_">NO</SimpleData>
            <SimpleData name="Titular_se">NO</SimpleData>
            <SimpleData name="ci_UNIF">5682344.00000000000</SimpleData>
            <SimpleData name="Situación">NO</SimpleData>
            <SimpleData name="Comunidad">Campesina</SimpleData>
            <SimpleData name="Modelo_imp">Modelo 1</SimpleData>
            <SimpleData name="Departamen">CAAGUAZU</SimpleData>
            <SimpleData name="Distrito">YH?</SimpleData>
            <SimpleData name="Localidad">YATAITY</SimpleData>
            <SimpleData name="Teléfono">0975348371</SimpleData>
            <SimpleData name="Vivienda_L">-25.06727650000</SimpleData>
            <SimpleData name="Vivienda_1">-55.97186070000</SimpleData>
            <SimpleData name="Superficie">0.80000000000</SimpleData>
            <SimpleData name="Situaci_1">Pol?gono</SimpleData>
            <SimpleData name="Plantado">SI</SimpleData>
            <SimpleData name="Plantado_f">2025/10/19</SimpleData>
            <SimpleData name="Jornales">0.00000000000</SimpleData>
            <SimpleData name="Monto">0.00000000000</SimpleData>
            <SimpleData name="Grupo_de_p">D-P1</SimpleData>
            <SimpleData name="Estado_del">Activo</SimpleData>
            <SimpleData name="Empresa">Unique Wood Paraguay SA</SimpleData>
            <SimpleData name="Lote">D</SimpleData>
            <SimpleData name="Parametro">0.80000000000</SimpleData>
            <SimpleData name="Sup_Sig">0.93636537316</SimpleData>
            <SimpleData name="Situacion">Cumple</SimpleData>
            <SimpleData name="X">-55.97331216000</SimpleData>
            <SimpleData name="Y">-25.06849129000</SimpleData>
            <SimpleData name="Shape_Leng">384.62000358500</SimpleData>
            <SimpleData name="Shape_Area">9363.65373158000</SimpleData>
          </SchemaData>
        </ExtendedData>
        <Polygon>
          <outerBoundaryIs>
            <LinearRing>
              <coordinates>
                -55.9726145999678,-25.0682792997008,0
                -55.9731232997033,-25.0690332996456,0
                -55.9738775001729,-25.0688073999674,0
                -55.973732199934,-25.068156199521,0
                -55.9736092992704,-25.067948499747,0
                -55.9726145999678,-25.0682792997008,0
              </coordinates>
            </LinearRing>
          </outerBoundaryIs>
        </Polygon>
      </Placemark>
      <Placemark id="Lote_D.6">
        <ExtendedData>
          <SchemaData schemaUrl="#Lote_D.schema">
            <SimpleData name="Cédula">6072714.00000000000</SimpleData>
            <SimpleData name="Nombres_y_">MARIA MARTA PENAYO FERREIRA</SimpleData>
            <SimpleData name="Sexo">Mujer</SimpleData>
            <SimpleData name="Cambio_de_">NO</SimpleData>
            <SimpleData name="Titular_se">NO</SimpleData>
            <SimpleData name="ci_UNIF">6072714.00000000000</SimpleData>
            <SimpleData name="Situación">NO</SimpleData>
            <SimpleData name="Comunidad">Campesina</SimpleData>
            <SimpleData name="Modelo_imp">Modelo 2</SimpleData>
            <SimpleData name="Departamen">CAAGUAZU</SimpleData>
            <SimpleData name="Distrito">YH?</SimpleData>
            <SimpleData name="Localidad">JUKERI</SimpleData>
            <SimpleData name="Teléfono">982765368</SimpleData>
            <SimpleData name="Vivienda_L">-25.15673170000</SimpleData>
            <SimpleData name="Vivienda_1">-55.90581000000</SimpleData>
            <SimpleData name="Superficie">0.80000000000</SimpleData>
            <SimpleData name="Situaci_1">Pol?gono</SimpleData>
            <SimpleData name="Plantado">SI</SimpleData>
            <SimpleData name="Plantado_f">2025/10/24</SimpleData>
            <SimpleData name="Jornales">0.00000000000</SimpleData>
            <SimpleData name="Monto">0.00000000000</SimpleData>
            <SimpleData name="Grupo_de_p">D-P1</SimpleData>
            <SimpleData name="Estado_del">Activo</SimpleData>
            <SimpleData name="Empresa">Unique Wood Paraguay SA</SimpleData>
            <SimpleData name="Lote">D</SimpleData>
            <SimpleData name="Parametro">0.80000000000</SimpleData>
            <SimpleData name="Sup_Sig">0.90477110098</SimpleData>
            <SimpleData name="Situacion">Cumple</SimpleData>
            <SimpleData name="X">-55.89947359000</SimpleData>
            <SimpleData name="Y">-25.15641895000</SimpleData>
            <SimpleData name="Shape_Leng">380.67110191600</SimpleData>
            <SimpleData name="Shape_Area">9047.71100980000</SimpleData>
          </SchemaData>
        </ExtendedData>
        <Polygon>
          <outerBoundaryIs>
            <LinearRing>
              <coordinates>
                -55.8989947003147,-25.1568285997233,0
                -55.8999261002764,-25.1568752996875,0
                -55.8999623005061,-25.1560271996954,0
                -55.8990225001039,-25.1559483998262,0
                -55.8989947003147,-25.1568285997233,0
              </coordinates>
            </LinearRing>
          </outerBoundaryIs>
        </Polygon>
      </Placemark>
      <Placemark id="Lote_D.7">
        <ExtendedData>
          <SchemaData schemaUrl="#Lote_D.schema">
            <SimpleData name="Cédula">6084730.00000000000</SimpleData>
            <SimpleData name="Nombres_y_">JUANA MAIDANA ARAUJO</SimpleData>
            <SimpleData name="Sexo">Mujer</SimpleData>
            <SimpleData name="Cambio_de_">NO</SimpleData>
            <SimpleData name="Titular_se">NO</SimpleData>
            <SimpleData name="ci_UNIF">6084730.00000000000</SimpleData>
            <SimpleData name="Situación">NO</SimpleData>
            <SimpleData name="Comunidad">Campesina</SimpleData>
            <SimpleData name="Modelo_imp">Modelo 2</SimpleData>
            <SimpleData name="Departamen">CAAGUAZU</SimpleData>
            <SimpleData name="Distrito">SAN JOAQUIN</SimpleData>
            <SimpleData name="Localidad">CELANO</SimpleData>
            <SimpleData name="Teléfono">0982171310</SimpleData>
            <SimpleData name="Vivienda_L">-25.14233380000</SimpleData>
            <SimpleData name="Vivienda_1">-56.04834090000</SimpleData>
            <SimpleData name="Superficie">0.80000000000</SimpleData>
            <SimpleData name="Situaci_1">Pol?gono</SimpleData>
            <SimpleData name="Plantado">SI</SimpleData>
            <SimpleData name="Plantado_f">2025/10/02</SimpleData>
            <SimpleData name="Jornales">0.00000000000</SimpleData>
            <SimpleData name="Monto">0.00000000000</SimpleData>
            <SimpleData name="Grupo_de_p">D-P1</SimpleData>
            <SimpleData name="Estado_del">Activo</SimpleData>
            <SimpleData name="Empresa">Unique Wood Paraguay SA</SimpleData>
            <SimpleData name="Lote">D</SimpleData>
            <SimpleData name="Parametro">0.80000000000</SimpleData>
            <SimpleData name="Sup_Sig">0.80678585323</SimpleData>
            <SimpleData name="Situacion">Cumple</SimpleData>
            <SimpleData name="X">-56.04867212000</SimpleData>
            <SimpleData name="Y">-25.14310954000</SimpleData>
            <SimpleData name="Shape_Leng">382.43662264000</SimpleData>
            <SimpleData name="Shape_Area">8067.85853232000</SimpleData>
          </SchemaData>
        </ExtendedData>
        <Polygon>
          <outerBoundaryIs>
            <LinearRing>
              <coordinates>
                -56.0479194000018,-25.1428883993245,0
                -56.048893100556,-25.1436733997941,0
                -56.04938620055,-25.1432605005194,0
                -56.0484915001034,-25.1425860995779,0
                -56.0479194000018,-25.1428883993245,0
              </coordinates>
            </LinearRing>
          </outerBoundaryIs>
        </Polygon>
      </Placemark>
      <Placemark id="Lote_D.8">
        <ExtendedData>
          <SchemaData schemaUrl="#Lote_D.schema">
            <SimpleData name="Cédula">3208440.00000000000</SimpleData>
            <SimpleData name="Nombres_y_">MARIANA ESTER GIMENEZ DE PANIAGUA</SimpleData>
            <SimpleData name="Sexo">Mujer</SimpleData>
            <SimpleData name="Cambio_de_">NO</SimpleData>
            <SimpleData name="Titular_se">NO</SimpleData>
            <SimpleData name="ci_UNIF">3208440.00000000000</SimpleData>
            <SimpleData name="Situación">NO</SimpleData>
            <SimpleData name="Comunidad">Campesina</SimpleData>
            <SimpleData name="Modelo_imp">Modelo 2</SimpleData>
            <SimpleData name="Departamen">CAAGUAZU</SimpleData>
            <SimpleData name="Distrito">SAN JOAQUIN</SimpleData>
            <SimpleData name="Localidad">JAHAPE</SimpleData>
            <SimpleData name="Teléfono">0982574802</SimpleData>
            <SimpleData name="Vivienda_L">-25.00072130000</SimpleData>
            <SimpleData name="Vivienda_1">-55.99588950000</SimpleData>
            <SimpleData name="Superficie">0.80000000000</SimpleData>
            <SimpleData name="Situaci_1">Pol?gono</SimpleData>
            <SimpleData name="Plantado">SI</SimpleData>
            <SimpleData name="Plantado_f">2025/10/01</SimpleData>
            <SimpleData name="Jornales">0.00000000000</SimpleData>
            <SimpleData name="Monto">0.00000000000</SimpleData>
            <SimpleData name="Grupo_de_p">D-P1</SimpleData>
            <SimpleData name="Estado_del">Activo</SimpleData>
            <SimpleData name="Empresa">Unique Wood Paraguay SA</SimpleData>
            <SimpleData name="Lote">D</SimpleData>
            <SimpleData name="Parametro">0.80000000000</SimpleData>
            <SimpleData name="Sup_Sig">0.80538026307</SimpleData>
            <SimpleData name="Situacion">Cumple</SimpleData>
            <SimpleData name="X">-55.99259346000</SimpleData>
            <SimpleData name="Y">-25.00180702000</SimpleData>
            <SimpleData name="Shape_Leng">712.35279763000</SimpleData>
            <SimpleData name="Shape_Area">8053.80263069000</SimpleData>
          </SchemaData>
        </ExtendedData>
        <MultiGeometry>
          <Polygon>
            <outerBoundaryIs>
              <LinearRing>
                <coordinates>
                  -55.9925223004654,-25.0022376996632,0
                  -55.9929387001752,-25.0021086002413,0
                  -55.9926476003882,-25.0013786000293,0
                  -55.9922602004471,-25.0014805003022,0
                  -55.9925223004654,-25.0022376996632,0
                </coordinates>
              </LinearRing>
            </outerBoundaryIs>
          </Polygon>
          <Polygon>
            <outerBoundaryIs>
              <LinearRing>
                <coordinates>
                  -55.9937269998647,-25.0019039004527,0
                  -55.993463000322,-25.0011381999812,0
                  -55.9933160997834,-25.0011852997324,0
                  -55.9935476998521,-25.0019273000154,0
                  -55.9937269998647,-25.0019039004527,0
                </coordinates>
              </LinearRing>
            </outerBoundaryIs>
          </Polygon>
          <Polygon>
            <outerBoundaryIs>
              <LinearRing>
                <coordinates>
                  -55.9970245003738,-25.0010102992572,0
                  -55.996889099959,-25.0007124995666,0
                  -55.9962900000688,-25.0009233000462,0
                  -55.9962116997307,-25.0009917000429,0
                  -55.9960718007506,-25.0010658997418,0
                  -55.9961255001848,-25.0012615003722,0
                  -55.9970245003738,-25.0010102992572,0
                </coordinates>
              </LinearRing>
            </outerBoundaryIs>
          </Polygon>
        </MultiGeometry>
      </Placemark>
      <Placemark id="Lote_D.9">
        <ExtendedData>
          <SchemaData schemaUrl="#Lote_D.schema">
            <SimpleData name="Cédula">6931207.00000000000</SimpleData>
            <SimpleData name="Nombres_y_">RAMONA  MENDOZA BOGADO</SimpleData>
            <SimpleData name="Sexo">Mujer</SimpleData>
            <SimpleData name="Cambio_de_">NO</SimpleData>
            <SimpleData name="Titular_se">NO</SimpleData>
            <SimpleData name="ci_UNIF">6931207.00000000000</SimpleData>
            <SimpleData name="Situación">NO</SimpleData>
            <SimpleData name="Comunidad">Campesina</SimpleData>
            <SimpleData name="Modelo_imp">Modelo 5</SimpleData>
            <SimpleData name="Departamen">CAAGUAZU</SimpleData>
            <SimpleData name="Distrito">CARAYAO</SimpleData>
            <SimpleData name="Localidad">CALLE 14 MIL</SimpleData>
            <SimpleData name="Teléfono">0982061995</SimpleData>
            <SimpleData name="Vivienda_L">-25.19046100000</SimpleData>
            <SimpleData name="Vivienda_1">-56.23142790000</SimpleData>
            <SimpleData name="Superficie">0.70000000000</SimpleData>
            <SimpleData name="Situaci_1">Pol?gono</SimpleData>
            <SimpleData name="Plantado">SI</SimpleData>
            <SimpleData name="Plantado_f">2025/11/22</SimpleData>
            <SimpleData name="Jornales">0.00000000000</SimpleData>
            <SimpleData name="Monto">0.00000000000</SimpleData>
            <SimpleData name="Grupo_de_p">D-P1</SimpleData>
            <SimpleData name="Estado_del">Activo</SimpleData>
            <SimpleData name="Empresa">Unique Wood Paraguay SA</SimpleData>
            <SimpleData name="Lote">D</SimpleData>
            <SimpleData name="Parametro">0.70000000000</SimpleData>
            <SimpleData name="Sup_Sig">0.77174595355</SimpleData>
            <SimpleData name="Situacion">Cumple</SimpleData>
            <SimpleData name="X">-56.23143907000</SimpleData>
            <SimpleData name="Y">-25.19146661000</SimpleData>
            <SimpleData name="Shape_Leng">445.85919528100</SimpleData>
            <SimpleData name="Shape_Area">7717.45953552000</SimpleData>
          </SchemaData>
        </ExtendedData>
        <Polygon>
          <outerBoundaryIs>
            <LinearRing>
              <coordinates>
                -56.2310377997085,-25.1919354000491,0
                -56.2311147000415,-25.1920059997972,0
                -56.2318066994047,-25.1919100002458,0
                -56.2317691001719,-25.1908707002461,0
                -56.2310197002728,-25.190968300459,0
                -56.2311304998847,-25.1911742000548,0
                -56.2313908002307,-25.1912002001139,0
                -56.2314315001175,-25.1914127996946,0
                -56.2310007997695,-25.1914526003356,0
                -56.2310377997085,-25.1919354000491,0
              </coordinates>
            </LinearRing>
          </outerBoundaryIs>
        </Polygon>
      </Placemark>
      <Placemark id="Lote_D.10">
        <ExtendedData>
          <SchemaData schemaUrl="#Lote_D.schema">
            <SimpleData name="Cédula">5180042.00000000000</SimpleData>
            <SimpleData name="Nombres_y_">HERNAN MEDINA GALEANO</SimpleData>
            <SimpleData name="Sexo">Hombre</SimpleData>
            <SimpleData name="Cambio_de_">NO</SimpleData>
            <SimpleData name="Titular_se">NO</SimpleData>
            <SimpleData name="ci_UNIF">5180042.00000000000</SimpleData>
            <SimpleData name="Situación">NO</SimpleData>
            <SimpleData name="Comunidad">Campesina</SimpleData>
            <SimpleData name="Modelo_imp">Modelo 1</SimpleData>
            <SimpleData name="Departamen">CAAGUAZU</SimpleData>
            <SimpleData name="Distrito">SAN JOAQUIN</SimpleData>
            <SimpleData name="Localidad">JAHAPE</SimpleData>
            <SimpleData name="Teléfono">0983127960</SimpleData>
            <SimpleData name="Vivienda_L">-25.00045870000</SimpleData>
            <SimpleData name="Vivienda_1">-55.99858360000</SimpleData>
            <SimpleData name="Superficie">0.80000000000</SimpleData>
            <SimpleData name="Situaci_1">Par?metro</SimpleData>
            <SimpleData name="Plantado">SI</SimpleData>
            <SimpleData name="Plantado_f">2026/01/30</SimpleData>
            <SimpleData name="Jornales">0.00000000000</SimpleData>
            <SimpleData name="Monto">0.00000000000</SimpleData>
            <SimpleData name="Grupo_de_p">D-P2</SimpleData>
            <SimpleData name="Estado_del">Activo</SimpleData>
            <SimpleData name="Empresa">Unique Wood Paraguay SA</SimpleData>
            <SimpleData name="Lote">D</SimpleData>
            <SimpleData name="Parametro">0.80000000000</SimpleData>
            <SimpleData name="Sup_Sig">0.80161766378</SimpleData>
            <SimpleData name="Situacion">Cumple</SimpleData>
            <SimpleData name="X">-55.99710146000</SimpleData>
            <SimpleData name="Y">-25.00224492000</SimpleData>
            <SimpleData name="Shape_Leng">381.25654481000</SimpleData>
            <SimpleData name="Shape_Area">8016.17663777000</SimpleData>
          </SchemaData>
        </ExtendedData>
        <Polygon>
          <outerBoundaryIs>
            <LinearRing>
              <coordinates>
                -55.9964636001147,-25.0024749998648,0
                -55.99688159985,-25.0028766000645,0
                -55.9977651998812,-25.0020023004499,0
                -55.9972712004424,-25.0016329997769,0
                -55.9964636001147,-25.0024749998648,0
              </coordinates>
            </LinearRing>
          </outerBoundaryIs>
        </Polygon>
      </Placemark>
      <Placemark id="Lote_D.11">
        <ExtendedData>
          <SchemaData schemaUrl="#Lote_D.schema">
            <SimpleData name="Cédula">5302828.00000000000</SimpleData>
            <SimpleData name="Nombres_y_">RUMILDA GAMARRA ROLON</SimpleData>
            <SimpleData name="Sexo">Mujer</SimpleData>
            <SimpleData name="Cambio_de_">NO</SimpleData>
            <SimpleData name="Titular_se">NO</SimpleData>
            <SimpleData name="ci_UNIF">5302828.00000000000</SimpleData>
            <SimpleData name="Situación">NO</SimpleData>
            <SimpleData name="Comunidad">Campesina</SimpleData>
            <SimpleData name="Modelo_imp">Modelo 5</SimpleData>
            <SimpleData name="Departamen">CAAGUAZU</SimpleData>
            <SimpleData name="Distrito">YH?</SimpleData>
            <SimpleData name="Localidad">ASENT. TEKO PYAHU</SimpleData>
            <SimpleData name="Teléfono">0991749157</SimpleData>
            <SimpleData name="Vivienda_L">-25.04633790000</SimpleData>
            <SimpleData name="Vivienda_1">-55.88438620000</SimpleData>
            <SimpleData name="Superficie">0.70000000000</SimpleData>
            <SimpleData name="Situaci_1">Pol?gono</SimpleData>
            <SimpleData name="Plantado">SI</SimpleData>
            <SimpleData name="Plantado_f">2025/10/28</SimpleData>
            <SimpleData name="Jornales">0.00000000000</SimpleData>
            <SimpleData name="Monto">0.00000000000</SimpleData>
            <SimpleData name="Grupo_de_p">D-P1</SimpleData>
            <SimpleData name="Estado_del">Activo</SimpleData>
            <SimpleData name="Empresa">Unique Wood Paraguay SA</SimpleData>
            <SimpleData name="Lote">D</SimpleData>
            <SimpleData name="Parametro">0.70000000000</SimpleData>
            <SimpleData name="Sup_Sig">0.76981535133</SimpleData>
            <SimpleData name="Situacion">Cumple</SimpleData>
            <SimpleData name="X">-55.88481084000</SimpleData>
            <SimpleData name="Y">-25.04578434000</SimpleData>
            <SimpleData name="Shape_Leng">427.49008925300</SimpleData>
            <SimpleData name="Shape_Area">7698.15351333000</SimpleData>
          </SchemaData>
        </ExtendedData>
        <Polygon>
          <outerBoundaryIs>
            <LinearRing>
              <coordinates>
                -55.8844354993836,-25.0465100005011,0
                -55.8846867002323,-25.0465816998997,0
                -55.8853574001096,-25.0453277006513,0
                -55.8847851005782,-25.0451555993611,0
                -55.8843266998573,-25.0460047994819,0
                -55.8846440001775,-25.0461512006227,0
                -55.8844354993836,-25.0465100005011,0
              </coordinates>
            </LinearRing>
          </outerBoundaryIs>
        </Polygon>
      </Placemark>
      <Placemark id="Lote_D.12">
        <ExtendedData>
          <SchemaData schemaUrl="#Lote_D.schema">
            <SimpleData name="Cédula">6309905.00000000000</SimpleData>
            <SimpleData name="Nombres_y_">MIRNA EVANNY BENITEZ ORTIZ</SimpleData>
            <SimpleData name="Sexo">Mujer</SimpleData>
            <SimpleData name="Cambio_de_">NO</SimpleData>
            <SimpleData name="Titular_se">NO</SimpleData>
            <SimpleData name="ci_UNIF">6309905.00000000000</SimpleData>
            <SimpleData name="Situación">NO</SimpleData>
            <SimpleData name="Comunidad">Campesina</SimpleData>
            <SimpleData name="Modelo_imp">Modelo 6</SimpleData>
            <SimpleData name="Departamen">CAAGUAZU</SimpleData>
            <SimpleData name="Distrito">SAN JOAQUIN</SimpleData>
            <SimpleData name="Localidad">TACUAPI I</SimpleData>
            <SimpleData name="Teléfono">0984245417</SimpleData>
            <SimpleData name="Vivienda_L">-25.00699630000</SimpleData>
            <SimpleData name="Vivienda_1">-56.04941190000</SimpleData>
            <SimpleData name="Superficie">0.90000000000</SimpleData>
            <SimpleData name="Situaci_1">Pol?gono</SimpleData>
            <SimpleData name="Plantado">SI</SimpleData>
            <SimpleData name="Plantado_f">2025/09/19</SimpleData>
            <SimpleData name="Jornales">0.00000000000</SimpleData>
            <SimpleData name="Monto">0.00000000000</SimpleData>
            <SimpleData name="Grupo_de_p">D-P1</SimpleData>
            <SimpleData name="Estado_del">Activo</SimpleData>
            <SimpleData name="Empresa">Unique Wood Paraguay SA</SimpleData>
            <SimpleData name="Lote">D</SimpleData>
            <SimpleData name="Parametro">0.90000000000</SimpleData>
            <SimpleData name="Sup_Sig">0.92168037102</SimpleData>
            <SimpleData name="Situacion">Cumple</SimpleData>
            <SimpleData name="X">-56.05167132000</SimpleData>
            <SimpleData name="Y">-25.00739667000</SimpleData>
            <SimpleData name="Shape_Leng">386.60203086700</SimpleData>
            <SimpleData name="Shape_Area">9216.80371019000</SimpleData>
          </SchemaData>
        </ExtendedData>
        <Polygon>
          <outerBoundaryIs>
            <LinearRing>
              <coordinates>
                -56.0512043006795,-25.0077569996671,0
                -56.0521117999226,-25.0079177995394,0
                -56.0521703997155,-25.007045700441,0
                -56.0511933003388,-25.0068867001608,0
                -56.0512043006795,-25.0077569996671,0
              </coordinates>
            </LinearRing>
          </outerBoundaryIs>
        </Polygon>
      </Placemark>
      <Placemark id="Lote_D.13">
        <ExtendedData>
          <SchemaData schemaUrl="#Lote_D.schema">
            <SimpleData name="Cédula">7164967.00000000000</SimpleData>
            <SimpleData name="Nombres_y_">SEBASTIANA GAUTO ESQUIVEL</SimpleData>
            <SimpleData name="Sexo">Mujer</SimpleData>
            <SimpleData name="Cambio_de_">NO</SimpleData>
            <SimpleData name="Titular_se">NO</SimpleData>
            <SimpleData name="ci_UNIF">7164967.00000000000</SimpleData>
            <SimpleData name="Situación">NO</SimpleData>
            <SimpleData name="Comunidad">Ind?gena</SimpleData>
            <SimpleData name="Modelo_imp">Modelo 1</SimpleData>
            <SimpleData name="Departamen">CAAGUAZU</SimpleData>
            <SimpleData name="Distrito">SAN JOAQUIN</SimpleData>
            <SimpleData name="Localidad">COM INDIG SAN JORGE</SimpleData>
            <SimpleData name="Teléfono">ND</SimpleData>
            <SimpleData name="Vivienda_L">-25.06921760000</SimpleData>
            <SimpleData name="Vivienda_1">-56.08146780000</SimpleData>
            <SimpleData name="Superficie">0.80000000000</SimpleData>
            <SimpleData name="Situaci_1">Pol?gono</SimpleData>
            <SimpleData name="Plantado">SI</SimpleData>
            <SimpleData name="Plantado_f">2025/10/24</SimpleData>
            <SimpleData name="Jornales">0.00000000000</SimpleData>
            <SimpleData name="Monto">0.00000000000</SimpleData>
            <SimpleData name="Grupo_de_p">D-P1</SimpleData>
            <SimpleData name="Estado_del">Activo</SimpleData>
            <SimpleData name="Empresa">Unique Wood Paraguay SA</SimpleData>
            <SimpleData name="Lote">D</SimpleData>
            <SimpleData name="Parametro">0.80000000000</SimpleData>
            <SimpleData name="Sup_Sig">0.79744887823</SimpleData>
            <SimpleData name="Situacion">Cumple</SimpleData>
            <SimpleData name="X">-56.08220841000</SimpleData>
            <SimpleData name="Y">-25.06757235000</SimpleData>
            <SimpleData name="Shape_Leng">505.30977683200</SimpleData>
            <SimpleData name="Shape_Area">7974.48878226000</SimpleData>
          </SchemaData>
        </ExtendedData>
        <MultiGeometry>
          <Polygon>
            <outerBoundaryIs>
              <LinearRing>
                <coordinates>
                  -56.0812537005404,-25.0700494999929,0
                  -56.0815467999248,-25.0700226001742,0
                  -56.0817279002117,-25.069940800179,0
                  -56.0815495002051,-25.0693597001686,0
                  -56.080998199842,-25.0695008004552,0
                  -56.0811450811604,-25.0699788576624,0
                  -56.0811623001782,-25.0700349003672,0
                  -56.0811645095088,-25.0700352526767,0
                  -56.0812537005404,-25.0700494999929,0
                </coordinates>
              </LinearRing>
            </outerBoundaryIs>
          </Polygon>
          <Polygon>
            <outerBoundaryIs>
              <LinearRing>
                <coordinates>
                  -56.081963300435,-25.0679087001929,0
                  -56.0826385997848,-25.0676956001327,0
                  -56.0826340822982,-25.0676811526944,0
                  -56.0824912004683,-25.0672241999069,0
                  -56.0817437879641,-25.0674796974214,0
                  -56.0817391003598,-25.0674813001958,0
                  -56.0817667152057,-25.0675339431392,0
                  -56.0819628908393,-25.0679079192515,0
                  -56.081963300435,-25.0679087001929,0
                </coordinates>
              </LinearRing>
            </outerBoundaryIs>
          </Polygon>
        </MultiGeometry>
      </Placemark>
      <Placemark id="Lote_D.14">
        <ExtendedData>
          <SchemaData schemaUrl="#Lote_D.schema">
            <SimpleData name="Cédula">2586295.00000000000</SimpleData>
            <SimpleData name="Nombres_y_">MARGARITA  CABRAL DE OLIVA</SimpleData>
            <SimpleData name="Sexo">Mujer</SimpleData>
            <SimpleData name="Cambio_de_">NO</SimpleData>
            <SimpleData name="Titular_se">NO</SimpleData>
            <SimpleData name="ci_UNIF">2586295.00000000000</SimpleData>
            <SimpleData name="Situación">NO</SimpleData>
            <SimpleData name="Comunidad">Campesina</SimpleData>
            <SimpleData name="Modelo_imp">Modelo 5</SimpleData>
            <SimpleData name="Departamen">CAAGUAZU</SimpleData>
            <SimpleData name="Distrito">YH?</SimpleData>
            <SimpleData name="Localidad">SAN MIGUEL I</SimpleData>
            <SimpleData name="Teléfono">981911518</SimpleData>
            <SimpleData name="Vivienda_L">-25.10061170000</SimpleData>
            <SimpleData name="Vivienda_1">-55.96461500000</SimpleData>
            <SimpleData name="Superficie">0.70000000000</SimpleData>
            <SimpleData name="Situaci_1">Pol?gono</SimpleData>
            <SimpleData name="Plantado">SI</SimpleData>
            <SimpleData name="Plantado_f">2025/10/10</SimpleData>
            <SimpleData name="Jornales">0.00000000000</SimpleData>
            <SimpleData name="Monto">0.00000000000</SimpleData>
            <SimpleData name="Grupo_de_p">D-P1</SimpleData>
            <SimpleData name="Estado_del">Activo</SimpleData>
            <SimpleData name="Empresa">Unique Wood Paraguay SA</SimpleData>
            <SimpleData name="Lote">D</SimpleData>
            <SimpleData name="Parametro">0.70000000000</SimpleData>
            <SimpleData name="Sup_Sig">0.70846151119</SimpleData>
            <SimpleData name="Situacion">Cumple</SimpleData>
            <SimpleData name="X">-55.96568175000</SimpleData>
            <SimpleData name="Y">-25.10185178000</SimpleData>
            <SimpleData name="Shape_Leng">360.11247284900</SimpleData>
            <SimpleData name="Shape_Area">7084.61511186000</SimpleData>
          </SchemaData>
        </ExtendedData>
        <Polygon>
          <outerBoundaryIs>
            <LinearRing>
              <coordinates>
                -55.9651042000404,-25.1014865999407,0
                -55.9657393994888,-25.1024451997504,0
                -55.9662477005657,-25.102198799939,0
                -55.9656459000373,-25.1012773995338,0
                -55.9651042000404,-25.1014865999407,0
              </coordinates>
            </LinearRing>
          </outerBoundaryIs>
        </Polygon>
      </Placemark>
      <Placemark id="Lote_D.15">
        <ExtendedData>
          <SchemaData schemaUrl="#Lote_D.schema">
            <SimpleData name="Cédula">5702402.00000000000</SimpleData>
            <SimpleData name="Nombres_y_">MARICEL BOGADO AGUAYO</SimpleData>
            <SimpleData name="Sexo">Mujer</SimpleData>
            <SimpleData name="Cambio_de_">NO</SimpleData>
            <SimpleData name="Titular_se">NO</SimpleData>
            <SimpleData name="ci_UNIF">5702402.00000000000</SimpleData>
            <SimpleData name="Situación">NO</SimpleData>
            <SimpleData name="Comunidad">Ind?gena</SimpleData>
            <SimpleData name="Modelo_imp">Modelo 2</SimpleData>
            <SimpleData name="Departamen">CAAGUAZU</SimpleData>
            <SimpleData name="Distrito">YH?</SimpleData>
            <SimpleData name="Localidad">COM INDIG AMAMBAY ARROYO GUAZU</SimpleData>
            <SimpleData name="Teléfono">0987171121</SimpleData>
            <SimpleData name="Vivienda_L">-24.90083420000</SimpleData>
            <SimpleData name="Vivienda_1">-55.86108380000</SimpleData>
            <SimpleData name="Superficie">0.80000000000</SimpleData>
            <SimpleData name="Situaci_1">Pol?gono</SimpleData>
            <SimpleData name="Plantado">SI</SimpleData>
            <SimpleData name="Plantado_f">2025/10/22</SimpleData>
            <SimpleData name="Jornales">0.00000000000</SimpleData>
            <SimpleData name="Monto">0.00000000000</SimpleData>
            <SimpleData name="Grupo_de_p">D-P1</SimpleData>
            <SimpleData name="Estado_del">Activo</SimpleData>
            <SimpleData name="Empresa">Unique Wood Paraguay SA</SimpleData>
            <SimpleData name="Lote">D</SimpleData>
            <SimpleData name="Parametro">0.80000000000</SimpleData>
            <SimpleData name="Sup_Sig">0.79635448721</SimpleData>
            <SimpleData name="Situacion">Cumple</SimpleData>
            <SimpleData name="X">-55.86111898000</SimpleData>
            <SimpleData name="Y">-24.90058956000</SimpleData>
            <SimpleData name="Shape_Leng">577.00131628200</SimpleData>
            <SimpleData name="Shape_Area">7963.54487211000</SimpleData>
          </SchemaData>
        </ExtendedData>
        <MultiGeometry>
          <Polygon>
            <outerBoundaryIs>
              <LinearRing>
                <coordinates>
                  -55.8599155999424,-24.9019624998619,0
                  -55.8604287000613,-24.9016292997676,0
                  -55.8602289998359,-24.9012378998554,0
                  -55.8596503003938,-24.9015747002089,0
                  -55.8599155999424,-24.9019624998619,0
                </coordinates>
              </LinearRing>
            </outerBoundaryIs>
          </Polygon>
          <Polygon>
            <outerBoundaryIs>
              <LinearRing>
                <coordinates>
                  -55.861229799765,-24.9012186994002,0
                  -55.8615176004484,-24.9011259008521,0
                  -55.8615288999627,-24.9010493995913,0
                  -55.8611055001046,-24.900184199503,0
                  -55.8609441994902,-24.8999468004927,0
                  -55.8606848998923,-24.9000312001075,0
                  -55.861229799765,-24.9012186994002,0
                </coordinates>
              </LinearRing>
            </outerBoundaryIs>
          </Polygon>
        </MultiGeometry>
      </Placemark>
      <Placemark id="Lote_D.16">
        <ExtendedData>
          <SchemaData schemaUrl="#Lote_D.schema">
            <SimpleData name="Cédula">5344127.00000000000</SimpleData>
            <SimpleData name="Nombres_y_">ELVA BEATRIZ GAMARRA MEZA</SimpleData>
            <SimpleData name="Sexo">Mujer</SimpleData>
            <SimpleData name="Cambio_de_">NO</SimpleData>
            <SimpleData name="Titular_se">NO</SimpleData>
            <SimpleData name="ci_UNIF">5344127.00000000000</SimpleData>
            <SimpleData name="Situación">NO</SimpleData>
            <SimpleData name="Comunidad">Campesina</SimpleData>
            <SimpleData name="Modelo_imp">Modelo 6</SimpleData>
            <SimpleData name="Departamen">CAAGUAZU</SimpleData>
            <SimpleData name="Distrito">SAN JOAQUIN</SimpleData>
            <SimpleData name="Localidad">JAHAPE</SimpleData>
            <SimpleData name="Teléfono">0982665946</SimpleData>
            <SimpleData name="Vivienda_L">-25.00255630000</SimpleData>
            <SimpleData name="Vivienda_1">-55.98904250000</SimpleData>
            <SimpleData name="Superficie">0.90000000000</SimpleData>
            <SimpleData name="Situaci_1">Pol?gono</SimpleData>
            <SimpleData name="Plantado">SI</SimpleData>
            <SimpleData name="Plantado_f">2025/10/01</SimpleData>
            <SimpleData name="Jornales">0.00000000000</SimpleData>
            <SimpleData name="Monto">0.00000000000</SimpleData>
            <SimpleData name="Grupo_de_p">D-P1</SimpleData>
            <SimpleData name="Estado_del">Activo</SimpleData>
            <SimpleData name="Empresa">Unique Wood Paraguay SA</SimpleData>
            <SimpleData name="Lote">D</SimpleData>
            <SimpleData name="Parametro">0.90000000000</SimpleData>
            <SimpleData name="Sup_Sig">0.89956265015</SimpleData>
            <SimpleData name="Situacion">Cumple</SimpleData>
            <SimpleData name="X">-55.99059114000</SimpleData>
            <SimpleData name="Y">-25.00372848000</SimpleData>
            <SimpleData name="Shape_Leng">498.89760815000</SimpleData>
            <SimpleData name="Shape_Area">8995.62650151000</SimpleData>
          </SchemaData>
        </ExtendedData>
        <Polygon>
          <outerBoundaryIs>
            <LinearRing>
              <coordinates>
                -55.9901116997108,-25.0041700000505,0
                -55.9903432994621,-25.0044882996635,0
                -55.9912117000455,-25.0040016997432,0
                -55.9904617002813,-25.0029216997302,0
                -55.9900417000194,-25.0030482996733,0
                -55.9906049995315,-25.0038817001054,0
                -55.9901116997108,-25.0041700000505,0
              </coordinates>
            </LinearRing>
          </outerBoundaryIs>
        </Polygon>
      </Placemark>
      <Placemark id="Lote_D.17">
        <ExtendedData>
          <SchemaData schemaUrl="#Lote_D.schema">
            <SimpleData name="Cédula">5870649.00000000000</SimpleData>
            <SimpleData name="Nombres_y_">ELVIRA  VILLASANTI MERZARIO</SimpleData>
            <SimpleData name="Sexo">Mujer</SimpleData>
            <SimpleData name="Cambio_de_">NO</SimpleData>
            <SimpleData name="Titular_se">NO</SimpleData>
            <SimpleData name="ci_UNIF">5870649.00000000000</SimpleData>
            <SimpleData name="Situación">NO</SimpleData>
            <SimpleData name="Comunidad">Campesina</SimpleData>
            <SimpleData name="Modelo_imp">Modelo 5</SimpleData>
            <SimpleData name="Departamen">CAAGUAZU</SimpleData>
            <SimpleData name="Distrito">CARAYAO</SimpleData>
            <SimpleData name="Localidad">ARROYO HOVY</SimpleData>
            <SimpleData name="Teléfono">981214558</SimpleData>
            <SimpleData name="Vivienda_L">-25.14485000000</SimpleData>
            <SimpleData name="Vivienda_1">-56.29153110000</SimpleData>
            <SimpleData name="Superficie">0.70000000000</SimpleData>
            <SimpleData name="Situaci_1">Pol?gono</SimpleData>
            <SimpleData name="Plantado">SI</SimpleData>
            <SimpleData name="Plantado_f">2025/11/22</SimpleData>
            <SimpleData name="Jornales">0.00000000000</SimpleData>
            <SimpleData name="Monto">0.00000000000</SimpleData>
            <SimpleData name="Grupo_de_p">D-P1</SimpleData>
            <SimpleData name="Estado_del">Activo</SimpleData>
            <SimpleData name="Empresa">Unique Wood Paraguay SA</SimpleData>
            <SimpleData name="Lote">D</SimpleData>
            <SimpleData name="Parametro">0.70000000000</SimpleData>
            <SimpleData name="Sup_Sig">0.79180768328</SimpleData>
            <SimpleData name="Situacion">Cumple</SimpleData>
            <SimpleData name="X">-56.29497375000</SimpleData>
            <SimpleData name="Y">-25.14397188000</SimpleData>
            <SimpleData name="Shape_Leng">603.31444252700</SimpleData>
            <SimpleData name="Shape_Area">7918.07683278000</SimpleData>
          </SchemaData>
        </ExtendedData>
        <MultiGeometry>
          <Polygon>
            <outerBoundaryIs>
              <LinearRing>
                <coordinates>
                  -56.2917004261703,-25.1445870626901,0
                  -56.2918046004395,-25.1445227996296,0
                  -56.2917109996957,-25.143886899412,0
                  -56.2915421993466,-25.1438934999256,0
                  -56.2915715638293,-25.144048114725,0
                  -56.2917004261703,-25.1445870626901,0
                </coordinates>
              </LinearRing>
            </outerBoundaryIs>
          </Polygon>
          <Polygon>
            <outerBoundaryIs>
              <LinearRing>
                <coordinates>
                  -56.2946601992057,-25.1437973003218,0
                  -56.2947881003617,-25.1437816995473,0
                  -56.2948977991061,-25.1447632999541,0
                  -56.2952798001349,-25.1447048998276,0
                  -56.2951062001576,-25.1432705993495,0
                  -56.2945965997098,-25.1433399000121,0
                  -56.2946601992057,-25.1437973003218,0
                </coordinates>
              </LinearRing>
            </outerBoundaryIs>
          </Polygon>
        </MultiGeometry>
      </Placemark>
      <Placemark id="Lote_D.18">
        <ExtendedData>
          <SchemaData schemaUrl="#Lote_D.schema">
            <SimpleData name="Cédula">5121282.00000000000</SimpleData>
            <SimpleData name="Nombres_y_">GLADYS MERCEDES GONZALEZ SOILAN</SimpleData>
            <SimpleData name="Sexo">Mujer</SimpleData>
            <SimpleData name="Cambio_de_">NO</SimpleData>
            <SimpleData name="Titular_se">NO</SimpleData>
            <SimpleData name="ci_UNIF">5121282.00000000000</SimpleData>
            <SimpleData name="Situación">NO</SimpleData>
            <SimpleData name="Comunidad">Campesina</SimpleData>
            <SimpleData name="Modelo_imp">Modelo 5</SimpleData>
            <SimpleData name="Departamen">CAAGUAZU</SimpleData>
            <SimpleData name="Distrito">SAN JOAQUIN</SimpleData>
            <SimpleData name="Localidad">VIRGEN DEL CARMEN</SimpleData>
            <SimpleData name="Teléfono">0975418008</SimpleData>
            <SimpleData name="Vivienda_L">-25.04919000000</SimpleData>
            <SimpleData name="Vivienda_1">-56.09308450000</SimpleData>
            <SimpleData name="Superficie">0.70000000000</SimpleData>
            <SimpleData name="Situaci_1">Pol?gono</SimpleData>
            <SimpleData name="Plantado">SI</SimpleData>
            <SimpleData name="Plantado_f">2025/10/30</SimpleData>
            <SimpleData name="Jornales">0.00000000000</SimpleData>
            <SimpleData name="Monto">0.00000000000</SimpleData>
            <SimpleData name="Grupo_de_p">D-P1</SimpleData>
            <SimpleData name="Estado_del">Activo</SimpleData>
            <SimpleData name="Empresa">Unique Wood Paraguay SA</SimpleData>
            <SimpleData name="Lote">D</SimpleData>
            <SimpleData name="Parametro">0.70000000000</SimpleData>
            <SimpleData name="Sup_Sig">0.77236129803</SimpleData>
            <SimpleData name="Situacion">Cumple</SimpleData>
            <SimpleData name="X">-56.08981935000</SimpleData>
            <SimpleData name="Y">-25.05016902000</SimpleData>
            <SimpleData name="Shape_Leng">447.00429600500</SimpleData>
            <SimpleData name="Shape_Area">7723.61298027000</SimpleData>
          </SchemaData>
        </ExtendedData>
        <Polygon>
          <outerBoundaryIs>
            <LinearRing>
              <coordinates>
                -56.0889299994862,-25.0501128001528,0
                -56.0889956995321,-25.0505087001908,0
                -56.0903266995283,-25.0503017000443,0
                -56.0903900006143,-25.0502317001611,0
                -56.0907110997871,-25.050154199577,0
                -56.0907534996585,-25.0498288997654,0
                -56.0889299994862,-25.0501128001528,0
              </coordinates>
            </LinearRing>
          </outerBoundaryIs>
        </Polygon>
      </Placemark>
      <Placemark id="Lote_D.19">
        <ExtendedData>
          <SchemaData schemaUrl="#Lote_D.schema">
            <SimpleData name="Cédula">4722533.00000000000</SimpleData>
            <SimpleData name="Nombres_y_">ARNALDO FLECHA MOREL</SimpleData>
            <SimpleData name="Sexo">Hombre</SimpleData>
            <SimpleData name="Cambio_de_">NO</SimpleData>
            <SimpleData name="Titular_se">NO</SimpleData>
            <SimpleData name="ci_UNIF">4722533.00000000000</SimpleData>
            <SimpleData name="Situación">NO</SimpleData>
            <SimpleData name="Comunidad">Campesina</SimpleData>
            <SimpleData name="Modelo_imp">Modelo 5</SimpleData>
            <SimpleData name="Departamen">CAAGUAZU</SimpleData>
            <SimpleData name="Distrito">SAN JOAQUIN</SimpleData>
            <SimpleData name="Localidad">PIRI POTY</SimpleData>
            <SimpleData name="Teléfono">0981698442</SimpleData>
            <SimpleData name="Vivienda_L">-25.03867880000</SimpleData>
            <SimpleData name="Vivienda_1">-56.06320460000</SimpleData>
            <SimpleData name="Superficie">0.70000000000</SimpleData>
            <SimpleData name="Situaci_1">Pol?gono</SimpleData>
            <SimpleData name="Plantado">SI</SimpleData>
            <SimpleData name="Plantado_f">2025/10/30</SimpleData>
            <SimpleData name="Jornales">0.00000000000</SimpleData>
            <SimpleData name="Monto">0.00000000000</SimpleData>
            <SimpleData name="Grupo_de_p">D-P1</SimpleData>
            <SimpleData name="Estado_del">Activo</SimpleData>
            <SimpleData name="Empresa">Unique Wood Paraguay SA</SimpleData>
            <SimpleData name="Lote">D</SimpleData>
            <SimpleData name="Parametro">0.70000000000</SimpleData>
            <SimpleData name="Sup_Sig">0.75610912007</SimpleData>
            <SimpleData name="Situacion">Cumple</SimpleData>
            <SimpleData name="X">-56.06637053000</SimpleData>
            <SimpleData name="Y">-25.04495048000</SimpleData>
            <SimpleData name="Shape_Leng">445.39379240000</SimpleData>
            <SimpleData name="Shape_Area">7561.09120074000</SimpleData>
          </SchemaData>
        </ExtendedData>
        <Polygon>
          <outerBoundaryIs>
            <LinearRing>
              <coordinates>
                -56.0655015006542,-25.0450050995177,0
                -56.0672331992653,-25.045281700036,0
                -56.067290299988,-25.0449223000454,0
                -56.0655050002095,-25.0446049996616,0
                -56.0655015006542,-25.0450050995177,0
              </coordinates>
            </LinearRing>
          </outerBoundaryIs>
        </Polygon>
      </Placemark>
      <Placemark id="Lote_D.20">
        <ExtendedData>
          <SchemaData schemaUrl="#Lote_D.schema">
            <SimpleData name="Cédula">7157455.00000000000</SimpleData>
            <SimpleData name="Nombres_y_">NATALICIO BOGADO MONTANIA</SimpleData>
            <SimpleData name="Sexo">Hombre</SimpleData>
            <SimpleData name="Cambio_de_">NO</SimpleData>
            <SimpleData name="Titular_se">NO</SimpleData>
            <SimpleData name="ci_UNIF">7157455.00000000000</SimpleData>
            <SimpleData name="Situación">NO</SimpleData>
            <SimpleData name="Comunidad">Ind?gena</SimpleData>
            <SimpleData name="Modelo_imp">Modelo 1</SimpleData>
            <SimpleData name="Departamen">CAAGUAZU</SimpleData>
            <SimpleData name="Distrito">SAN JOAQUIN</SimpleData>
            <SimpleData name="Localidad">COM INDIG SAN JORGE</SimpleData>
            <SimpleData name="Teléfono">0984209061</SimpleData>
            <SimpleData name="Vivienda_L">-25.06623170000</SimpleData>
            <SimpleData name="Vivienda_1">-56.08576650000</SimpleData>
            <SimpleData name="Superficie">0.80000000000</SimpleData>
            <SimpleData name="Situaci_1">Pol?gono</SimpleData>
            <SimpleData name="Plantado">SI</SimpleData>
            <SimpleData name="Plantado_f">2025/09/22</SimpleData>
            <SimpleData name="Jornales">0.00000000000</SimpleData>
            <SimpleData name="Monto">0.00000000000</SimpleData>
            <SimpleData name="Grupo_de_p">D-P1</SimpleData>
            <SimpleData name="Estado_del">Activo</SimpleData>
            <SimpleData name="Empresa">Unique Wood Paraguay SA</SimpleData>
            <SimpleData name="Lote">D</SimpleData>
            <SimpleData name="Parametro">0.80000000000</SimpleData>
            <SimpleData name="Sup_Sig">0.90583404761</SimpleData>
            <SimpleData name="Situacion">Cumple</SimpleData>
            <SimpleData name="X">-56.08564727000</SimpleData>
            <SimpleData name="Y">-25.06680666000</SimpleData>
            <SimpleData name="Shape_Leng">418.65701503800</SimpleData>
            <SimpleData name="Shape_Area">9058.34047610000</SimpleData>
          </SchemaData>
        </ExtendedData>
        <Polygon>
          <outerBoundaryIs>
            <LinearRing>
              <coordinates>
                -56.0853190331885,-25.067372575572,0
                -56.0853433005239,-25.0673650005925,0
                -56.0853541054035,-25.0673932876498,0
                -56.0860069001476,-25.0672739003433,0
                -56.0859108004761,-25.066711100384,0
                -56.0859775473537,-25.0666911679381,0
                -56.0862348819671,-25.0666028908869,0
                -56.0861161003068,-25.0662410997667,0
                -56.0855678000071,-25.0663559001018,0
                -56.0852801998816,-25.0664379004212,0
                -56.0853063001569,-25.0665920002169,0
                -56.0851120993501,-25.0666782003511,0
                -56.0853190331885,-25.067372575572,0
              </coordinates>
            </LinearRing>
          </outerBoundaryIs>
        </Polygon>
      </Placemark>
      <Placemark id="Lote_D.21">
        <ExtendedData>
          <SchemaData schemaUrl="#Lote_D.schema">
            <SimpleData name="Cédula">5063135.00000000000</SimpleData>
            <SimpleData name="Nombres_y_">ESTELVINA FRANCO FRANCO</SimpleData>
            <SimpleData name="Sexo">Mujer</SimpleData>
            <SimpleData name="Cambio_de_">NO</SimpleData>
            <SimpleData name="Titular_se">NO</SimpleData>
            <SimpleData name="ci_UNIF">5063135.00000000000</SimpleData>
            <SimpleData name="Situación">NO</SimpleData>
            <SimpleData name="Comunidad">Ind?gena</SimpleData>
            <SimpleData name="Modelo_imp">Modelo 1</SimpleData>
            <SimpleData name="Departamen">CAAGUAZU</SimpleData>
            <SimpleData name="Distrito">SAN JOAQUIN</SimpleData>
            <SimpleData name="Localidad">COM INDIG SAN JORGE</SimpleData>
            <SimpleData name="Teléfono">09826966648</SimpleData>
            <SimpleData name="Vivienda_L">-25.06843900000</SimpleData>
            <SimpleData name="Vivienda_1">-56.08422020000</SimpleData>
            <SimpleData name="Superficie">0.80000000000</SimpleData>
            <SimpleData name="Situaci_1">Pol?gono</SimpleData>
            <SimpleData name="Plantado">SI</SimpleData>
            <SimpleData name="Plantado_f">2025/09/22</SimpleData>
            <SimpleData name="Jornales">0.00000000000</SimpleData>
            <SimpleData name="Monto">0.00000000000</SimpleData>
            <SimpleData name="Grupo_de_p">D-P1</SimpleData>
            <SimpleData name="Estado_del">Activo</SimpleData>
            <SimpleData name="Empresa">Unique Wood Paraguay SA</SimpleData>
            <SimpleData name="Lote">D</SimpleData>
            <SimpleData name="Parametro">0.80000000000</SimpleData>
            <SimpleData name="Sup_Sig">0.82379588404</SimpleData>
            <SimpleData name="Situacion">Cumple</SimpleData>
            <SimpleData name="X">-56.08413091000</SimpleData>
            <SimpleData name="Y">-25.06805080000</SimpleData>
            <SimpleData name="Shape_Leng">545.00777727000</SimpleData>
            <SimpleData name="Shape_Area">8237.95884044000</SimpleData>
          </SchemaData>
        </ExtendedData>
        <MultiGeometry>
          <Polygon>
            <outerBoundaryIs>
              <LinearRing>
                <coordinates>
                  -56.0844193000237,-25.0692686001358,0
                  -56.0850251994928,-25.0689919000006,0
                  -56.0848099000349,-25.068572499593,0
                  -56.0842200000848,-25.0688946999592,0
                  -56.0844193000237,-25.0692686001358,0
                </coordinates>
              </LinearRing>
            </outerBoundaryIs>
          </Polygon>
          <Polygon>
            <outerBoundaryIs>
              <LinearRing>
                <coordinates>
                  -56.083834200364,-25.0683920004941,0
                  -56.0846911994129,-25.0681807997364,0
                  -56.084644000088,-25.0678835005733,0
                  -56.0842770002848,-25.0679473993392,0
                  -56.0841721008134,-25.0676969001715,0
                  -56.0836435007424,-25.0678390996629,0
                  -56.083834200364,-25.0683920004941,0
                </coordinates>
              </LinearRing>
            </outerBoundaryIs>
          </Polygon>
        </MultiGeometry>
      </Placemark>
      <Placemark id="Lote_D.22">
        <ExtendedData>
          <SchemaData schemaUrl="#Lote_D.schema">
            <SimpleData name="Cédula">3905186.00000000000</SimpleData>
            <SimpleData name="Nombres_y_">MARIA DE LA CRUZ FERNANDEZ GONZALEZ</SimpleData>
            <SimpleData name="Sexo">Mujer</SimpleData>
            <SimpleData name="Cambio_de_">NO</SimpleData>
            <SimpleData name="Titular_se">NO</SimpleData>
            <SimpleData name="ci_UNIF">3905186.00000000000</SimpleData>
            <SimpleData name="Situación">NO</SimpleData>
            <SimpleData name="Comunidad">Campesina</SimpleData>
            <SimpleData name="Modelo_imp">Modelo 5</SimpleData>
            <SimpleData name="Departamen">CAAGUAZU</SimpleData>
            <SimpleData name="Distrito">YH?</SimpleData>
            <SimpleData name="Localidad">CA?ADITA</SimpleData>
            <SimpleData name="Teléfono">982805819</SimpleData>
            <SimpleData name="Vivienda_L">-25.15575820000</SimpleData>
            <SimpleData name="Vivienda_1">-55.91683130000</SimpleData>
            <SimpleData name="Superficie">0.70000000000</SimpleData>
            <SimpleData name="Situaci_1">Pol?gono</SimpleData>
            <SimpleData name="Plantado">SI</SimpleData>
            <SimpleData name="Plantado_f">2025/11/23</SimpleData>
            <SimpleData name="Jornales">0.00000000000</SimpleData>
            <SimpleData name="Monto">0.00000000000</SimpleData>
            <SimpleData name="Grupo_de_p">D-P1</SimpleData>
            <SimpleData name="Estado_del">Activo</SimpleData>
            <SimpleData name="Empresa">Unique Wood Paraguay SA</SimpleData>
            <SimpleData name="Lote">D</SimpleData>
            <SimpleData name="Parametro">0.70000000000</SimpleData>
            <SimpleData name="Sup_Sig">1.10793913677</SimpleData>
            <SimpleData name="Situacion">Cumple</SimpleData>
            <SimpleData name="X">-55.90499990000</SimpleData>
            <SimpleData name="Y">-25.16339812000</SimpleData>
            <SimpleData name="Shape_Leng">621.96103690800</SimpleData>
            <SimpleData name="Shape_Area">11079.39136770000</SimpleData>
          </SchemaData>
        </ExtendedData>
        <MultiGeometry>
          <Polygon>
            <outerBoundaryIs>
              <LinearRing>
                <coordinates>
                  -55.9054456993185,-25.163735100452,0
                  -55.9054417006866,-25.1630283003548,0
                  -55.904479099838,-25.1631819998013,0
                  -55.9045116994007,-25.1636595001759,0
                  -55.9054456993185,-25.163735100452,0
                </coordinates>
              </LinearRing>
            </outerBoundaryIs>
          </Polygon>
          <Polygon>
            <outerBoundaryIs>
              <LinearRing>
                <coordinates>
                  -55.9163154007202,-25.1558146995879,0
                  -55.9164027004029,-25.1554028000782,0
                  -55.915364600588,-25.1553167998801,0
                  -55.915352000076,-25.1557576998776,0
                  -55.9163154007202,-25.1558146995879,0
                </coordinates>
              </LinearRing>
            </outerBoundaryIs>
          </Polygon>
        </MultiGeometry>
      </Placemark>
      <Placemark id="Lote_D.23">
        <ExtendedData>
          <SchemaData schemaUrl="#Lote_D.schema">
            <SimpleData name="Cédula">2890107.00000000000</SimpleData>
            <SimpleData name="Nombres_y_">VIDAL BRITEZ BREJYUAGI</SimpleData>
            <SimpleData name="Sexo">Hombre</SimpleData>
            <SimpleData name="Cambio_de_">NO</SimpleData>
            <SimpleData name="Titular_se">NO</SimpleData>
            <SimpleData name="ci_UNIF">2890107.00000000000</SimpleData>
            <SimpleData name="Situación">NO</SimpleData>
            <SimpleData name="Comunidad">Ind?gena</SimpleData>
            <SimpleData name="Modelo_imp">Modelo 6</SimpleData>
            <SimpleData name="Departamen">CAAGUAZU</SimpleData>
            <SimpleData name="Distrito">SAN JOAQUIN</SimpleData>
            <SimpleData name="Localidad">COM INDIG CERRO MOROTI</SimpleData>
            <SimpleData name="Teléfono">0986676637</SimpleData>
            <SimpleData name="Vivienda_L">-25.01659600000</SimpleData>
            <SimpleData name="Vivienda_1">-56.14003870000</SimpleData>
            <SimpleData name="Superficie">0.90000000000</SimpleData>
            <SimpleData name="Situaci_1">Pol?gono</SimpleData>
            <SimpleData name="Plantado">SI</SimpleData>
            <SimpleData name="Plantado_f">2025/09/23</SimpleData>
            <SimpleData name="Jornales">0.00000000000</SimpleData>
            <SimpleData name="Monto">0.00000000000</SimpleData>
            <SimpleData name="Grupo_de_p">D-P1</SimpleData>
            <SimpleData name="Estado_del">Activo</SimpleData>
            <SimpleData name="Empresa">Unique Wood Paraguay SA</SimpleData>
            <SimpleData name="Lote">D</SimpleData>
            <SimpleData name="Parametro">0.90000000000</SimpleData>
            <SimpleData name="Sup_Sig">0.95702537981</SimpleData>
            <SimpleData name="Situacion">Cumple</SimpleData>
            <SimpleData name="X">-56.14049020000</SimpleData>
            <SimpleData name="Y">-25.01381091000</SimpleData>
            <SimpleData name="Shape_Leng">471.72807678800</SimpleData>
            <SimpleData name="Shape_Area">9570.25379809000</SimpleData>
          </SchemaData>
        </ExtendedData>
        <Polygon>
          <outerBoundaryIs>
            <LinearRing>
              <coordinates>
                -56.1397268573428,-25.0138271149726,0
                -56.1406109190008,-25.0141961240667,0
                -56.1411299999515,-25.0143950002704,0
                -56.1411825561989,-25.0142767479858,0
                -56.1412216000379,-25.0140050007533,0
                -56.1412969599426,-25.0140193401126,0
                -56.1413099997669,-25.0139899997297,0
                -56.1408683001918,-25.0139749998644,0
                -56.140868300691,-25.0133433003915,0
                -56.1400932994264,-25.0134216999585,0
                -56.1397432992792,-25.0135650001958,0
                -56.1397268573428,-25.0138271149726,0
              </coordinates>
            </LinearRing>
          </outerBoundaryIs>
        </Polygon>
      </Placemark>
      <Placemark id="Lote_D.24">
        <ExtendedData>
          <SchemaData schemaUrl="#Lote_D.schema">
            <SimpleData name="Cédula">6585526.00000000000</SimpleData>
            <SimpleData name="Nombres_y_">ANTONIA LOPEZ MARTINEZ</SimpleData>
            <SimpleData name="Sexo">Mujer</SimpleData>
            <SimpleData name="Cambio_de_">NO</SimpleData>
            <SimpleData name="Titular_se">NO</SimpleData>
            <SimpleData name="ci_UNIF">6585526.00000000000</SimpleData>
            <SimpleData name="Situación">NO</SimpleData>
            <SimpleData name="Comunidad">Ind?gena</SimpleData>
            <SimpleData name="Modelo_imp">Modelo 1</SimpleData>
            <SimpleData name="Departamen">CAAGUAZU</SimpleData>
            <SimpleData name="Distrito">YH?</SimpleData>
            <SimpleData name="Localidad">COM INDIG AMAMBAY ARROYO GUAZU</SimpleData>
            <SimpleData name="Teléfono">0981880468</SimpleData>
            <SimpleData name="Vivienda_L">-24.90353970000</SimpleData>
            <SimpleData name="Vivienda_1">-55.86118100000</SimpleData>
            <SimpleData name="Superficie">0.80000000000</SimpleData>
            <SimpleData name="Situaci_1">Pol?gono</SimpleData>
            <SimpleData name="Plantado">SI</SimpleData>
            <SimpleData name="Plantado_f">2025/10/29</SimpleData>
            <SimpleData name="Jornales">0.00000000000</SimpleData>
            <SimpleData name="Monto">0.00000000000</SimpleData>
            <SimpleData name="Grupo_de_p">D-P1</SimpleData>
            <SimpleData name="Estado_del">Activo</SimpleData>
            <SimpleData name="Empresa">Unique Wood Paraguay SA</SimpleData>
            <SimpleData name="Lote">D</SimpleData>
            <SimpleData name="Parametro">0.80000000000</SimpleData>
            <SimpleData name="Sup_Sig">0.80547670689</SimpleData>
            <SimpleData name="Situacion">Cumple</SimpleData>
            <SimpleData name="X">-55.86040063000</SimpleData>
            <SimpleData name="Y">-24.90416719000</SimpleData>
            <SimpleData name="Shape_Leng">361.23823822800</SimpleData>
            <SimpleData name="Shape_Area">8054.76706892000</SimpleData>
          </SchemaData>
        </ExtendedData>
        <Polygon>
          <outerBoundaryIs>
            <LinearRing>
              <coordinates>
                -55.8597318995955,-24.9040835001037,0
                -55.8602452000056,-24.9046790004386,0
                -55.8610635999662,-24.9042758996945,0
                -55.8605564005283,-24.9036424999085,0
                -55.8597318995955,-24.9040835001037,0
              </coordinates>
            </LinearRing>
          </outerBoundaryIs>
        </Polygon>
      </Placemark>
      <Placemark id="Lote_D.25">
        <ExtendedData>
          <SchemaData schemaUrl="#Lote_D.schema">
            <SimpleData name="Cédula">6889767.00000000000</SimpleData>
            <SimpleData name="Nombres_y_">FREDY ACOSTA ROJAS</SimpleData>
            <SimpleData name="Sexo">Hombre</SimpleData>
            <SimpleData name="Cambio_de_">NO</SimpleData>
            <SimpleData name="Titular_se">NO</SimpleData>
            <SimpleData name="ci_UNIF">6889767.00000000000</SimpleData>
            <SimpleData name="Situación">NO</SimpleData>
            <SimpleData name="Comunidad">Campesina</SimpleData>
            <SimpleData name="Modelo_imp">Modelo 1</SimpleData>
            <SimpleData name="Departamen">CAAGUAZU</SimpleData>
            <SimpleData name="Distrito">SAN JOAQUIN</SimpleData>
            <SimpleData name="Localidad">NACIENTE</SimpleData>
            <SimpleData name="Teléfono">0983356579</SimpleData>
            <SimpleData name="Vivienda_L">-25.00514220000</SimpleData>
            <SimpleData name="Vivienda_1">-56.04970140000</SimpleData>
            <SimpleData name="Superficie">0.80000000000</SimpleData>
            <SimpleData name="Situaci_1">Pol?gono</SimpleData>
            <SimpleData name="Plantado">SI</SimpleData>
            <SimpleData name="Plantado_f">2025/10/03</SimpleData>
            <SimpleData name="Jornales">0.00000000000</SimpleData>
            <SimpleData name="Monto">0.00000000000</SimpleData>
            <SimpleData name="Grupo_de_p">D-P1</SimpleData>
            <SimpleData name="Estado_del">Activo</SimpleData>
            <SimpleData name="Empresa">Unique Wood Paraguay SA</SimpleData>
            <SimpleData name="Lote">D</SimpleData>
            <SimpleData name="Parametro">0.80000000000</SimpleData>
            <SimpleData name="Sup_Sig">0.84034524460</SimpleData>
            <SimpleData name="Situacion">Cumple</SimpleData>
            <SimpleData name="X">-56.05581327000</SimpleData>
            <SimpleData name="Y">-25.00622629000</SimpleData>
            <SimpleData name="Shape_Leng">563.29462974600</SimpleData>
            <SimpleData name="Shape_Area">8403.45244599000</SimpleData>
          </SchemaData>
        </ExtendedData>
        <MultiGeometry>
          <Polygon>
            <outerBoundaryIs>
              <LinearRing>
                <coordinates>
                  -56.0567687998175,-25.0068649003859,0
                  -56.056955800282,-25.005978300118,0
                  -56.0568592999614,-25.0060184003681,0
                  -56.0566714999666,-25.0068403999374,0
                  -56.0567687998175,-25.0068649003859,0
                </coordinates>
              </LinearRing>
            </outerBoundaryIs>
          </Polygon>
          <Polygon>
            <outerBoundaryIs>
              <LinearRing>
                <coordinates>
                  -56.0559500997154,-25.0067129002888,0
                  -56.0561728004497,-25.0058528997892,0
                  -56.0553692005321,-25.0057002998465,0
                  -56.0552680998861,-25.0065848004191,0
                  -56.0559500997154,-25.0067129002888,0
                </coordinates>
              </LinearRing>
            </outerBoundaryIs>
          </Polygon>
        </MultiGeometry>
      </Placemark>
      <Placemark id="Lote_D.26">
        <ExtendedData>
          <SchemaData schemaUrl="#Lote_D.schema">
            <SimpleData name="Cédula">1459323.00000000000</SimpleData>
            <SimpleData name="Nombres_y_">CLAUDIO ANICETO VELAZQUEZ</SimpleData>
            <SimpleData name="Sexo">Hombre</SimpleData>
            <SimpleData name="Cambio_de_">NO</SimpleData>
            <SimpleData name="Titular_se">NO</SimpleData>
            <SimpleData name="ci_UNIF">1459323.00000000000</SimpleData>
            <SimpleData name="Situación">NO</SimpleData>
            <SimpleData name="Comunidad">Campesina</SimpleData>
            <SimpleData name="Modelo_imp">Modelo 5</SimpleData>
            <SimpleData name="Departamen">CAAGUAZU</SimpleData>
            <SimpleData name="Distrito">YH?</SimpleData>
            <SimpleData name="Localidad">CA?ADITA</SimpleData>
            <SimpleData name="Teléfono">983415048</SimpleData>
            <SimpleData name="Vivienda_L">-25.16545000000</SimpleData>
            <SimpleData name="Vivienda_1">-55.91713320000</SimpleData>
            <SimpleData name="Superficie">0.70000000000</SimpleData>
            <SimpleData name="Situaci_1">Pol?gono</SimpleData>
            <SimpleData name="Plantado">SI</SimpleData>
            <SimpleData name="Plantado_f">2025/10/22</SimpleData>
            <SimpleData name="Jornales">0.00000000000</SimpleData>
            <SimpleData name="Monto">0.00000000000</SimpleData>
            <SimpleData name="Grupo_de_p">D-P1</SimpleData>
            <SimpleData name="Estado_del">Activo</SimpleData>
            <SimpleData name="Empresa">Unique Wood Paraguay SA</SimpleData>
            <SimpleData name="Lote">D</SimpleData>
            <SimpleData name="Parametro">0.70000000000</SimpleData>
            <SimpleData name="Sup_Sig">0.78341551492</SimpleData>
            <SimpleData name="Situacion">Cumple</SimpleData>
            <SimpleData name="X">-55.91929578000</SimpleData>
            <SimpleData name="Y">-25.16570515000</SimpleData>
            <SimpleData name="Shape_Leng">525.72931047400</SimpleData>
            <SimpleData name="Shape_Area">7834.15514915000</SimpleData>
          </SchemaData>
        </ExtendedData>
        <MultiGeometry>
          <Polygon>
            <outerBoundaryIs>
              <LinearRing>
                <coordinates>
                  -55.9197594003025,-25.1659626007023,0
                  -55.919760099916,-25.1655235000252,0
                  -55.9188482991974,-25.1654299998468,0
                  -55.9188399000476,-25.1659053008883,0
                  -55.9197594003025,-25.1659626007023,0
                </coordinates>
              </LinearRing>
            </outerBoundaryIs>
          </Polygon>
          <Polygon>
            <outerBoundaryIs>
              <LinearRing>
                <coordinates>
                  -55.9161468000743,-25.1654127012662,0
                  -55.9161767994335,-25.1651772011218,0
                  -55.9157361988899,-25.1650240005657,0
                  -55.9153299995079,-25.1650373002809,0
                  -55.9152925999963,-25.1653801000831,0
                  -55.9161468000743,-25.1654127012662,0
                </coordinates>
              </LinearRing>
            </outerBoundaryIs>
          </Polygon>
        </MultiGeometry>
      </Placemark>
      <Placemark id="Lote_D.27">
        <ExtendedData>
          <SchemaData schemaUrl="#Lote_D.schema">
            <SimpleData name="Cédula">4335532.00000000000</SimpleData>
            <SimpleData name="Nombres_y_">MARIA ELBA MARTINEZ SAUCEDO</SimpleData>
            <SimpleData name="Sexo">Mujer</SimpleData>
            <SimpleData name="Cambio_de_">NO</SimpleData>
            <SimpleData name="Titular_se">NO</SimpleData>
            <SimpleData name="ci_UNIF">4335532.00000000000</SimpleData>
            <SimpleData name="Situación">NO</SimpleData>
            <SimpleData name="Comunidad">Ind?gena</SimpleData>
            <SimpleData name="Modelo_imp">Modelo 1</SimpleData>
            <SimpleData name="Departamen">CAAGUAZU</SimpleData>
            <SimpleData name="Distrito">SAN JOAQUIN</SimpleData>
            <SimpleData name="Localidad">COM INDIG SAN JORGE</SimpleData>
            <SimpleData name="Teléfono">0984209061</SimpleData>
            <SimpleData name="Vivienda_L">-25.06910280000</SimpleData>
            <SimpleData name="Vivienda_1">-56.08095750000</SimpleData>
            <SimpleData name="Superficie">0.80000000000</SimpleData>
            <SimpleData name="Situaci_1">Pol?gono</SimpleData>
            <SimpleData name="Plantado">SI</SimpleData>
            <SimpleData name="Plantado_f">2025/09/22</SimpleData>
            <SimpleData name="Jornales">0.00000000000</SimpleData>
            <SimpleData name="Monto">0.00000000000</SimpleData>
            <SimpleData name="Grupo_de_p">D-P1</SimpleData>
            <SimpleData name="Estado_del">Activo</SimpleData>
            <SimpleData name="Empresa">Unique Wood Paraguay SA</SimpleData>
            <SimpleData name="Lote">D</SimpleData>
            <SimpleData name="Parametro">0.80000000000</SimpleData>
            <SimpleData name="Sup_Sig">0.80505019125</SimpleData>
            <SimpleData name="Situacion">Cumple</SimpleData>
            <SimpleData name="X">-56.08096683000</SimpleData>
            <SimpleData name="Y">-25.06801537000</SimpleData>
            <SimpleData name="Shape_Leng">451.84706033200</SimpleData>
            <SimpleData name="Shape_Area">8050.50191253000</SimpleData>
          </SchemaData>
        </ExtendedData>
        <Polygon>
          <outerBoundaryIs>
            <LinearRing>
              <coordinates>
                -56.0805182999161,-25.0677866996181,0
                -56.080882900283,-25.0689149006202,0
                -56.0811147997606,-25.0688441004391,0
                -56.0809488991963,-25.0682124001754,0
                -56.0813950004017,-25.0681182998996,0
                -56.0814050992862,-25.0681085997733,0
                -56.0812996005837,-25.0673621007009,0
                -56.08079069962,-25.0675332996985,0
                -56.0805182999161,-25.0677866996181,0
              </coordinates>
            </LinearRing>
          </outerBoundaryIs>
        </Polygon>
      </Placemark>
      <Placemark id="Lote_D.28">
        <ExtendedData>
          <SchemaData schemaUrl="#Lote_D.schema">
            <SimpleData name="Cédula">7206471.00000000000</SimpleData>
            <SimpleData name="Nombres_y_">ROSANA  MARTINEZ VILLALBA</SimpleData>
            <SimpleData name="Sexo">Mujer</SimpleData>
            <SimpleData name="Cambio_de_">NO</SimpleData>
            <SimpleData name="Titular_se">NO</SimpleData>
            <SimpleData name="ci_UNIF">7206471.00000000000</SimpleData>
            <SimpleData name="Situación">NO</SimpleData>
            <SimpleData name="Comunidad">Campesina</SimpleData>
            <SimpleData name="Modelo_imp">Modelo 2</SimpleData>
            <SimpleData name="Departamen">CAAGUAZU</SimpleData>
            <SimpleData name="Distrito">YH?</SimpleData>
            <SimpleData name="Localidad">JUKERI</SimpleData>
            <SimpleData name="Teléfono">984568985</SimpleData>
            <SimpleData name="Vivienda_L">-25.14765690000</SimpleData>
            <SimpleData name="Vivienda_1">-55.91782240000</SimpleData>
            <SimpleData name="Superficie">0.80000000000</SimpleData>
            <SimpleData name="Situaci_1">Pol?gono</SimpleData>
            <SimpleData name="Plantado">SI</SimpleData>
            <SimpleData name="Plantado_f">2025/10/30</SimpleData>
            <SimpleData name="Jornales">0.00000000000</SimpleData>
            <SimpleData name="Monto">0.00000000000</SimpleData>
            <SimpleData name="Grupo_de_p">D-P1</SimpleData>
            <SimpleData name="Estado_del">Activo</SimpleData>
            <SimpleData name="Empresa">Unique Wood Paraguay SA</SimpleData>
            <SimpleData name="Lote">D</SimpleData>
            <SimpleData name="Parametro">0.80000000000</SimpleData>
            <SimpleData name="Sup_Sig">0.87162282172</SimpleData>
            <SimpleData name="Situacion">Cumple</SimpleData>
            <SimpleData name="X">-55.91078535000</SimpleData>
            <SimpleData name="Y">-25.14688938000</SimpleData>
            <SimpleData name="Shape_Leng">580.53384746200</SimpleData>
            <SimpleData name="Shape_Area">8716.22821724000</SimpleData>
          </SchemaData>
        </ExtendedData>
        <Polygon>
          <outerBoundaryIs>
            <LinearRing>
              <coordinates>
                -55.9109500996041,-25.1471546993959,0
                -55.9118149999466,-25.1472265996366,0
                -55.9118307996443,-25.1467782998108,0
                -55.9094100003504,-25.1466350005253,0
                -55.9093567005103,-25.1468549998839,0
                -55.91089180007,-25.1469985994766,0
                -55.9109500996041,-25.1471546993959,0
              </coordinates>
            </LinearRing>
          </outerBoundaryIs>
        </Polygon>
      </Placemark>
      <Placemark id="Lote_D.29">
        <ExtendedData>
          <SchemaData schemaUrl="#Lote_D.schema">
            <SimpleData name="Cédula">4534534.00000000000</SimpleData>
            <SimpleData name="Nombres_y_">EVA GRACIELA MENDOZA BAEZ</SimpleData>
            <SimpleData name="Sexo">Mujer</SimpleData>
            <SimpleData name="Cambio_de_">NO</SimpleData>
            <SimpleData name="Titular_se">NO</SimpleData>
            <SimpleData name="ci_UNIF">4534534.00000000000</SimpleData>
            <SimpleData name="Situación">NO</SimpleData>
            <SimpleData name="Comunidad">Campesina</SimpleData>
            <SimpleData name="Modelo_imp">Modelo 1</SimpleData>
            <SimpleData name="Departamen">CAAGUAZU</SimpleData>
            <SimpleData name="Distrito">SAN JOAQUIN</SimpleData>
            <SimpleData name="Localidad">TACUAPI I</SimpleData>
            <SimpleData name="Teléfono">0982822073</SimpleData>
            <SimpleData name="Vivienda_L">-24.99784180000</SimpleData>
            <SimpleData name="Vivienda_1">-56.05141980000</SimpleData>
            <SimpleData name="Superficie">0.80000000000</SimpleData>
            <SimpleData name="Situaci_1">Pol?gono</SimpleData>
            <SimpleData name="Plantado">SI</SimpleData>
            <SimpleData name="Plantado_f">2025/09/26</SimpleData>
            <SimpleData name="Jornales">0.00000000000</SimpleData>
            <SimpleData name="Monto">0.00000000000</SimpleData>
            <SimpleData name="Grupo_de_p">D-P1</SimpleData>
            <SimpleData name="Estado_del">Activo</SimpleData>
            <SimpleData name="Empresa">Unique Wood Paraguay SA</SimpleData>
            <SimpleData name="Lote">D</SimpleData>
            <SimpleData name="Parametro">0.80000000000</SimpleData>
            <SimpleData name="Sup_Sig">0.83692264747</SimpleData>
            <SimpleData name="Situacion">Cumple</SimpleData>
            <SimpleData name="X">-56.05834532000</SimpleData>
            <SimpleData name="Y">-24.99950050000</SimpleData>
            <SimpleData name="Shape_Leng">366.98176231900</SimpleData>
            <SimpleData name="Shape_Area">8369.22647474000</SimpleData>
          </SchemaData>
        </ExtendedData>
        <Polygon>
          <outerBoundaryIs>
            <LinearRing>
              <coordinates>
                -56.0578017002959,-24.9997799998719,0
                -56.0587330003622,-24.9999846997513,0
                -56.0588985005459,-24.9992233002625,0
                -56.0579447003942,-24.9990192997568,0
                -56.0578017002959,-24.9997799998719,0
              </coordinates>
            </LinearRing>
          </outerBoundaryIs>
        </Polygon>
      </Placemark>
      <Placemark id="Lote_D.30">
        <ExtendedData>
          <SchemaData schemaUrl="#Lote_D.schema">
            <SimpleData name="Cédula">1988473.00000000000</SimpleData>
            <SimpleData name="Nombres_y_">WILMA ROMERO DE JARA</SimpleData>
            <SimpleData name="Sexo">Mujer</SimpleData>
            <SimpleData name="Cambio_de_">NO</SimpleData>
            <SimpleData name="Titular_se">NO</SimpleData>
            <SimpleData name="ci_UNIF">1988473.00000000000</SimpleData>
            <SimpleData name="Situación">NO</SimpleData>
            <SimpleData name="Comunidad">Campesina</SimpleData>
            <SimpleData name="Modelo_imp">Modelo 5</SimpleData>
            <SimpleData name="Departamen">CAAGUAZU</SimpleData>
            <SimpleData name="Distrito">CARAYAO</SimpleData>
            <SimpleData name="Localidad">ARROYO HONDO</SimpleData>
            <SimpleData name="Teléfono">0975426757</SimpleData>
            <SimpleData name="Vivienda_L">-25.13612250000</SimpleData>
            <SimpleData name="Vivienda_1">-56.25613180000</SimpleData>
            <SimpleData name="Superficie">0.70000000000</SimpleData>
            <SimpleData name="Situaci_1">Pol?gono</SimpleData>
            <SimpleData name="Plantado">SI</SimpleData>
            <SimpleData name="Plantado_f">2025/11/20</SimpleData>
            <SimpleData name="Jornales">0.00000000000</SimpleData>
            <SimpleData name="Monto">0.00000000000</SimpleData>
            <SimpleData name="Grupo_de_p">D-P1</SimpleData>
            <SimpleData name="Estado_del">Activo</SimpleData>
            <SimpleData name="Empresa">Unique Wood Paraguay SA</SimpleData>
            <SimpleData name="Lote">D</SimpleData>
            <SimpleData name="Parametro">0.70000000000</SimpleData>
            <SimpleData name="Sup_Sig">0.80267826044</SimpleData>
            <SimpleData name="Situacion">Cumple</SimpleData>
            <SimpleData name="X">-56.25687769000</SimpleData>
            <SimpleData name="Y">-25.13615118000</SimpleData>
            <SimpleData name="Shape_Leng">519.21731311700</SimpleData>
            <SimpleData name="Shape_Area">8026.78260439000</SimpleData>
          </SchemaData>
        </ExtendedData>
        <MultiGeometry>
          <Polygon>
            <outerBoundaryIs>
              <LinearRing>
                <coordinates>
                  -56.2568230998487,-25.1369574003345,0
                  -56.2573009001321,-25.1368479993208,0
                  -56.2573521001226,-25.1368132007015,0
                  -56.2570102998235,-25.1359059003732,0
                  -56.25649569926,-25.1360054000203,0
                  -56.256766499694,-25.1369013001997,0
                  -56.2568230998487,-25.1369574003345,0
                </coordinates>
              </LinearRing>
            </outerBoundaryIs>
          </Polygon>
          <Polygon>
            <outerBoundaryIs>
              <LinearRing>
                <coordinates>
                  -56.2564422002024,-25.1354305997555,0
                  -56.2571261004532,-25.135273899667,0
                  -56.2570347999312,-25.1350282997898,0
                  -56.2564076002774,-25.1351881999695,0
                  -56.2564422002024,-25.1354305997555,0
                </coordinates>
              </LinearRing>
            </outerBoundaryIs>
          </Polygon>
        </MultiGeometry>
      </Placemark>
      <Placemark id="Lote_D.31">
        <ExtendedData>
          <SchemaData schemaUrl="#Lote_D.schema">
            <SimpleData name="Cédula">7195194.00000000000</SimpleData>
            <SimpleData name="Nombres_y_">SARA  GALEANO MOLINA</SimpleData>
            <SimpleData name="Sexo">Mujer</SimpleData>
            <SimpleData name="Cambio_de_">NO</SimpleData>
            <SimpleData name="Titular_se">NO</SimpleData>
            <SimpleData name="ci_UNIF">7195194.00000000000</SimpleData>
            <SimpleData name="Situación">NO</SimpleData>
            <SimpleData name="Comunidad">Campesina</SimpleData>
            <SimpleData name="Modelo_imp">Modelo 2</SimpleData>
            <SimpleData name="Departamen">CAAGUAZU</SimpleData>
            <SimpleData name="Distrito">SAN JOAQUIN</SimpleData>
            <SimpleData name="Localidad">NOGUEIRA</SimpleData>
            <SimpleData name="Teléfono">0982388062</SimpleData>
            <SimpleData name="Vivienda_L">-25.03897000000</SimpleData>
            <SimpleData name="Vivienda_1">-56.09514560000</SimpleData>
            <SimpleData name="Superficie">0.80000000000</SimpleData>
            <SimpleData name="Situaci_1">Pol?gono</SimpleData>
            <SimpleData name="Plantado">SI</SimpleData>
            <SimpleData name="Plantado_f">2026/01/29</SimpleData>
            <SimpleData name="Jornales">0.00000000000</SimpleData>
            <SimpleData name="Monto">0.00000000000</SimpleData>
            <SimpleData name="Grupo_de_p">D-P2</SimpleData>
            <SimpleData name="Estado_del">Activo</SimpleData>
            <SimpleData name="Empresa">Unique Wood Paraguay SA</SimpleData>
            <SimpleData name="Lote">D</SimpleData>
            <SimpleData name="Parametro">0.80000000000</SimpleData>
            <SimpleData name="Sup_Sig">0.83629802517</SimpleData>
            <SimpleData name="Situacion">Cumple</SimpleData>
            <SimpleData name="X">-56.10183175000</SimpleData>
            <SimpleData name="Y">-25.03551105000</SimpleData>
            <SimpleData name="Shape_Leng">372.52880347300</SimpleData>
            <SimpleData name="Shape_Area">8362.98025167000</SimpleData>
          </SchemaData>
        </ExtendedData>
        <Polygon>
          <outerBoundaryIs>
            <LinearRing>
              <coordinates>
                -56.101224799727,-25.0358171002542,0
                -56.101971699776,-25.0360676003481,0
                -56.1024328001326,-25.0351527003493,0
                -56.1016843001535,-25.0349863999191,0
                -56.101224799727,-25.0358171002542,0
              </coordinates>
            </LinearRing>
          </outerBoundaryIs>
        </Polygon>
      </Placemark>
      <Placemark id="Lote_D.32">
        <ExtendedData>
          <SchemaData schemaUrl="#Lote_D.schema">
            <SimpleData name="Cédula">7030950.00000000000</SimpleData>
            <SimpleData name="Nombres_y_">AIDA CAROLINA TABOADA AQUINO</SimpleData>
            <SimpleData name="Sexo">Mujer</SimpleData>
            <SimpleData name="Cambio_de_">NO</SimpleData>
            <SimpleData name="Titular_se">NO</SimpleData>
            <SimpleData name="ci_UNIF">7030950.00000000000</SimpleData>
            <SimpleData name="Situación">NO</SimpleData>
            <SimpleData name="Comunidad">Ind?gena</SimpleData>
            <SimpleData name="Modelo_imp">Modelo 2</SimpleData>
            <SimpleData name="Departamen">CAAGUAZU</SimpleData>
            <SimpleData name="Distrito">YH?</SimpleData>
            <SimpleData name="Localidad">COM INDIG AMAMBAY ARROYO GUAZU</SimpleData>
            <SimpleData name="Teléfono">0984174722</SimpleData>
            <SimpleData name="Vivienda_L">-24.89767180000</SimpleData>
            <SimpleData name="Vivienda_1">-55.85261010000</SimpleData>
            <SimpleData name="Superficie">0.80000000000</SimpleData>
            <SimpleData name="Situaci_1">Pol?gono</SimpleData>
            <SimpleData name="Plantado">SI</SimpleData>
            <SimpleData name="Plantado_f">2025/10/22</SimpleData>
            <SimpleData name="Jornales">0.00000000000</SimpleData>
            <SimpleData name="Monto">0.00000000000</SimpleData>
            <SimpleData name="Grupo_de_p">D-P1</SimpleData>
            <SimpleData name="Estado_del">Activo</SimpleData>
            <SimpleData name="Empresa">Unique Wood Paraguay SA</SimpleData>
            <SimpleData name="Lote">D</SimpleData>
            <SimpleData name="Parametro">0.80000000000</SimpleData>
            <SimpleData name="Sup_Sig">0.95465431274</SimpleData>
            <SimpleData name="Situacion">Cumple</SimpleData>
            <SimpleData name="X">-55.85796183000</SimpleData>
            <SimpleData name="Y">-24.89995538000</SimpleData>
            <SimpleData name="Shape_Leng">529.28604431800</SimpleData>
            <SimpleData name="Shape_Area">9546.54312743000</SimpleData>
          </SchemaData>
        </ExtendedData>
        <MultiGeometry>
          <Polygon>
            <outerBoundaryIs>
              <LinearRing>
                <coordinates>
                  -55.8567025002445,-24.9011985999363,0
                  -55.8570922002482,-24.9008716996253,0
                  -55.8568655001293,-24.9006285001345,0
                  -55.8564693999869,-24.9009690006208,0
                  -55.8567025002445,-24.9011985999363,0
                </coordinates>
              </LinearRing>
            </outerBoundaryIs>
          </Polygon>
          <Polygon>
            <outerBoundaryIs>
              <LinearRing>
                <coordinates>
                  -55.8581467005673,-24.9002600995753,0
                  -55.8588616001096,-24.8997723006739,0
                  -55.8584233001537,-24.8991878004921,0
                  -55.8576191007227,-24.8996445997126,0
                  -55.8581467005673,-24.9002600995753,0
                </coordinates>
              </LinearRing>
            </outerBoundaryIs>
          </Polygon>
        </MultiGeometry>
      </Placemark>
      <Placemark id="Lote_D.33">
        <ExtendedData>
          <SchemaData schemaUrl="#Lote_D.schema">
            <SimpleData name="Cédula">4887483.00000000000</SimpleData>
            <SimpleData name="Nombres_y_">MARIO ESTECHE ROJAS</SimpleData>
            <SimpleData name="Sexo">Hombre</SimpleData>
            <SimpleData name="Cambio_de_">NO</SimpleData>
            <SimpleData name="Titular_se">NO</SimpleData>
            <SimpleData name="ci_UNIF">4887483.00000000000</SimpleData>
            <SimpleData name="Situación">NO</SimpleData>
            <SimpleData name="Comunidad">Campesina</SimpleData>
            <SimpleData name="Modelo_imp">Modelo 1</SimpleData>
            <SimpleData name="Departamen">CAAGUAZU</SimpleData>
            <SimpleData name="Distrito">SAN JOAQUIN</SimpleData>
            <SimpleData name="Localidad">JAHAPE</SimpleData>
            <SimpleData name="Teléfono">0986719104</SimpleData>
            <SimpleData name="Vivienda_L">-24.99993800000</SimpleData>
            <SimpleData name="Vivienda_1">-55.99720860000</SimpleData>
            <SimpleData name="Superficie">0.80000000000</SimpleData>
            <SimpleData name="Situaci_1">Pol?gono</SimpleData>
            <SimpleData name="Plantado">SI</SimpleData>
            <SimpleData name="Plantado_f">2025/10/01</SimpleData>
            <SimpleData name="Jornales">0.00000000000</SimpleData>
            <SimpleData name="Monto">0.00000000000</SimpleData>
            <SimpleData name="Grupo_de_p">D-P1</SimpleData>
            <SimpleData name="Estado_del">Activo</SimpleData>
            <SimpleData name="Empresa">Unique Wood Paraguay SA</SimpleData>
            <SimpleData name="Lote">D</SimpleData>
            <SimpleData name="Parametro">0.80000000000</SimpleData>
            <SimpleData name="Sup_Sig">0.82182156964</SimpleData>
            <SimpleData name="Situacion">Cumple</SimpleData>
            <SimpleData name="X">-55.99514575000</SimpleData>
            <SimpleData name="Y">-25.00020268000</SimpleData>
            <SimpleData name="Shape_Leng">362.87352482400</SimpleData>
            <SimpleData name="Shape_Area">8218.21569642000</SimpleData>
          </SchemaData>
        </ExtendedData>
        <Polygon>
          <outerBoundaryIs>
            <LinearRing>
              <coordinates>
                -55.9946085000052,-24.999928200392,0
                -55.9948307000028,-25.0007197996438,0
                -55.9956867995963,-25.0004862000538,0
                -55.9954484003427,-24.9996756004673,0
                -55.9946085000052,-24.999928200392,0
              </coordinates>
            </LinearRing>
          </outerBoundaryIs>
        </Polygon>
      </Placemark>
      <Placemark id="Lote_D.34">
        <ExtendedData>
          <SchemaData schemaUrl="#Lote_D.schema">
            <SimpleData name="Cédula">5401661.00000000000</SimpleData>
            <SimpleData name="Nombres_y_">ANGELINA  CACERES RIVEROS</SimpleData>
            <SimpleData name="Sexo">Mujer</SimpleData>
            <SimpleData name="Cambio_de_">NO</SimpleData>
            <SimpleData name="Titular_se">NO</SimpleData>
            <SimpleData name="ci_UNIF">5401661.00000000000</SimpleData>
            <SimpleData name="Situación">NO</SimpleData>
            <SimpleData name="Comunidad">Campesina</SimpleData>
            <SimpleData name="Modelo_imp">Modelo 5</SimpleData>
            <SimpleData name="Departamen">CAAGUAZU</SimpleData>
            <SimpleData name="Distrito">YH?</SimpleData>
            <SimpleData name="Localidad">JUAN SINFORIANO BOGARIN</SimpleData>
            <SimpleData name="Teléfono">982769275</SimpleData>
            <SimpleData name="Vivienda_L">-25.15374330000</SimpleData>
            <SimpleData name="Vivienda_1">-55.93701830000</SimpleData>
            <SimpleData name="Superficie">0.70000000000</SimpleData>
            <SimpleData name="Situaci_1">Pol?gono</SimpleData>
            <SimpleData name="Plantado">SI</SimpleData>
            <SimpleData name="Plantado_f">2025/10/21</SimpleData>
            <SimpleData name="Jornales">0.00000000000</SimpleData>
            <SimpleData name="Monto">0.00000000000</SimpleData>
            <SimpleData name="Grupo_de_p">D-P1</SimpleData>
            <SimpleData name="Estado_del">Activo</SimpleData>
            <SimpleData name="Empresa">Unique Wood Paraguay SA</SimpleData>
            <SimpleData name="Lote">D</SimpleData>
            <SimpleData name="Parametro">0.70000000000</SimpleData>
            <SimpleData name="Sup_Sig">0.73445046060</SimpleData>
            <SimpleData name="Situacion">Cumple</SimpleData>
            <SimpleData name="X">-55.93497655000</SimpleData>
            <SimpleData name="Y">-25.15360677000</SimpleData>
            <SimpleData name="Shape_Leng">542.33569991800</SimpleData>
            <SimpleData name="Shape_Area">7344.50460601000</SimpleData>
          </SchemaData>
        </ExtendedData>
        <Polygon>
          <outerBoundaryIs>
            <LinearRing>
              <coordinates>
                -55.933772199943,-25.1536126003085,0
                -55.9361426998801,-25.1538742999184,0
                -55.9361862995718,-25.1536037006627,0
                -55.9338175000478,-25.1533377998614,0
                -55.933772199943,-25.1536126003085,0
              </coordinates>
            </LinearRing>
          </outerBoundaryIs>
        </Polygon>
      </Placemark>
      <Placemark id="Lote_D.35">
        <ExtendedData>
          <SchemaData schemaUrl="#Lote_D.schema">
            <SimpleData name="Cédula">6381928.00000000000</SimpleData>
            <SimpleData name="Nombres_y_">EMIDONIA BENITEZ NOCEDA</SimpleData>
            <SimpleData name="Sexo">Mujer</SimpleData>
            <SimpleData name="Cambio_de_">NO</SimpleData>
            <SimpleData name="Titular_se">NO</SimpleData>
            <SimpleData name="ci_UNIF">6381928.00000000000</SimpleData>
            <SimpleData name="Situación">NO</SimpleData>
            <SimpleData name="Comunidad">Ind?gena</SimpleData>
            <SimpleData name="Modelo_imp">Modelo 2</SimpleData>
            <SimpleData name="Departamen">CAAGUAZU</SimpleData>
            <SimpleData name="Distrito">SAN JOAQUIN</SimpleData>
            <SimpleData name="Localidad">COM INDIG SAN JORGE</SimpleData>
            <SimpleData name="Teléfono">0975261889</SimpleData>
            <SimpleData name="Vivienda_L">-25.06768120000</SimpleData>
            <SimpleData name="Vivienda_1">-56.08646010000</SimpleData>
            <SimpleData name="Superficie">0.80000000000</SimpleData>
            <SimpleData name="Situaci_1">Pol?gono</SimpleData>
            <SimpleData name="Plantado">SI</SimpleData>
            <SimpleData name="Plantado_f">2025/10/24</SimpleData>
            <SimpleData name="Jornales">0.00000000000</SimpleData>
            <SimpleData name="Monto">0.00000000000</SimpleData>
            <SimpleData name="Grupo_de_p">D-P1</SimpleData>
            <SimpleData name="Estado_del">Activo</SimpleData>
            <SimpleData name="Empresa">Unique Wood Paraguay SA</SimpleData>
            <SimpleData name="Lote">D</SimpleData>
            <SimpleData name="Parametro">0.80000000000</SimpleData>
            <SimpleData name="Sup_Sig">0.83052013225</SimpleData>
            <SimpleData name="Situacion">Cumple</SimpleData>
            <SimpleData name="X">-56.08679449000</SimpleData>
            <SimpleData name="Y">-25.06690820000</SimpleData>
            <SimpleData name="Shape_Leng">631.87195187400</SimpleData>
            <SimpleData name="Shape_Area">8305.20132252000</SimpleData>
          </SchemaData>
        </ExtendedData>
        <MultiGeometry>
          <Polygon>
            <outerBoundaryIs>
              <LinearRing>
                <coordinates>
                  -56.0862634409887,-25.0674678422955,0
                  -56.0865940362015,-25.0674077339565,0
                  -56.0864096849894,-25.0668865870247,0
                  -56.0861086203956,-25.066981675817,0
                  -56.0862634409887,-25.0674678422955,0
                </coordinates>
              </LinearRing>
            </outerBoundaryIs>
          </Polygon>
          <Polygon>
            <outerBoundaryIs>
              <LinearRing>
                <coordinates>
                  -56.0871999994386,-25.0675117005341,0
                  -56.0872625998629,-25.0666411004152,0
                  -56.0866370003981,-25.0668445013097,0
                  -56.0867519999889,-25.067588399989,0
                  -56.0871999994386,-25.0675117005341,0
                </coordinates>
              </LinearRing>
            </outerBoundaryIs>
          </Polygon>
          <Polygon>
            <outerBoundaryIs>
              <LinearRing>
                <coordinates>
                  -56.0870029238604,-25.0659591441045,0
                  -56.0870318646526,-25.0659514061367,0
                  -56.0870610329377,-25.0659436063501,0
                  -56.0870719007591,-25.0659407004115,0
                  -56.0869698997573,-25.065656399811,0
                  -56.0865578994342,-25.0657472006541,0
                  -56.0865712227092,-25.0657959413396,0
                  -56.0866422002167,-25.0660556000736,0
                  -56.0870029238604,-25.0659591441045,0
                </coordinates>
              </LinearRing>
            </outerBoundaryIs>
          </Polygon>
        </MultiGeometry>
      </Placemark>
      <Placemark id="Lote_D.36">
        <ExtendedData>
          <SchemaData schemaUrl="#Lote_D.schema">
            <SimpleData name="Cédula">5427832.00000000000</SimpleData>
            <SimpleData name="Nombres_y_">FIDELINA  VELAZQUEZ</SimpleData>
            <SimpleData name="Sexo">Mujer</SimpleData>
            <SimpleData name="Cambio_de_">NO</SimpleData>
            <SimpleData name="Titular_se">NO</SimpleData>
            <SimpleData name="ci_UNIF">5427832.00000000000</SimpleData>
            <SimpleData name="Situación">NO</SimpleData>
            <SimpleData name="Comunidad">Campesina</SimpleData>
            <SimpleData name="Modelo_imp">Modelo 1</SimpleData>
            <SimpleData name="Departamen">CAAGUAZU</SimpleData>
            <SimpleData name="Distrito">YH?</SimpleData>
            <SimpleData name="Localidad">SAN RAMON</SimpleData>
            <SimpleData name="Teléfono">984137751</SimpleData>
            <SimpleData name="Vivienda_L">-25.09596180000</SimpleData>
            <SimpleData name="Vivienda_1">-55.97805840000</SimpleData>
            <SimpleData name="Superficie">0.80000000000</SimpleData>
            <SimpleData name="Situaci_1">Pol?gono</SimpleData>
            <SimpleData name="Plantado">SI</SimpleData>
            <SimpleData name="Plantado_f">2025/10/19</SimpleData>
            <SimpleData name="Jornales">0.00000000000</SimpleData>
            <SimpleData name="Monto">0.00000000000</SimpleData>
            <SimpleData name="Grupo_de_p">D-P1</SimpleData>
            <SimpleData name="Estado_del">Activo</SimpleData>
            <SimpleData name="Empresa">Unique Wood Paraguay SA</SimpleData>
            <SimpleData name="Lote">D</SimpleData>
            <SimpleData name="Parametro">0.80000000000</SimpleData>
            <SimpleData name="Sup_Sig">0.91164364661</SimpleData>
            <SimpleData name="Situacion">Cumple</SimpleData>
            <SimpleData name="X">-55.97339677000</SimpleData>
            <SimpleData name="Y">-25.08860668000</SimpleData>
            <SimpleData name="Shape_Leng">395.92576872800</SimpleData>
            <SimpleData name="Shape_Area">9116.43646609000</SimpleData>
          </SchemaData>
        </ExtendedData>
        <Polygon>
          <outerBoundaryIs>
            <LinearRing>
              <coordinates>
                -55.972664700043,-25.0882861997671,0
                -55.973168400157,-25.0890699000803,0
                -55.9741349999017,-25.0889100004309,0
                -55.9736250003858,-25.0881533001569,0
                -55.972664700043,-25.0882861997671,0
              </coordinates>
            </LinearRing>
          </outerBoundaryIs>
        </Polygon>
      </Placemark>
      <Placemark id="Lote_D.37">
        <ExtendedData>
          <SchemaData schemaUrl="#Lote_D.schema">
            <SimpleData name="Cédula">6151804.00000000000</SimpleData>
            <SimpleData name="Nombres_y_">MARIA ERCILIA BOGADO ORTEGA</SimpleData>
            <SimpleData name="Sexo">Mujer</SimpleData>
            <SimpleData name="Cambio_de_">NO</SimpleData>
            <SimpleData name="Titular_se">NO</SimpleData>
            <SimpleData name="ci_UNIF">6151804.00000000000</SimpleData>
            <SimpleData name="Situación">NO</SimpleData>
            <SimpleData name="Comunidad">Campesina</SimpleData>
            <SimpleData name="Modelo_imp">Modelo 5</SimpleData>
            <SimpleData name="Departamen">CAAGUAZU</SimpleData>
            <SimpleData name="Distrito">SAN JOAQUIN</SimpleData>
            <SimpleData name="Localidad">PIRI POTY</SimpleData>
            <SimpleData name="Teléfono">0982545193</SimpleData>
            <SimpleData name="Vivienda_L">-25.05548150000</SimpleData>
            <SimpleData name="Vivienda_1">-56.07506950000</SimpleData>
            <SimpleData name="Superficie">0.70000000000</SimpleData>
            <SimpleData name="Situaci_1">Pol?gono</SimpleData>
            <SimpleData name="Plantado">SI</SimpleData>
            <SimpleData name="Plantado_f">2025/10/24</SimpleData>
            <SimpleData name="Jornales">0.00000000000</SimpleData>
            <SimpleData name="Monto">0.00000000000</SimpleData>
            <SimpleData name="Grupo_de_p">D-P1</SimpleData>
            <SimpleData name="Estado_del">Activo</SimpleData>
            <SimpleData name="Empresa">Unique Wood Paraguay SA</SimpleData>
            <SimpleData name="Lote">D</SimpleData>
            <SimpleData name="Parametro">0.70000000000</SimpleData>
            <SimpleData name="Sup_Sig">0.74813392866</SimpleData>
            <SimpleData name="Situacion">Cumple</SimpleData>
            <SimpleData name="X">-56.07521148000</SimpleData>
            <SimpleData name="Y">-25.06525067000</SimpleData>
            <SimpleData name="Shape_Leng">353.62889700000</SimpleData>
            <SimpleData name="Shape_Area">7481.33928660000</SimpleData>
          </SchemaData>
        </ExtendedData>
        <Polygon>
          <outerBoundaryIs>
            <LinearRing>
              <coordinates>
                -56.0746416992158,-25.064984999798,0
                -56.0747399999878,-25.0655917004278,0
                -56.0758325997245,-25.0655426994732,0
                -56.0755776996031,-25.0648592001546,0
                -56.0746416992158,-25.064984999798,0
              </coordinates>
            </LinearRing>
          </outerBoundaryIs>
        </Polygon>
      </Placemark>
      <Placemark id="Lote_D.38">
        <ExtendedData>
          <SchemaData schemaUrl="#Lote_D.schema">
            <SimpleData name="Cédula">2899392.00000000000</SimpleData>
            <SimpleData name="Nombres_y_">CATALINA TROCHE DE ALCARAZ</SimpleData>
            <SimpleData name="Sexo">Mujer</SimpleData>
            <SimpleData name="Cambio_de_">NO</SimpleData>
            <SimpleData name="Titular_se">NO</SimpleData>
            <SimpleData name="ci_UNIF">2899392.00000000000</SimpleData>
            <SimpleData name="Situación">NO</SimpleData>
            <SimpleData name="Comunidad">Campesina</SimpleData>
            <SimpleData name="Modelo_imp">Modelo 1</SimpleData>
            <SimpleData name="Departamen">CAAGUAZU</SimpleData>
            <SimpleData name="Distrito">SAN JOAQUIN</SimpleData>
            <SimpleData name="Localidad">OLLA RUGUA</SimpleData>
            <SimpleData name="Teléfono">0975492693</SimpleData>
            <SimpleData name="Vivienda_L">-24.93412520000</SimpleData>
            <SimpleData name="Vivienda_1">-56.07804800000</SimpleData>
            <SimpleData name="Superficie">0.80000000000</SimpleData>
            <SimpleData name="Situaci_1">Pol?gono</SimpleData>
            <SimpleData name="Plantado">SI</SimpleData>
            <SimpleData name="Plantado_f">2025/10/13</SimpleData>
            <SimpleData name="Jornales">0.00000000000</SimpleData>
            <SimpleData name="Monto">0.00000000000</SimpleData>
            <SimpleData name="Grupo_de_p">D-P1</SimpleData>
            <SimpleData name="Estado_del">Activo</SimpleData>
            <SimpleData name="Empresa">Unique Wood Paraguay SA</SimpleData>
            <SimpleData name="Lote">D</SimpleData>
            <SimpleData name="Parametro">0.80000000000</SimpleData>
            <SimpleData name="Sup_Sig">0.90568093874</SimpleData>
            <SimpleData name="Situacion">Cumple</SimpleData>
            <SimpleData name="X">-56.07320537000</SimpleData>
            <SimpleData name="Y">-24.92879861000</SimpleData>
            <SimpleData name="Shape_Leng">396.83848868200</SimpleData>
            <SimpleData name="Shape_Area">9056.80938739000</SimpleData>
          </SchemaData>
        </ExtendedData>
        <Polygon>
          <outerBoundaryIs>
            <LinearRing>
              <coordinates>
                -56.0723857000559,-24.928680600102,0
                -56.0730205999715,-24.9292654002062,0
                -56.073986300167,-24.9289450001399,0
                -56.0734457003758,-24.9283235993894,0
                -56.0723857000559,-24.928680600102,0
              </coordinates>
            </LinearRing>
          </outerBoundaryIs>
        </Polygon>
      </Placemark>
      <Placemark id="Lote_D.39">
        <ExtendedData>
          <SchemaData schemaUrl="#Lote_D.schema">
            <SimpleData name="Cédula">6114239.00000000000</SimpleData>
            <SimpleData name="Nombres_y_">LUCILA  ARAUJO GONZALEZ</SimpleData>
            <SimpleData name="Sexo">Mujer</SimpleData>
            <SimpleData name="Cambio_de_">NO</SimpleData>
            <SimpleData name="Titular_se">NO</SimpleData>
            <SimpleData name="ci_UNIF">6114239.00000000000</SimpleData>
            <SimpleData name="Situación">NO</SimpleData>
            <SimpleData name="Comunidad">Campesina</SimpleData>
            <SimpleData name="Modelo_imp">Modelo 1</SimpleData>
            <SimpleData name="Departamen">CAAGUAZU</SimpleData>
            <SimpleData name="Distrito">YH?</SimpleData>
            <SimpleData name="Localidad">JUAN SINFORIANO BOGARIN</SimpleData>
            <SimpleData name="Teléfono">984675860</SimpleData>
            <SimpleData name="Vivienda_L">-25.14744090000</SimpleData>
            <SimpleData name="Vivienda_1">-55.93976260000</SimpleData>
            <SimpleData name="Superficie">0.80000000000</SimpleData>
            <SimpleData name="Situaci_1">Pol?gono</SimpleData>
            <SimpleData name="Plantado">SI</SimpleData>
            <SimpleData name="Plantado_f">2025/10/21</SimpleData>
            <SimpleData name="Jornales">0.00000000000</SimpleData>
            <SimpleData name="Monto">0.00000000000</SimpleData>
            <SimpleData name="Grupo_de_p">D-P1</SimpleData>
            <SimpleData name="Estado_del">Activo</SimpleData>
            <SimpleData name="Empresa">Unique Wood Paraguay SA</SimpleData>
            <SimpleData name="Lote">D</SimpleData>
            <SimpleData name="Parametro">0.80000000000</SimpleData>
            <SimpleData name="Sup_Sig">0.84631677687</SimpleData>
            <SimpleData name="Situacion">Cumple</SimpleData>
            <SimpleData name="X">-55.94034818000</SimpleData>
            <SimpleData name="Y">-25.14326115000</SimpleData>
            <SimpleData name="Shape_Leng">408.90423607600</SimpleData>
            <SimpleData name="Shape_Area">8463.16776873000</SimpleData>
          </SchemaData>
        </ExtendedData>
        <Polygon>
          <outerBoundaryIs>
            <LinearRing>
              <coordinates>
                -55.9395847004686,-25.143439999305,0
                -55.9410658995678,-25.1435982003427,0
                -55.9410547008856,-25.1430496001684,0
                -55.9396456008317,-25.1429439998904,0
                -55.9395847004686,-25.143439999305,0
              </coordinates>
            </LinearRing>
          </outerBoundaryIs>
        </Polygon>
      </Placemark>
      <Placemark id="Lote_D.40">
        <ExtendedData>
          <SchemaData schemaUrl="#Lote_D.schema">
            <SimpleData name="Cédula">5167811.00000000000</SimpleData>
            <SimpleData name="Nombres_y_">ELIZABET  BENITEZ MARTINEZ</SimpleData>
            <SimpleData name="Sexo">Mujer</SimpleData>
            <SimpleData name="Cambio_de_">NO</SimpleData>
            <SimpleData name="Titular_se">NO</SimpleData>
            <SimpleData name="ci_UNIF">5167811.00000000000</SimpleData>
            <SimpleData name="Situación">NO</SimpleData>
            <SimpleData name="Comunidad">Campesina</SimpleData>
            <SimpleData name="Modelo_imp">Modelo 5</SimpleData>
            <SimpleData name="Departamen">CAAGUAZU</SimpleData>
            <SimpleData name="Distrito">YH?</SimpleData>
            <SimpleData name="Localidad">JUKERI</SimpleData>
            <SimpleData name="Teléfono">981535970</SimpleData>
            <SimpleData name="Vivienda_L">-25.14944670000</SimpleData>
            <SimpleData name="Vivienda_1">-55.90745170000</SimpleData>
            <SimpleData name="Superficie">0.70000000000</SimpleData>
            <SimpleData name="Situaci_1">Pol?gono</SimpleData>
            <SimpleData name="Plantado">SI</SimpleData>
            <SimpleData name="Plantado_f">2025/10/22</SimpleData>
            <SimpleData name="Jornales">0.00000000000</SimpleData>
            <SimpleData name="Monto">0.00000000000</SimpleData>
            <SimpleData name="Grupo_de_p">D-P1</SimpleData>
            <SimpleData name="Estado_del">Activo</SimpleData>
            <SimpleData name="Empresa">Unique Wood Paraguay SA</SimpleData>
            <SimpleData name="Lote">D</SimpleData>
            <SimpleData name="Parametro">0.70000000000</SimpleData>
            <SimpleData name="Sup_Sig">0.78196067999</SimpleData>
            <SimpleData name="Situacion">Cumple</SimpleData>
            <SimpleData name="X">-55.90639449000</SimpleData>
            <SimpleData name="Y">-25.14938114000</SimpleData>
            <SimpleData name="Shape_Leng">553.91874955700</SimpleData>
            <SimpleData name="Shape_Area">7819.60679993000</SimpleData>
          </SchemaData>
        </ExtendedData>
        <MultiGeometry>
          <Polygon>
            <outerBoundaryIs>
              <LinearRing>
                <coordinates>
                  -55.9068944988595,-25.1496237004178,0
                  -55.9069024002306,-25.1492232007631,0
                  -55.9059093004192,-25.1491405009745,0
                  -55.9058670989749,-25.1495322003467,0
                  -55.9068944988595,-25.1496237004178,0
                </coordinates>
              </LinearRing>
            </outerBoundaryIs>
          </Polygon>
          <Polygon>
            <outerBoundaryIs>
              <LinearRing>
                <coordinates>
                  -55.8916509993143,-25.1412042012096,0
                  -55.8924337988931,-25.1410488002769,0
                  -55.8924406993287,-25.1406938005541,0
                  -55.8914366988789,-25.1409383007885,0
                  -55.8916509993143,-25.1412042012096,0
                </coordinates>
              </LinearRing>
            </outerBoundaryIs>
          </Polygon>
        </MultiGeometry>
      </Placemark>
      <Placemark id="Lote_D.41">
        <ExtendedData>
          <SchemaData schemaUrl="#Lote_D.schema">
            <SimpleData name="Cédula">5514489.00000000000</SimpleData>
            <SimpleData name="Nombres_y_">MIRNA BEATRIZ RAMOS ROMERO</SimpleData>
            <SimpleData name="Sexo">Mujer</SimpleData>
            <SimpleData name="Cambio_de_">NO</SimpleData>
            <SimpleData name="Titular_se">NO</SimpleData>
            <SimpleData name="ci_UNIF">5514489.00000000000</SimpleData>
            <SimpleData name="Situación">NO</SimpleData>
            <SimpleData name="Comunidad">Campesina</SimpleData>
            <SimpleData name="Modelo_imp">Modelo 3</SimpleData>
            <SimpleData name="Departamen">CAAGUAZU</SimpleData>
            <SimpleData name="Distrito">SAN JOAQUIN</SimpleData>
            <SimpleData name="Localidad">CELANO</SimpleData>
            <SimpleData name="Teléfono">0983445187</SimpleData>
            <SimpleData name="Vivienda_L">-25.14558370000</SimpleData>
            <SimpleData name="Vivienda_1">-56.04342470000</SimpleData>
            <SimpleData name="Superficie">1.00000000000</SimpleData>
            <SimpleData name="Situaci_1">Pol?gono</SimpleData>
            <SimpleData name="Plantado">SI</SimpleData>
            <SimpleData name="Plantado_f">2025/10/31</SimpleData>
            <SimpleData name="Jornales">0.00000000000</SimpleData>
            <SimpleData name="Monto">0.00000000000</SimpleData>
            <SimpleData name="Grupo_de_p">D-P1</SimpleData>
            <SimpleData name="Estado_del">Activo</SimpleData>
            <SimpleData name="Empresa">Unique Wood Paraguay SA</SimpleData>
            <SimpleData name="Lote">D</SimpleData>
            <SimpleData name="Parametro">1.00000000000</SimpleData>
            <SimpleData name="Sup_Sig">1.40473001308</SimpleData>
            <SimpleData name="Situacion">Cumple</SimpleData>
            <SimpleData name="X">-56.04088227000</SimpleData>
            <SimpleData name="Y">-25.14574418000</SimpleData>
            <SimpleData name="Shape_Leng">484.68241114100</SimpleData>
            <SimpleData name="Shape_Area">14047.30013080000</SimpleData>
          </SchemaData>
        </ExtendedData>
        <Polygon>
          <outerBoundaryIs>
            <LinearRing>
              <coordinates>
                -56.0400269997368,-25.1456378001701,0
                -56.0409240993504,-25.1464318002065,0
                -56.0418065005461,-25.1459732004467,0
                -56.0407255992294,-25.1449801000048,0
                -56.0400269997368,-25.1456378001701,0
              </coordinates>
            </LinearRing>
          </outerBoundaryIs>
        </Polygon>
      </Placemark>
      <Placemark id="Lote_D.42">
        <ExtendedData>
          <SchemaData schemaUrl="#Lote_D.schema">
            <SimpleData name="Cédula">6554482.00000000000</SimpleData>
            <SimpleData name="Nombres_y_">MARIA CRISTINA LOPEZ</SimpleData>
            <SimpleData name="Sexo">Mujer</SimpleData>
            <SimpleData name="Cambio_de_">NO</SimpleData>
            <SimpleData name="Titular_se">NO</SimpleData>
            <SimpleData name="ci_UNIF">6554482.00000000000</SimpleData>
            <SimpleData name="Situación">NO</SimpleData>
            <SimpleData name="Comunidad">Campesina</SimpleData>
            <SimpleData name="Modelo_imp">Modelo 1</SimpleData>
            <SimpleData name="Departamen">CAAGUAZU</SimpleData>
            <SimpleData name="Distrito">SAN JOAQUIN</SimpleData>
            <SimpleData name="Localidad">CARPA CUE</SimpleData>
            <SimpleData name="Teléfono">0982217017</SimpleData>
            <SimpleData name="Vivienda_L">-25.12701110000</SimpleData>
            <SimpleData name="Vivienda_1">-56.07573440000</SimpleData>
            <SimpleData name="Superficie">0.80000000000</SimpleData>
            <SimpleData name="Situaci_1">Pol?gono</SimpleData>
            <SimpleData name="Plantado">SI</SimpleData>
            <SimpleData name="Plantado_f">2025/10/02</SimpleData>
            <SimpleData name="Jornales">0.00000000000</SimpleData>
            <SimpleData name="Monto">0.00000000000</SimpleData>
            <SimpleData name="Grupo_de_p">D-P1</SimpleData>
            <SimpleData name="Estado_del">Activo</SimpleData>
            <SimpleData name="Empresa">Unique Wood Paraguay SA</SimpleData>
            <SimpleData name="Lote">D</SimpleData>
            <SimpleData name="Parametro">0.80000000000</SimpleData>
            <SimpleData name="Sup_Sig">0.80180945844</SimpleData>
            <SimpleData name="Situacion">Cumple</SimpleData>
            <SimpleData name="X">-56.08032195000</SimpleData>
            <SimpleData name="Y">-25.12988157000</SimpleData>
            <SimpleData name="Shape_Leng">408.11076514600</SimpleData>
            <SimpleData name="Shape_Area">8018.09458442000</SimpleData>
          </SchemaData>
        </ExtendedData>
        <Polygon>
          <outerBoundaryIs>
            <LinearRing>
              <coordinates>
                -56.0803517000419,-25.130349300231,0
                -56.0805436003103,-25.1305435003871,0
                -56.0808049003476,-25.1303148002238,0
                -56.080533499761,-25.1300295000764,0
                -56.0808760000017,-25.1298176996472,0
                -56.0803187002242,-25.1292963004313,0
                -56.0796649997657,-25.1297850003916,0
                -56.0803517000419,-25.130349300231,0
              </coordinates>
            </LinearRing>
          </outerBoundaryIs>
        </Polygon>
      </Placemark>
      <Placemark id="Lote_D.43">
        <ExtendedData>
          <SchemaData schemaUrl="#Lote_D.schema">
            <SimpleData name="Cédula">4244697.00000000000</SimpleData>
            <SimpleData name="Nombres_y_">RUBEN FLEITAS DIAZ</SimpleData>
            <SimpleData name="Sexo">Hombre</SimpleData>
            <SimpleData name="Cambio_de_">NO</SimpleData>
            <SimpleData name="Titular_se">NO</SimpleData>
            <SimpleData name="ci_UNIF">4244697.00000000000</SimpleData>
            <SimpleData name="Situación">NO</SimpleData>
            <SimpleData name="Comunidad">Campesina</SimpleData>
            <SimpleData name="Modelo_imp">Modelo 5</SimpleData>
            <SimpleData name="Departamen">CAAGUAZU</SimpleData>
            <SimpleData name="Distrito">CARAYAO</SimpleData>
            <SimpleData name="Localidad">ARROYO GUAZU</SimpleData>
            <SimpleData name="Teléfono">0972232657</SimpleData>
            <SimpleData name="Vivienda_L">-25.15074950000</SimpleData>
            <SimpleData name="Vivienda_1">-56.25203160000</SimpleData>
            <SimpleData name="Superficie">0.70000000000</SimpleData>
            <SimpleData name="Situaci_1">Pol?gono</SimpleData>
            <SimpleData name="Plantado">SI</SimpleData>
            <SimpleData name="Plantado_f">2025/11/20</SimpleData>
            <SimpleData name="Jornales">0.00000000000</SimpleData>
            <SimpleData name="Monto">0.00000000000</SimpleData>
            <SimpleData name="Grupo_de_p">D-P1</SimpleData>
            <SimpleData name="Estado_del">Activo</SimpleData>
            <SimpleData name="Empresa">Unique Wood Paraguay SA</SimpleData>
            <SimpleData name="Lote">D</SimpleData>
            <SimpleData name="Parametro">0.70000000000</SimpleData>
            <SimpleData name="Sup_Sig">0.69887244116</SimpleData>
            <SimpleData name="Situacion">Cumple</SimpleData>
            <SimpleData name="X">-56.25216767000</SimpleData>
            <SimpleData name="Y">-25.17127259000</SimpleData>
            <SimpleData name="Shape_Leng">378.27843935100</SimpleData>
            <SimpleData name="Shape_Area">6988.72441157000</SimpleData>
          </SchemaData>
        </ExtendedData>
        <Polygon>
          <outerBoundaryIs>
            <LinearRing>
              <coordinates>
                -56.2517315999833,-25.170789399788,0
                -56.2517817002115,-25.171638100538,0
                -56.2527540002025,-25.1716106997173,0
                -56.2527146996128,-25.171154599356,0
                -56.2523367003298,-25.1712250004643,0
                -56.252184699963,-25.1707864998178,0
                -56.2517315999833,-25.170789399788,0
              </coordinates>
            </LinearRing>
          </outerBoundaryIs>
        </Polygon>
      </Placemark>
      <Placemark id="Lote_D.44">
        <ExtendedData>
          <SchemaData schemaUrl="#Lote_D.schema">
            <SimpleData name="Cédula">5594545.00000000000</SimpleData>
            <SimpleData name="Nombres_y_">LIZ PAOLA VALDEZ CABRERA</SimpleData>
            <SimpleData name="Sexo">Mujer</SimpleData>
            <SimpleData name="Cambio_de_">NO</SimpleData>
            <SimpleData name="Titular_se">NO</SimpleData>
            <SimpleData name="ci_UNIF">5594545.00000000000</SimpleData>
            <SimpleData name="Situación">NO</SimpleData>
            <SimpleData name="Comunidad">Campesina</SimpleData>
            <SimpleData name="Modelo_imp">Modelo 1</SimpleData>
            <SimpleData name="Departamen">CAAGUAZU</SimpleData>
            <SimpleData name="Distrito">SAN JOAQUIN</SimpleData>
            <SimpleData name="Localidad">NOGUEIRA</SimpleData>
            <SimpleData name="Teléfono">0984369089</SimpleData>
            <SimpleData name="Vivienda_L">-25.03841310000</SimpleData>
            <SimpleData name="Vivienda_1">-56.09440170000</SimpleData>
            <SimpleData name="Superficie">0.80000000000</SimpleData>
            <SimpleData name="Situaci_1">Pol?gono</SimpleData>
            <SimpleData name="Plantado">SI</SimpleData>
            <SimpleData name="Plantado_f">2025/10/13</SimpleData>
            <SimpleData name="Jornales">0.00000000000</SimpleData>
            <SimpleData name="Monto">0.00000000000</SimpleData>
            <SimpleData name="Grupo_de_p">D-P1</SimpleData>
            <SimpleData name="Estado_del">Activo</SimpleData>
            <SimpleData name="Empresa">Unique Wood Paraguay SA</SimpleData>
            <SimpleData name="Lote">D</SimpleData>
            <SimpleData name="Parametro">0.80000000000</SimpleData>
            <SimpleData name="Sup_Sig">0.81751934198</SimpleData>
            <SimpleData name="Situacion">Cumple</SimpleData>
            <SimpleData name="X">-56.09835597000</SimpleData>
            <SimpleData name="Y">-25.02879037000</SimpleData>
            <SimpleData name="Shape_Leng">442.11902121600</SimpleData>
            <SimpleData name="Shape_Area">8175.19341976000</SimpleData>
          </SchemaData>
        </ExtendedData>
        <Polygon>
          <outerBoundaryIs>
            <LinearRing>
              <coordinates>
                -56.0977314998224,-25.0293446001783,0
                -56.098138999587,-25.0295755002458,0
                -56.0989566998401,-25.0282350004043,0
                -56.0989816997718,-25.0280482998561,0
                -56.0985205997909,-25.0281501998034,0
                -56.0984276001778,-25.0282187999502,0
                -56.0977314998224,-25.0293446001783,0
              </coordinates>
            </LinearRing>
          </outerBoundaryIs>
        </Polygon>
      </Placemark>
      <Placemark id="Lote_D.45">
        <ExtendedData>
          <SchemaData schemaUrl="#Lote_D.schema">
            <SimpleData name="Cédula">6579048.00000000000</SimpleData>
            <SimpleData name="Nombres_y_">LUZ MARIA ROA RUIZ DIAZ</SimpleData>
            <SimpleData name="Sexo">Mujer</SimpleData>
            <SimpleData name="Cambio_de_">NO</SimpleData>
            <SimpleData name="Titular_se">NO</SimpleData>
            <SimpleData name="ci_UNIF">6579048.00000000000</SimpleData>
            <SimpleData name="Situación">NO</SimpleData>
            <SimpleData name="Comunidad">Ind?gena</SimpleData>
            <SimpleData name="Modelo_imp">Modelo 2</SimpleData>
            <SimpleData name="Departamen">CAAGUAZU</SimpleData>
            <SimpleData name="Distrito">YH?</SimpleData>
            <SimpleData name="Localidad">COM INDIG AMAMBAY ARROYO GUAZU</SimpleData>
            <SimpleData name="Teléfono">0982902626</SimpleData>
            <SimpleData name="Vivienda_L">-24.90121880000</SimpleData>
            <SimpleData name="Vivienda_1">-55.87046240000</SimpleData>
            <SimpleData name="Superficie">0.80000000000</SimpleData>
            <SimpleData name="Situaci_1">Pol?gono</SimpleData>
            <SimpleData name="Plantado">SI</SimpleData>
            <SimpleData name="Plantado_f">2025/10/23</SimpleData>
            <SimpleData name="Jornales">0.00000000000</SimpleData>
            <SimpleData name="Monto">0.00000000000</SimpleData>
            <SimpleData name="Grupo_de_p">D-P1</SimpleData>
            <SimpleData name="Estado_del">Activo</SimpleData>
            <SimpleData name="Empresa">Unique Wood Paraguay SA</SimpleData>
            <SimpleData name="Lote">D</SimpleData>
            <SimpleData name="Parametro">0.80000000000</SimpleData>
            <SimpleData name="Sup_Sig">0.87765162630</SimpleData>
            <SimpleData name="Situacion">Cumple</SimpleData>
            <SimpleData name="X">-55.87071829000</SimpleData>
            <SimpleData name="Y">-24.90090023000</SimpleData>
            <SimpleData name="Shape_Leng">472.13111555500</SimpleData>
            <SimpleData name="Shape_Area">8776.51626301000</SimpleData>
          </SchemaData>
        </ExtendedData>
        <Polygon>
          <outerBoundaryIs>
            <LinearRing>
              <coordinates>
                -55.8705091004393,-24.9015264996956,0
                -55.8709883000092,-24.9019024000568,0
                -55.8709281996645,-24.9001157001932,0
                -55.8704107998945,-24.9001022006752,0
                -55.8705091004393,-24.9015264996956,0
              </coordinates>
            </LinearRing>
          </outerBoundaryIs>
        </Polygon>
      </Placemark>
      <Placemark id="Lote_D.46">
        <ExtendedData>
          <SchemaData schemaUrl="#Lote_D.schema">
            <SimpleData name="Cédula">4470779.00000000000</SimpleData>
            <SimpleData name="Nombres_y_">MARICEL  GOMEZ MARTINEZ</SimpleData>
            <SimpleData name="Sexo">Mujer</SimpleData>
            <SimpleData name="Cambio_de_">NO</SimpleData>
            <SimpleData name="Titular_se">NO</SimpleData>
            <SimpleData name="ci_UNIF">4470779.00000000000</SimpleData>
            <SimpleData name="Situación">NO</SimpleData>
            <SimpleData name="Comunidad">Campesina</SimpleData>
            <SimpleData name="Modelo_imp">Modelo 1</SimpleData>
            <SimpleData name="Departamen">CAAGUAZU</SimpleData>
            <SimpleData name="Distrito">YH?</SimpleData>
            <SimpleData name="Localidad">JUAN SINFORIANO BOGARIN</SimpleData>
            <SimpleData name="Teléfono">981424802</SimpleData>
            <SimpleData name="Vivienda_L">-25.16374390000</SimpleData>
            <SimpleData name="Vivienda_1">-55.93679150000</SimpleData>
            <SimpleData name="Superficie">0.80000000000</SimpleData>
            <SimpleData name="Situaci_1">Pol?gono</SimpleData>
            <SimpleData name="Plantado">SI</SimpleData>
            <SimpleData name="Plantado_f">2025/10/21</SimpleData>
            <SimpleData name="Jornales">0.00000000000</SimpleData>
            <SimpleData name="Monto">0.00000000000</SimpleData>
            <SimpleData name="Grupo_de_p">D-P1</SimpleData>
            <SimpleData name="Estado_del">Activo</SimpleData>
            <SimpleData name="Empresa">Unique Wood Paraguay SA</SimpleData>
            <SimpleData name="Lote">D</SimpleData>
            <SimpleData name="Parametro">0.80000000000</SimpleData>
            <SimpleData name="Sup_Sig">0.87739744917</SimpleData>
            <SimpleData name="Situacion">Cumple</SimpleData>
            <SimpleData name="X">-55.93352497000</SimpleData>
            <SimpleData name="Y">-25.16356257000</SimpleData>
            <SimpleData name="Shape_Leng">593.66746364900</SimpleData>
            <SimpleData name="Shape_Area">8773.97449169000</SimpleData>
          </SchemaData>
        </ExtendedData>
        <MultiGeometry>
          <Polygon>
            <outerBoundaryIs>
              <LinearRing>
                <coordinates>
                  -55.9286137997809,-25.1646683015293,0
                  -55.9286730995992,-25.1637863996722,0
                  -55.928265599392,-25.1637530998568,0
                  -55.9281870993723,-25.1646222007767,0
                  -55.9286137997809,-25.1646683015293,0
                </coordinates>
              </LinearRing>
            </outerBoundaryIs>
          </Polygon>
          <Polygon>
            <outerBoundaryIs>
              <LinearRing>
                <coordinates>
                  -55.9340939996611,-25.1638061992617,0
                  -55.9341310993402,-25.1634677001717,0
                  -55.9329696998124,-25.1633027005689,0
                  -55.9329448992573,-25.1636803006647,0
                  -55.9340939996611,-25.1638061992617,0
                </coordinates>
              </LinearRing>
            </outerBoundaryIs>
          </Polygon>
        </MultiGeometry>
      </Placemark>
      <Placemark id="Lote_D.47">
        <ExtendedData>
          <SchemaData schemaUrl="#Lote_D.schema">
            <SimpleData name="Cédula">7539972.00000000000</SimpleData>
            <SimpleData name="Nombres_y_">LORENA MEDINA MARTINEZ</SimpleData>
            <SimpleData name="Sexo">Mujer</SimpleData>
            <SimpleData name="Cambio_de_">NO</SimpleData>
            <SimpleData name="Titular_se">NO</SimpleData>
            <SimpleData name="ci_UNIF">7539972.00000000000</SimpleData>
            <SimpleData name="Situación">NO</SimpleData>
            <SimpleData name="Comunidad">Ind?gena</SimpleData>
            <SimpleData name="Modelo_imp">Modelo 4</SimpleData>
            <SimpleData name="Departamen">CAAGUAZU</SimpleData>
            <SimpleData name="Distrito">SAN JOAQUIN</SimpleData>
            <SimpleData name="Localidad">COM INDIG TEKOHA MIRI</SimpleData>
            <SimpleData name="Teléfono">0981192883</SimpleData>
            <SimpleData name="Vivienda_L">-25.10434750000</SimpleData>
            <SimpleData name="Vivienda_1">-56.01938700000</SimpleData>
            <SimpleData name="Superficie">0.70000000000</SimpleData>
            <SimpleData name="Situaci_1">Par?metro</SimpleData>
            <SimpleData name="Plantado">SI</SimpleData>
            <SimpleData name="Plantado_f">2025/11/25</SimpleData>
            <SimpleData name="Jornales">0.00000000000</SimpleData>
            <SimpleData name="Monto">0.00000000000</SimpleData>
            <SimpleData name="Grupo_de_p">D-P1</SimpleData>
            <SimpleData name="Estado_del">Activo</SimpleData>
            <SimpleData name="Empresa">Unique Wood Paraguay SA</SimpleData>
            <SimpleData name="Lote">D</SimpleData>
            <SimpleData name="Parametro">0.70000000000</SimpleData>
            <SimpleData name="Sup_Sig">0.74314677944</SimpleData>
            <SimpleData name="Situacion">Cumple</SimpleData>
            <SimpleData name="X">-56.02020812000</SimpleData>
            <SimpleData name="Y">-25.10423027000</SimpleData>
            <SimpleData name="Shape_Leng">348.65289844100</SimpleData>
            <SimpleData name="Shape_Area">7431.46779438000</SimpleData>
          </SchemaData>
        </ExtendedData>
        <Polygon>
          <outerBoundaryIs>
            <LinearRing>
              <coordinates>
                -56.019580600161,-25.1039389998045,0
                -56.0200000001658,-25.1046667003953,0
                -56.020710299656,-25.1045698001666,0
                -56.0206497000429,-25.1040196998452,0
                -56.0205448001317,-25.1039907996983,0
                -56.0204874996948,-25.103813700081,0
                -56.019580600161,-25.1039389998045,0
              </coordinates>
            </LinearRing>
          </outerBoundaryIs>
        </Polygon>
      </Placemark>
      <Placemark id="Lote_D.48">
        <ExtendedData>
          <SchemaData schemaUrl="#Lote_D.schema">
            <SimpleData name="Cédula">6636995.00000000000</SimpleData>
            <SimpleData name="Nombres_y_">FATIMA VERA SOSA</SimpleData>
            <SimpleData name="Sexo">Mujer</SimpleData>
            <SimpleData name="Cambio_de_">NO</SimpleData>
            <SimpleData name="Titular_se">NO</SimpleData>
            <SimpleData name="ci_UNIF">6636995.00000000000</SimpleData>
            <SimpleData name="Situación">NO</SimpleData>
            <SimpleData name="Comunidad">Ind?gena</SimpleData>
            <SimpleData name="Modelo_imp">Modelo 1</SimpleData>
            <SimpleData name="Departamen">CAAGUAZU</SimpleData>
            <SimpleData name="Distrito">YH?</SimpleData>
            <SimpleData name="Localidad">COM INDIG AMAMBAY ARROYO GUAZU</SimpleData>
            <SimpleData name="Teléfono">0982018652</SimpleData>
            <SimpleData name="Vivienda_L">-24.89754360000</SimpleData>
            <SimpleData name="Vivienda_1">-55.85445700000</SimpleData>
            <SimpleData name="Superficie">0.80000000000</SimpleData>
            <SimpleData name="Situaci_1">Pol?gono</SimpleData>
            <SimpleData name="Plantado">SI</SimpleData>
            <SimpleData name="Plantado_f">2025/10/23</SimpleData>
            <SimpleData name="Jornales">0.00000000000</SimpleData>
            <SimpleData name="Monto">0.00000000000</SimpleData>
            <SimpleData name="Grupo_de_p">D-P1</SimpleData>
            <SimpleData name="Estado_del">Activo</SimpleData>
            <SimpleData name="Empresa">Unique Wood Paraguay SA</SimpleData>
            <SimpleData name="Lote">D</SimpleData>
            <SimpleData name="Parametro">0.80000000000</SimpleData>
            <SimpleData name="Sup_Sig">1.03748886504</SimpleData>
            <SimpleData name="Situacion">Cumple</SimpleData>
            <SimpleData name="X">-55.86300883000</SimpleData>
            <SimpleData name="Y">-24.90541993000</SimpleData>
            <SimpleData name="Shape_Leng">496.90566111900</SimpleData>
            <SimpleData name="Shape_Area">10374.88865040000</SimpleData>
          </SchemaData>
        </ExtendedData>
        <Polygon>
          <outerBoundaryIs>
            <LinearRing>
              <coordinates>
                -55.8623371130344,-24.9047719469385,0
                -55.8631282003249,-24.906186100399,0
                -55.8631019960851,-24.9062064187468,0
                -55.8631132001433,-24.906226299824,0
                -55.8632800995153,-24.9061497003233,0
                -55.8634180999356,-24.9062584001157,0
                -55.8636811999996,-24.9060469993385,0
                -55.8627999997468,-24.9045449999726,0
                -55.8627995002304,-24.9045469999328,0
                -55.8627950003106,-24.9045417002023,0
                -55.8623371130344,-24.9047719469385,0
              </coordinates>
            </LinearRing>
          </outerBoundaryIs>
        </Polygon>
      </Placemark>
      <Placemark id="Lote_D.49">
        <ExtendedData>
          <SchemaData schemaUrl="#Lote_D.schema">
            <SimpleData name="Cédula">3859046.00000000000</SimpleData>
            <SimpleData name="Nombres_y_">ALBINO CANDIA PAREDES</SimpleData>
            <SimpleData name="Sexo">Hombre</SimpleData>
            <SimpleData name="Cambio_de_">NO</SimpleData>
            <SimpleData name="Titular_se">NO</SimpleData>
            <SimpleData name="ci_UNIF">3859046.00000000000</SimpleData>
            <SimpleData name="Situación">NO</SimpleData>
            <SimpleData name="Comunidad">Campesina</SimpleData>
            <SimpleData name="Modelo_imp">Modelo 1</SimpleData>
            <SimpleData name="Departamen">CAAGUAZU</SimpleData>
            <SimpleData name="Distrito">CARAYAO</SimpleData>
            <SimpleData name="Localidad">SANTA MAGDALENA</SimpleData>
            <SimpleData name="Teléfono">0986758133</SimpleData>
            <SimpleData name="Vivienda_L">-25.15980720000</SimpleData>
            <SimpleData name="Vivienda_1">-56.26210080000</SimpleData>
            <SimpleData name="Superficie">0.80000000000</SimpleData>
            <SimpleData name="Situaci_1">Pol?gono</SimpleData>
            <SimpleData name="Plantado">SI</SimpleData>
            <SimpleData name="Plantado_f">2025/11/22</SimpleData>
            <SimpleData name="Jornales">0.00000000000</SimpleData>
            <SimpleData name="Monto">0.00000000000</SimpleData>
            <SimpleData name="Grupo_de_p">D-P1</SimpleData>
            <SimpleData name="Estado_del">Activo</SimpleData>
            <SimpleData name="Empresa">Unique Wood Paraguay SA</SimpleData>
            <SimpleData name="Lote">D</SimpleData>
            <SimpleData name="Parametro">0.80000000000</SimpleData>
            <SimpleData name="Sup_Sig">1.03976569972</SimpleData>
            <SimpleData name="Situacion">Cumple</SimpleData>
            <SimpleData name="X">-56.26650270000</SimpleData>
            <SimpleData name="Y">-25.15918969000</SimpleData>
            <SimpleData name="Shape_Leng">411.38684580000</SimpleData>
            <SimpleData name="Shape_Area">10397.65699720000</SimpleData>
          </SchemaData>
        </ExtendedData>
        <Polygon>
          <outerBoundaryIs>
            <LinearRing>
              <coordinates>
                -56.2659526001793,-25.1587425001859,0
                -56.2661716998155,-25.1597652998886,0
                -56.26706649994,-25.1596326996694,0
                -56.2668150006047,-25.1586067001785,0
                -56.2659526001793,-25.1587425001859,0
              </coordinates>
            </LinearRing>
          </outerBoundaryIs>
        </Polygon>
      </Placemark>
      <Placemark id="Lote_D.50">
        <ExtendedData>
          <SchemaData schemaUrl="#Lote_D.schema">
            <SimpleData name="Cédula">6175654.00000000000</SimpleData>
            <SimpleData name="Nombres_y_">MARISA FAGI MBEPEGI MIRANDA</SimpleData>
            <SimpleData name="Sexo">Mujer</SimpleData>
            <SimpleData name="Cambio_de_">NO</SimpleData>
            <SimpleData name="Titular_se">NO</SimpleData>
            <SimpleData name="ci_UNIF">6175654.00000000000</SimpleData>
            <SimpleData name="Situación">NO</SimpleData>
            <SimpleData name="Comunidad">Ind?gena</SimpleData>
            <SimpleData name="Modelo_imp">Modelo 1</SimpleData>
            <SimpleData name="Departamen">CAAGUAZU</SimpleData>
            <SimpleData name="Distrito">SAN JOAQUIN</SimpleData>
            <SimpleData name="Localidad">COM INDIG CERRO MOROTI</SimpleData>
            <SimpleData name="Teléfono">0987103905</SimpleData>
            <SimpleData name="Vivienda_L">-25.01909930000</SimpleData>
            <SimpleData name="Vivienda_1">-56.14207980000</SimpleData>
            <SimpleData name="Superficie">0.80000000000</SimpleData>
            <SimpleData name="Situaci_1">Pol?gono</SimpleData>
            <SimpleData name="Plantado">SI</SimpleData>
            <SimpleData name="Plantado_f">2025/10/07</SimpleData>
            <SimpleData name="Jornales">0.00000000000</SimpleData>
            <SimpleData name="Monto">0.00000000000</SimpleData>
            <SimpleData name="Grupo_de_p">D-P1</SimpleData>
            <SimpleData name="Estado_del">Activo</SimpleData>
            <SimpleData name="Empresa">Unique Wood Paraguay SA</SimpleData>
            <SimpleData name="Lote">D</SimpleData>
            <SimpleData name="Parametro">0.80000000000</SimpleData>
            <SimpleData name="Sup_Sig">0.97342189137</SimpleData>
            <SimpleData name="Situacion">Cumple</SimpleData>
            <SimpleData name="X">-56.14362614000</SimpleData>
            <SimpleData name="Y">-25.01452552000</SimpleData>
            <SimpleData name="Shape_Leng">439.65167721900</SimpleData>
            <SimpleData name="Shape_Area">9734.21891373000</SimpleData>
          </SchemaData>
        </ExtendedData>
        <Polygon>
          <outerBoundaryIs>
            <LinearRing>
              <coordinates>
                -56.1433825054152,-25.0151979094575,0
                -56.1435895755584,-25.0151980132123,0
                -56.1436303001989,-25.015098999829,0
                -56.1437750994654,-25.0151063997485,0
                -56.1438527000968,-25.0151699006097,0
                -56.1440428001335,-25.0151900998467,0
                -56.1440546995254,-25.0146006000699,0
                -56.1439523004047,-25.0143982004898,0
                -56.1438486006214,-25.0141668996108,0
                -56.1436194997207,-25.0137796001666,0
                -56.1432159008583,-25.0138027996426,0
                -56.1433825054152,-25.0151979094575,0
              </coordinates>
            </LinearRing>
          </outerBoundaryIs>
        </Polygon>
      </Placemark>
      <Placemark id="Lote_D.51">
        <ExtendedData>
          <SchemaData schemaUrl="#Lote_D.schema">
            <SimpleData name="Cédula">2890099.00000000000</SimpleData>
            <SimpleData name="Nombres_y_">SIXTO  BAZQUEZ</SimpleData>
            <SimpleData name="Sexo">Hombre</SimpleData>
            <SimpleData name="Cambio_de_">NO</SimpleData>
            <SimpleData name="Titular_se">NO</SimpleData>
            <SimpleData name="ci_UNIF">2890099.00000000000</SimpleData>
            <SimpleData name="Situación">NO</SimpleData>
            <SimpleData name="Comunidad">Campesina</SimpleData>
            <SimpleData name="Modelo_imp">Modelo 5</SimpleData>
            <SimpleData name="Departamen">CAAGUAZU</SimpleData>
            <SimpleData name="Distrito">SAN JOAQUIN</SimpleData>
            <SimpleData name="Localidad">PIRI POTY</SimpleData>
            <SimpleData name="Teléfono">984812163</SimpleData>
            <SimpleData name="Vivienda_L">-25.03041500000</SimpleData>
            <SimpleData name="Vivienda_1">-56.05536170000</SimpleData>
            <SimpleData name="Superficie">0.70000000000</SimpleData>
            <SimpleData name="Situaci_1">Pol?gono</SimpleData>
            <SimpleData name="Plantado">SI</SimpleData>
            <SimpleData name="Plantado_f">2025/10/29</SimpleData>
            <SimpleData name="Jornales">0.00000000000</SimpleData>
            <SimpleData name="Monto">0.00000000000</SimpleData>
            <SimpleData name="Grupo_de_p">D-P1</SimpleData>
            <SimpleData name="Estado_del">Activo</SimpleData>
            <SimpleData name="Empresa">Unique Wood Paraguay SA</SimpleData>
            <SimpleData name="Lote">D</SimpleData>
            <SimpleData name="Parametro">0.70000000000</SimpleData>
            <SimpleData name="Sup_Sig">0.74890190726</SimpleData>
            <SimpleData name="Situacion">Cumple</SimpleData>
            <SimpleData name="X">-56.05494960000</SimpleData>
            <SimpleData name="Y">-25.02845851000</SimpleData>
            <SimpleData name="Shape_Leng">356.39118091800</SimpleData>
            <SimpleData name="Shape_Area">7489.01907260000</SimpleData>
          </SchemaData>
        </ExtendedData>
        <Polygon>
          <outerBoundaryIs>
            <LinearRing>
              <coordinates>
                -56.0545530995062,-25.0283079998892,0
                -56.054681800075,-25.028999799777,0
                -56.0553847559046,-25.0288710637735,0
                -56.0551618003059,-25.0278986999594,0
                -56.0546746993414,-25.0279219006124,0
                -56.0546804998432,-25.0281565004062,0
                -56.0545530995062,-25.0283079998892,0
              </coordinates>
            </LinearRing>
          </outerBoundaryIs>
        </Polygon>
      </Placemark>
      <Placemark id="Lote_D.52">
        <ExtendedData>
          <SchemaData schemaUrl="#Lote_D.schema">
            <SimpleData name="Cédula">5338468.00000000000</SimpleData>
            <SimpleData name="Nombres_y_">ALICE NOEMI GUTIERREZ LOPEZ</SimpleData>
            <SimpleData name="Sexo">Mujer</SimpleData>
            <SimpleData name="Cambio_de_">NO</SimpleData>
            <SimpleData name="Titular_se">NO</SimpleData>
            <SimpleData name="ci_UNIF">5338468.00000000000</SimpleData>
            <SimpleData name="Situación">NO</SimpleData>
            <SimpleData name="Comunidad">Campesina</SimpleData>
            <SimpleData name="Modelo_imp">Modelo 5</SimpleData>
            <SimpleData name="Departamen">CAAGUAZU</SimpleData>
            <SimpleData name="Distrito">CARAYAO</SimpleData>
            <SimpleData name="Localidad">CALLE 14 MIL</SimpleData>
            <SimpleData name="Teléfono">0975316686</SimpleData>
            <SimpleData name="Vivienda_L">-25.18977840000</SimpleData>
            <SimpleData name="Vivienda_1">-56.24682510000</SimpleData>
            <SimpleData name="Superficie">0.70000000000</SimpleData>
            <SimpleData name="Situaci_1">Pol?gono</SimpleData>
            <SimpleData name="Plantado">SI</SimpleData>
            <SimpleData name="Plantado_f">2025/11/22</SimpleData>
            <SimpleData name="Jornales">0.00000000000</SimpleData>
            <SimpleData name="Monto">0.00000000000</SimpleData>
            <SimpleData name="Grupo_de_p">D-P1</SimpleData>
            <SimpleData name="Estado_del">Activo</SimpleData>
            <SimpleData name="Empresa">Unique Wood Paraguay SA</SimpleData>
            <SimpleData name="Lote">D</SimpleData>
            <SimpleData name="Parametro">0.70000000000</SimpleData>
            <SimpleData name="Sup_Sig">0.75975965783</SimpleData>
            <SimpleData name="Situacion">Cumple</SimpleData>
            <SimpleData name="X">-56.24583173000</SimpleData>
            <SimpleData name="Y">-25.18657658000</SimpleData>
            <SimpleData name="Shape_Leng">617.71960708000</SimpleData>
            <SimpleData name="Shape_Area">7597.59657827000</SimpleData>
          </SchemaData>
        </ExtendedData>
        <MultiGeometry>
          <Polygon>
            <outerBoundaryIs>
              <LinearRing>
                <coordinates>
                  -56.2466697993186,-25.1886862006591,0
                  -56.2471440004093,-25.1886195006448,0
                  -56.2470514998539,-25.1882594995804,0
                  -56.2466222002078,-25.1883476999015,0
                  -56.2466697993186,-25.1886862006591,0
                </coordinates>
              </LinearRing>
            </outerBoundaryIs>
          </Polygon>
          <Polygon>
            <outerBoundaryIs>
              <LinearRing>
                <coordinates>
                  -56.2475025995251,-25.1881989993516,0
                  -56.2474943996654,-25.1877606003331,0
                  -56.2470729002873,-25.1877992993028,0
                  -56.2471697003567,-25.1882574001136,0
                  -56.2475025995251,-25.1881989993516,0
                </coordinates>
              </LinearRing>
            </outerBoundaryIs>
          </Polygon>
          <Polygon>
            <outerBoundaryIs>
              <LinearRing>
                <coordinates>
                  -56.2462922007884,-25.1867413002553,0
                  -56.2463081006472,-25.186383200016,0
                  -56.2453767003718,-25.186395400637,0
                  -56.2453785999415,-25.1867880008029,0
                  -56.2462922007884,-25.1867413002553,0
                </coordinates>
              </LinearRing>
            </outerBoundaryIs>
          </Polygon>
        </MultiGeometry>
      </Placemark>
      <Placemark id="Lote_D.53">
        <ExtendedData>
          <SchemaData schemaUrl="#Lote_D.schema">
            <SimpleData name="Cédula">5960989.00000000000</SimpleData>
            <SimpleData name="Nombres_y_">KARINA MABEL ALVARENGA ESCOBAR</SimpleData>
            <SimpleData name="Sexo">Mujer</SimpleData>
            <SimpleData name="Cambio_de_">NO</SimpleData>
            <SimpleData name="Titular_se">NO</SimpleData>
            <SimpleData name="ci_UNIF">5960989.00000000000</SimpleData>
            <SimpleData name="Situación">NO</SimpleData>
            <SimpleData name="Comunidad">Campesina</SimpleData>
            <SimpleData name="Modelo_imp">Modelo 1</SimpleData>
            <SimpleData name="Departamen">CAAGUAZU</SimpleData>
            <SimpleData name="Distrito">SAN JOAQUIN</SimpleData>
            <SimpleData name="Localidad">SANTO DOMINGO</SimpleData>
            <SimpleData name="Teléfono">0984421869</SimpleData>
            <SimpleData name="Vivienda_L">-25.08252380000</SimpleData>
            <SimpleData name="Vivienda_1">-56.06052410000</SimpleData>
            <SimpleData name="Superficie">0.80000000000</SimpleData>
            <SimpleData name="Situaci_1">Pol?gono</SimpleData>
            <SimpleData name="Plantado">SI</SimpleData>
            <SimpleData name="Plantado_f">2025/10/11</SimpleData>
            <SimpleData name="Jornales">0.00000000000</SimpleData>
            <SimpleData name="Monto">0.00000000000</SimpleData>
            <SimpleData name="Grupo_de_p">D-P1</SimpleData>
            <SimpleData name="Estado_del">Activo</SimpleData>
            <SimpleData name="Empresa">Unique Wood Paraguay SA</SimpleData>
            <SimpleData name="Lote">D</SimpleData>
            <SimpleData name="Parametro">0.80000000000</SimpleData>
            <SimpleData name="Sup_Sig">0.91660012502</SimpleData>
            <SimpleData name="Situacion">Cumple</SimpleData>
            <SimpleData name="X">-56.06131714000</SimpleData>
            <SimpleData name="Y">-25.08348787000</SimpleData>
            <SimpleData name="Shape_Leng">573.92159728700</SimpleData>
            <SimpleData name="Shape_Area">9166.00125019000</SimpleData>
          </SchemaData>
        </ExtendedData>
        <MultiGeometry>
          <Polygon>
            <outerBoundaryIs>
              <LinearRing>
                <coordinates>
                  -56.0654971004693,-25.0898291005037,0
                  -56.0659011002289,-25.0895457996907,0
                  -56.0654654004554,-25.0889139004573,0
                  -56.065014800444,-25.089162800275,0
                  -56.0654971004693,-25.0898291005037,0
                </coordinates>
              </LinearRing>
            </outerBoundaryIs>
          </Polygon>
          <Polygon>
            <outerBoundaryIs>
              <LinearRing>
                <coordinates>
                  -56.0614133003652,-25.083998199905,0
                  -56.0617798999149,-25.0837692004272,0
                  -56.0612353000429,-25.082986700089,0
                  -56.0608471001815,-25.0832011999263,0
                  -56.0614133003652,-25.083998199905,0
                </coordinates>
              </LinearRing>
            </outerBoundaryIs>
          </Polygon>
        </MultiGeometry>
      </Placemark>
      <Placemark id="Lote_D.54">
        <ExtendedData>
          <SchemaData schemaUrl="#Lote_D.schema">
            <SimpleData name="Cédula">2867019.00000000000</SimpleData>
            <SimpleData name="Nombres_y_">CATALINO ROA</SimpleData>
            <SimpleData name="Sexo">Hombre</SimpleData>
            <SimpleData name="Cambio_de_">NO</SimpleData>
            <SimpleData name="Titular_se">NO</SimpleData>
            <SimpleData name="ci_UNIF">2867019.00000000000</SimpleData>
            <SimpleData name="Situación">NO</SimpleData>
            <SimpleData name="Comunidad">Ind?gena</SimpleData>
            <SimpleData name="Modelo_imp">Modelo 4</SimpleData>
            <SimpleData name="Departamen">CAAGUAZU</SimpleData>
            <SimpleData name="Distrito">YH?</SimpleData>
            <SimpleData name="Localidad">COM INDIG AMAMBAY ARROYO GUAZU</SimpleData>
            <SimpleData name="Teléfono">0982902626</SimpleData>
            <SimpleData name="Vivienda_L">-24.90107830000</SimpleData>
            <SimpleData name="Vivienda_1">-55.87029670000</SimpleData>
            <SimpleData name="Superficie">0.70000000000</SimpleData>
            <SimpleData name="Situaci_1">Pol?gono</SimpleData>
            <SimpleData name="Plantado">SI</SimpleData>
            <SimpleData name="Plantado_f">2025/10/31</SimpleData>
            <SimpleData name="Jornales">0.00000000000</SimpleData>
            <SimpleData name="Monto">0.00000000000</SimpleData>
            <SimpleData name="Grupo_de_p">D-P1</SimpleData>
            <SimpleData name="Estado_del">Activo</SimpleData>
            <SimpleData name="Empresa">Unique Wood Paraguay SA</SimpleData>
            <SimpleData name="Lote">D</SimpleData>
            <SimpleData name="Parametro">0.70000000000</SimpleData>
            <SimpleData name="Sup_Sig">0.85056003049</SimpleData>
            <SimpleData name="Situacion">Cumple</SimpleData>
            <SimpleData name="X">-55.86520547000</SimpleData>
            <SimpleData name="Y">-24.89917520000</SimpleData>
            <SimpleData name="Shape_Leng">403.75813016300</SimpleData>
            <SimpleData name="Shape_Area">8505.60030487000</SimpleData>
          </SchemaData>
        </ExtendedData>
        <Polygon>
          <outerBoundaryIs>
            <LinearRing>
              <coordinates>
                -55.8645249994411,-24.898782500258,0
                -55.8650475003184,-24.8996128000267,0
                -55.8659234002247,-24.8995798001425,0
                -55.8659635005608,-24.8993553999501,0
                -55.8657086000148,-24.8992833996309,0
                -55.8650431003579,-24.8986022004723,0
                -55.8645249994411,-24.898782500258,0
              </coordinates>
            </LinearRing>
          </outerBoundaryIs>
        </Polygon>
      </Placemark>
      <Placemark id="Lote_D.55">
        <ExtendedData>
          <SchemaData schemaUrl="#Lote_D.schema">
            <SimpleData name="Cédula">5519526.00000000000</SimpleData>
            <SimpleData name="Nombres_y_">GLORIA ESTER ORQUIOLA DE FLECHA</SimpleData>
            <SimpleData name="Sexo">Mujer</SimpleData>
            <SimpleData name="Cambio_de_">NO</SimpleData>
            <SimpleData name="Titular_se">NO</SimpleData>
            <SimpleData name="ci_UNIF">5519526.00000000000</SimpleData>
            <SimpleData name="Situación">NO</SimpleData>
            <SimpleData name="Comunidad">Campesina</SimpleData>
            <SimpleData name="Modelo_imp">Modelo 5</SimpleData>
            <SimpleData name="Departamen">CAAGUAZU</SimpleData>
            <SimpleData name="Distrito">SAN JOAQUIN</SimpleData>
            <SimpleData name="Localidad">PIRI POTY</SimpleData>
            <SimpleData name="Teléfono">0983702430</SimpleData>
            <SimpleData name="Vivienda_L">-25.04981090000</SimpleData>
            <SimpleData name="Vivienda_1">-56.06620070000</SimpleData>
            <SimpleData name="Superficie">0.70000000000</SimpleData>
            <SimpleData name="Situaci_1">Pol?gono</SimpleData>
            <SimpleData name="Plantado">SI</SimpleData>
            <SimpleData name="Plantado_f">2025/10/24</SimpleData>
            <SimpleData name="Jornales">0.00000000000</SimpleData>
            <SimpleData name="Monto">0.00000000000</SimpleData>
            <SimpleData name="Grupo_de_p">D-P1</SimpleData>
            <SimpleData name="Estado_del">Activo</SimpleData>
            <SimpleData name="Empresa">Unique Wood Paraguay SA</SimpleData>
            <SimpleData name="Lote">D</SimpleData>
            <SimpleData name="Parametro">0.70000000000</SimpleData>
            <SimpleData name="Sup_Sig">0.73500454236</SimpleData>
            <SimpleData name="Situacion">Cumple</SimpleData>
            <SimpleData name="X">-56.06889237000</SimpleData>
            <SimpleData name="Y">-25.04980885000</SimpleData>
            <SimpleData name="Shape_Leng">512.64353228000</SimpleData>
            <SimpleData name="Shape_Area">7350.04542359000</SimpleData>
          </SchemaData>
        </ExtendedData>
        <MultiGeometry>
          <Polygon>
            <outerBoundaryIs>
              <LinearRing>
                <coordinates>
                  -56.0659035001704,-25.0507460998809,0
                  -56.0663142990367,-25.0506626000468,0
                  -56.0661244991069,-25.0501325002067,0
                  -56.0660088986406,-25.050087200006,0
                  -56.0659306999859,-25.0499370010681,0
                  -56.0656988002396,-25.0500054999719,0
                  -56.0659035001704,-25.0507460998809,0
                </coordinates>
              </LinearRing>
            </outerBoundaryIs>
          </Polygon>
          <Polygon>
            <outerBoundaryIs>
              <LinearRing>
                <coordinates>
                  -56.0686136986061,-25.0501858002302,0
                  -56.0691263006076,-25.0501816006795,0
                  -56.0691581990664,-25.0494617004093,0
                  -56.0686901990789,-25.04938750093,0
                  -56.0686136986061,-25.0501858002302,0
                </coordinates>
              </LinearRing>
            </outerBoundaryIs>
          </Polygon>
        </MultiGeometry>
      </Placemark>
      <Placemark id="Lote_D.56">
        <ExtendedData>
          <SchemaData schemaUrl="#Lote_D.schema">
            <SimpleData name="Cédula">7159493.00000000000</SimpleData>
            <SimpleData name="Nombres_y_">VERONICA  GIMENEZ MERELES</SimpleData>
            <SimpleData name="Sexo">Mujer</SimpleData>
            <SimpleData name="Cambio_de_">NO</SimpleData>
            <SimpleData name="Titular_se">NO</SimpleData>
            <SimpleData name="ci_UNIF">7159493.00000000000</SimpleData>
            <SimpleData name="Situación">NO</SimpleData>
            <SimpleData name="Comunidad">Campesina</SimpleData>
            <SimpleData name="Modelo_imp">Modelo 5</SimpleData>
            <SimpleData name="Departamen">CAAGUAZU</SimpleData>
            <SimpleData name="Distrito">YH?</SimpleData>
            <SimpleData name="Localidad">CA?ADITA</SimpleData>
            <SimpleData name="Teléfono">981082052</SimpleData>
            <SimpleData name="Vivienda_L">-25.17418500000</SimpleData>
            <SimpleData name="Vivienda_1">-55.91607000000</SimpleData>
            <SimpleData name="Superficie">0.70000000000</SimpleData>
            <SimpleData name="Situaci_1">Pol?gono</SimpleData>
            <SimpleData name="Plantado">SI</SimpleData>
            <SimpleData name="Plantado_f">2025/10/22</SimpleData>
            <SimpleData name="Jornales">0.00000000000</SimpleData>
            <SimpleData name="Monto">0.00000000000</SimpleData>
            <SimpleData name="Grupo_de_p">D-P1</SimpleData>
            <SimpleData name="Estado_del">Activo</SimpleData>
            <SimpleData name="Empresa">Unique Wood Paraguay SA</SimpleData>
            <SimpleData name="Lote">D</SimpleData>
            <SimpleData name="Parametro">0.70000000000</SimpleData>
            <SimpleData name="Sup_Sig">0.72689719899</SimpleData>
            <SimpleData name="Situacion">Cumple</SimpleData>
            <SimpleData name="X">-55.90746331000</SimpleData>
            <SimpleData name="Y">-25.17474081000</SimpleData>
            <SimpleData name="Shape_Leng">498.28257253800</SimpleData>
            <SimpleData name="Shape_Area">7268.97198988000</SimpleData>
          </SchemaData>
        </ExtendedData>
        <MultiGeometry>
          <Polygon>
            <outerBoundaryIs>
              <LinearRing>
                <coordinates>
                  -55.9079788996629,-25.1749986001174,0
                  -55.9079664001035,-25.1745332000684,0
                  -55.9068734998414,-25.1745112998175,0
                  -55.9068815998241,-25.1746467997776,0
                  -55.9069802000261,-25.1747453002476,0
                  -55.907000999951,-25.1749416999252,0
                  -55.9079788996629,-25.1749986001174,0
                </coordinates>
              </LinearRing>
            </outerBoundaryIs>
          </Polygon>
          <Polygon>
            <outerBoundaryIs>
              <LinearRing>
                <coordinates>
                  -55.9174977999596,-25.1710799999241,0
                  -55.917488699634,-25.1706714004472,0
                  -55.9169990004672,-25.1706395998678,0
                  -55.9170346999282,-25.1710405000647,0
                  -55.9174977999596,-25.1710799999241,0
                </coordinates>
              </LinearRing>
            </outerBoundaryIs>
          </Polygon>
        </MultiGeometry>
      </Placemark>
      <Placemark id="Lote_D.57">
        <ExtendedData>
          <SchemaData schemaUrl="#Lote_D.schema">
            <SimpleData name="Cédula">6330328.00000000000</SimpleData>
            <SimpleData name="Nombres_y_">JULIA GRACIELA SANTANDER ACHUCARRO</SimpleData>
            <SimpleData name="Sexo">Mujer</SimpleData>
            <SimpleData name="Cambio_de_">NO</SimpleData>
            <SimpleData name="Titular_se">NO</SimpleData>
            <SimpleData name="ci_UNIF">6330328.00000000000</SimpleData>
            <SimpleData name="Situación">NO</SimpleData>
            <SimpleData name="Comunidad">Campesina</SimpleData>
            <SimpleData name="Modelo_imp">Modelo 1</SimpleData>
            <SimpleData name="Departamen">CAAGUAZU</SimpleData>
            <SimpleData name="Distrito">YH?</SimpleData>
            <SimpleData name="Localidad">JUAN SINFORIANO BOGARIN</SimpleData>
            <SimpleData name="Teléfono">981641380</SimpleData>
            <SimpleData name="Vivienda_L">-25.16138500000</SimpleData>
            <SimpleData name="Vivienda_1">-55.93788670000</SimpleData>
            <SimpleData name="Superficie">0.80000000000</SimpleData>
            <SimpleData name="Situaci_1">Pol?gono</SimpleData>
            <SimpleData name="Plantado">SI</SimpleData>
            <SimpleData name="Plantado_f">2025/10/22</SimpleData>
            <SimpleData name="Jornales">0.00000000000</SimpleData>
            <SimpleData name="Monto">0.00000000000</SimpleData>
            <SimpleData name="Grupo_de_p">D-P1</SimpleData>
            <SimpleData name="Estado_del">Activo</SimpleData>
            <SimpleData name="Empresa">Unique Wood Paraguay SA</SimpleData>
            <SimpleData name="Lote">D</SimpleData>
            <SimpleData name="Parametro">0.80000000000</SimpleData>
            <SimpleData name="Sup_Sig">0.82660463753</SimpleData>
            <SimpleData name="Situacion">Cumple</SimpleData>
            <SimpleData name="X">-55.94183202000</SimpleData>
            <SimpleData name="Y">-25.16185740000</SimpleData>
            <SimpleData name="Shape_Leng">416.82373590900</SimpleData>
            <SimpleData name="Shape_Area">8266.04637525000</SimpleData>
          </SchemaData>
        </ExtendedData>
        <Polygon>
          <outerBoundaryIs>
            <LinearRing>
              <coordinates>
                -55.9410541999437,-25.1620232000438,0
                -55.942571200052,-25.1621732993142,0
                -55.9426188006713,-25.1616903993259,0
                -55.9410765997581,-25.1615446001763,0
                -55.9410541999437,-25.1620232000438,0
              </coordinates>
            </LinearRing>
          </outerBoundaryIs>
        </Polygon>
      </Placemark>
      <Placemark id="Lote_D.58">
        <ExtendedData>
          <SchemaData schemaUrl="#Lote_D.schema">
            <SimpleData name="Cédula">6961237.00000000000</SimpleData>
            <SimpleData name="Nombres_y_">LUCAS ESTECHE ROJAS</SimpleData>
            <SimpleData name="Sexo">Hombre</SimpleData>
            <SimpleData name="Cambio_de_">NO</SimpleData>
            <SimpleData name="Titular_se">NO</SimpleData>
            <SimpleData name="ci_UNIF">6961237.00000000000</SimpleData>
            <SimpleData name="Situación">NO</SimpleData>
            <SimpleData name="Comunidad">Campesina</SimpleData>
            <SimpleData name="Modelo_imp">Modelo 2</SimpleData>
            <SimpleData name="Departamen">CAAGUAZU</SimpleData>
            <SimpleData name="Distrito">SAN JOAQUIN</SimpleData>
            <SimpleData name="Localidad">JAHAPE</SimpleData>
            <SimpleData name="Teléfono">097568605</SimpleData>
            <SimpleData name="Vivienda_L">-24.99916200000</SimpleData>
            <SimpleData name="Vivienda_1">-55.99769280000</SimpleData>
            <SimpleData name="Superficie">0.80000000000</SimpleData>
            <SimpleData name="Situaci_1">Pol?gono</SimpleData>
            <SimpleData name="Plantado">SI</SimpleData>
            <SimpleData name="Plantado_f">2025/10/01</SimpleData>
            <SimpleData name="Jornales">0.00000000000</SimpleData>
            <SimpleData name="Monto">0.00000000000</SimpleData>
            <SimpleData name="Grupo_de_p">D-P1</SimpleData>
            <SimpleData name="Estado_del">Activo</SimpleData>
            <SimpleData name="Empresa">Unique Wood Paraguay SA</SimpleData>
            <SimpleData name="Lote">D</SimpleData>
            <SimpleData name="Parametro">0.80000000000</SimpleData>
            <SimpleData name="Sup_Sig">0.86976702738</SimpleData>
            <SimpleData name="Situacion">Cumple</SimpleData>
            <SimpleData name="X">-55.99755072000</SimpleData>
            <SimpleData name="Y">-25.00270751000</SimpleData>
            <SimpleData name="Shape_Leng">529.14327052400</SimpleData>
            <SimpleData name="Shape_Area">8697.67027382000</SimpleData>
          </SchemaData>
        </ExtendedData>
        <MultiGeometry>
          <Polygon>
            <outerBoundaryIs>
              <LinearRing>
                <coordinates>
                  -55.9975663000357,-25.0031452997761,0
                  -55.9980132996663,-25.0026812005222,0
                  -55.9975419000581,-25.0022587007418,0
                  -55.997085199439,-25.0027550016798,0
                  -55.9975663000357,-25.0031452997761,0
                </coordinates>
              </LinearRing>
            </outerBoundaryIs>
          </Polygon>
          <Polygon>
            <outerBoundaryIs>
              <LinearRing>
                <coordinates>
                  -55.9975200997314,-25.0000152002327,0
                  -55.9981865005778,-24.9997755006466,0
                  -55.9979099997084,-24.999318300359,0
                  -55.9973002987878,-24.9994826013658,0
                  -55.9975200997314,-25.0000152002327,0
                </coordinates>
              </LinearRing>
            </outerBoundaryIs>
          </Polygon>
        </MultiGeometry>
      </Placemark>
      <Placemark id="Lote_D.59">
        <ExtendedData>
          <SchemaData schemaUrl="#Lote_D.schema">
            <SimpleData name="Cédula">7169257.00000000000</SimpleData>
            <SimpleData name="Nombres_y_">JUAN CARLOS RAMIREZ BENITEZ</SimpleData>
            <SimpleData name="Sexo">Hombre</SimpleData>
            <SimpleData name="Cambio_de_">NO</SimpleData>
            <SimpleData name="Titular_se">NO</SimpleData>
            <SimpleData name="ci_UNIF">7169257.00000000000</SimpleData>
            <SimpleData name="Situación">NO</SimpleData>
            <SimpleData name="Comunidad">Ind?gena</SimpleData>
            <SimpleData name="Modelo_imp">Modelo 1</SimpleData>
            <SimpleData name="Departamen">CAAGUAZU</SimpleData>
            <SimpleData name="Distrito">SAN JOAQUIN</SimpleData>
            <SimpleData name="Localidad">COM INDIG SAN JORGE</SimpleData>
            <SimpleData name="Teléfono">0975261089</SimpleData>
            <SimpleData name="Vivienda_L">-25.06715560000</SimpleData>
            <SimpleData name="Vivienda_1">-56.08663620000</SimpleData>
            <SimpleData name="Superficie">0.80000000000</SimpleData>
            <SimpleData name="Situaci_1">Pol?gono</SimpleData>
            <SimpleData name="Plantado">SI</SimpleData>
            <SimpleData name="Plantado_f">2025/09/22</SimpleData>
            <SimpleData name="Jornales">0.00000000000</SimpleData>
            <SimpleData name="Monto">0.00000000000</SimpleData>
            <SimpleData name="Grupo_de_p">D-P1</SimpleData>
            <SimpleData name="Estado_del">Activo</SimpleData>
            <SimpleData name="Empresa">Unique Wood Paraguay SA</SimpleData>
            <SimpleData name="Lote">D</SimpleData>
            <SimpleData name="Parametro">0.80000000000</SimpleData>
            <SimpleData name="Sup_Sig">0.87148252431</SimpleData>
            <SimpleData name="Situacion">Cumple</SimpleData>
            <SimpleData name="X">-56.08667526000</SimpleData>
            <SimpleData name="Y">-25.06635239000</SimpleData>
            <SimpleData name="Shape_Leng">470.91411606100</SimpleData>
            <SimpleData name="Shape_Area">8714.82524305000</SimpleData>
          </SchemaData>
        </ExtendedData>
        <Polygon>
          <outerBoundaryIs>
            <LinearRing>
              <coordinates>
                -56.0862348819671,-25.0666028908869,0
                -56.0859775473537,-25.0666911679381,0
                -56.0859380996746,-25.0667046998445,0
                -56.0862312999185,-25.0667265004598,0
                -56.0862668996945,-25.0668080001225,0
                -56.0863935997279,-25.0667754003679,0
                -56.0863969000477,-25.0668337002341,0
                -56.0873204004612,-25.0665808003224,0
                -56.0870610329377,-25.0659436063501,0
                -56.0870318646526,-25.0659514061367,0
                -56.0870029238604,-25.0659591441045,0
                -56.0866422002167,-25.0660556000736,0
                -56.0865712227092,-25.0657959413396,0
                -56.086559700368,-25.0657592996557,0
                -56.0862908997513,-25.0658372998442,0
                -56.0863410002934,-25.066114300185,0
                -56.0861696004346,-25.0661975004254,0
                -56.0862882004096,-25.0665846004303,0
                -56.0862348819671,-25.0666028908869,0
              </coordinates>
            </LinearRing>
          </outerBoundaryIs>
        </Polygon>
      </Placemark>
      <Placemark id="Lote_D.60">
        <ExtendedData>
          <SchemaData schemaUrl="#Lote_D.schema">
            <SimpleData name="Cédula">3891980.00000000000</SimpleData>
            <SimpleData name="Nombres_y_">RAFAELA DIAZ DE MARTINEZ</SimpleData>
            <SimpleData name="Sexo">Mujer</SimpleData>
            <SimpleData name="Cambio_de_">NO</SimpleData>
            <SimpleData name="Titular_se">NO</SimpleData>
            <SimpleData name="ci_UNIF">3891980.00000000000</SimpleData>
            <SimpleData name="Situación">NO</SimpleData>
            <SimpleData name="Comunidad">Campesina</SimpleData>
            <SimpleData name="Modelo_imp">Modelo 5</SimpleData>
            <SimpleData name="Departamen">CAAGUAZU</SimpleData>
            <SimpleData name="Distrito">CARAYAO</SimpleData>
            <SimpleData name="Localidad">CALLE 14 MIL</SimpleData>
            <SimpleData name="Teléfono">0983923133</SimpleData>
            <SimpleData name="Vivienda_L">-25.19030450000</SimpleData>
            <SimpleData name="Vivienda_1">-56.24589090000</SimpleData>
            <SimpleData name="Superficie">0.70000000000</SimpleData>
            <SimpleData name="Situaci_1">Pol?gono</SimpleData>
            <SimpleData name="Plantado">SI</SimpleData>
            <SimpleData name="Plantado_f">2025/11/22</SimpleData>
            <SimpleData name="Jornales">0.00000000000</SimpleData>
            <SimpleData name="Monto">0.00000000000</SimpleData>
            <SimpleData name="Grupo_de_p">D-P1</SimpleData>
            <SimpleData name="Estado_del">Activo</SimpleData>
            <SimpleData name="Empresa">Unique Wood Paraguay SA</SimpleData>
            <SimpleData name="Lote">D</SimpleData>
            <SimpleData name="Parametro">0.70000000000</SimpleData>
            <SimpleData name="Sup_Sig">0.80053316414</SimpleData>
            <SimpleData name="Situacion">Cumple</SimpleData>
            <SimpleData name="X">-56.24571908000</SimpleData>
            <SimpleData name="Y">-25.19236816000</SimpleData>
            <SimpleData name="Shape_Leng">500.44963432500</SimpleData>
            <SimpleData name="Shape_Area">8005.33164135000</SimpleData>
          </SchemaData>
        </ExtendedData>
        <MultiGeometry>
          <Polygon>
            <outerBoundaryIs>
              <LinearRing>
                <coordinates>
                  -56.2459536997056,-25.1938921999714,0
                  -56.2460297004072,-25.1934982995203,0
                  -56.2454011993783,-25.1934911999171,0
                  -56.2454269000563,-25.1938800001514,0
                  -56.2459536997056,-25.1938921999714,0
                </coordinates>
              </LinearRing>
            </outerBoundaryIs>
          </Polygon>
          <Polygon>
            <outerBoundaryIs>
              <LinearRing>
                <coordinates>
                  -56.2453470007413,-25.1927081000758,0
                  -56.2460725998283,-25.1927069000764,0
                  -56.2460778003332,-25.1919953002028,0
                  -56.2453554995869,-25.1920622003241,0
                  -56.2453470007413,-25.1927081000758,0
                </coordinates>
              </LinearRing>
            </outerBoundaryIs>
          </Polygon>
        </MultiGeometry>
      </Placemark>
      <Placemark id="Lote_D.61">
        <ExtendedData>
          <SchemaData schemaUrl="#Lote_D.schema">
            <SimpleData name="Cédula">7314091.00000000000</SimpleData>
            <SimpleData name="Nombres_y_">ISABEL WACHUGI MENDOZA DUARTE</SimpleData>
            <SimpleData name="Sexo">Mujer</SimpleData>
            <SimpleData name="Cambio_de_">NO</SimpleData>
            <SimpleData name="Titular_se">NO</SimpleData>
            <SimpleData name="ci_UNIF">7314091.00000000000</SimpleData>
            <SimpleData name="Situación">NO</SimpleData>
            <SimpleData name="Comunidad">Ind?gena</SimpleData>
            <SimpleData name="Modelo_imp">Modelo 2</SimpleData>
            <SimpleData name="Departamen">CAAGUAZU</SimpleData>
            <SimpleData name="Distrito">SAN JOAQUIN</SimpleData>
            <SimpleData name="Localidad">COM INDIG CERRO MOROTI</SimpleData>
            <SimpleData name="Teléfono">0983078394</SimpleData>
            <SimpleData name="Vivienda_L">-25.01920980000</SimpleData>
            <SimpleData name="Vivienda_1">-56.14213640000</SimpleData>
            <SimpleData name="Superficie">0.80000000000</SimpleData>
            <SimpleData name="Situaci_1">Pol?gono</SimpleData>
            <SimpleData name="Plantado">SI</SimpleData>
            <SimpleData name="Plantado_f">2025/10/07</SimpleData>
            <SimpleData name="Jornales">0.00000000000</SimpleData>
            <SimpleData name="Monto">0.00000000000</SimpleData>
            <SimpleData name="Grupo_de_p">D-P1</SimpleData>
            <SimpleData name="Estado_del">Activo</SimpleData>
            <SimpleData name="Empresa">Unique Wood Paraguay SA</SimpleData>
            <SimpleData name="Lote">D</SimpleData>
            <SimpleData name="Parametro">0.80000000000</SimpleData>
            <SimpleData name="Sup_Sig">0.80035940306</SimpleData>
            <SimpleData name="Situacion">Cumple</SimpleData>
            <SimpleData name="X">-56.14444068000</SimpleData>
            <SimpleData name="Y">-25.01468109000</SimpleData>
            <SimpleData name="Shape_Leng">367.79355017900</SimpleData>
            <SimpleData name="Shape_Area">8003.59403057000</SimpleData>
          </SchemaData>
        </ExtendedData>
        <Polygon>
          <outerBoundaryIs>
            <LinearRing>
              <coordinates>
                -56.144081700419,-25.0141749999549,0
                -56.1440982995278,-25.0151979001333,0
                -56.1447682006242,-25.0152004995889,0
                -56.1448149001438,-25.0141817002271,0
                -56.144081700419,-25.0141749999549,0
              </coordinates>
            </LinearRing>
          </outerBoundaryIs>
        </Polygon>
      </Placemark>
      <Placemark id="Lote_D.62">
        <ExtendedData>
          <SchemaData schemaUrl="#Lote_D.schema">
            <SimpleData name="Cédula">4595463.00000000000</SimpleData>
            <SimpleData name="Nombres_y_">EULALIO  BAREIRO YBA?EZ</SimpleData>
            <SimpleData name="Sexo">Hombre</SimpleData>
            <SimpleData name="Cambio_de_">NO</SimpleData>
            <SimpleData name="Titular_se">NO</SimpleData>
            <SimpleData name="ci_UNIF">4595463.00000000000</SimpleData>
            <SimpleData name="Situación">NO</SimpleData>
            <SimpleData name="Comunidad">Campesina</SimpleData>
            <SimpleData name="Modelo_imp">Modelo 1</SimpleData>
            <SimpleData name="Departamen">CAAGUAZU</SimpleData>
            <SimpleData name="Distrito">YH?</SimpleData>
            <SimpleData name="Localidad">JUAN SINFORIANO BOGARIN</SimpleData>
            <SimpleData name="Teléfono">983820176</SimpleData>
            <SimpleData name="Vivienda_L">-25.17252250000</SimpleData>
            <SimpleData name="Vivienda_1">-55.93538080000</SimpleData>
            <SimpleData name="Superficie">0.80000000000</SimpleData>
            <SimpleData name="Situaci_1">Pol?gono</SimpleData>
            <SimpleData name="Plantado">SI</SimpleData>
            <SimpleData name="Plantado_f">2025/10/30</SimpleData>
            <SimpleData name="Jornales">0.00000000000</SimpleData>
            <SimpleData name="Monto">0.00000000000</SimpleData>
            <SimpleData name="Grupo_de_p">D-P1</SimpleData>
            <SimpleData name="Estado_del">Activo</SimpleData>
            <SimpleData name="Empresa">Unique Wood Paraguay SA</SimpleData>
            <SimpleData name="Lote">D</SimpleData>
            <SimpleData name="Parametro">0.80000000000</SimpleData>
            <SimpleData name="Sup_Sig">0.83341625632</SimpleData>
            <SimpleData name="Situacion">Cumple</SimpleData>
            <SimpleData name="X">-55.92635743000</SimpleData>
            <SimpleData name="Y">-25.17136558000</SimpleData>
            <SimpleData name="Shape_Leng">375.06705277800</SimpleData>
            <SimpleData name="Shape_Area">8334.16256315000</SimpleData>
          </SchemaData>
        </ExtendedData>
        <Polygon>
          <outerBoundaryIs>
            <LinearRing>
              <coordinates>
                -55.9259300004879,-25.1718167005896,0
                -55.9266861995003,-25.1719253001194,0
                -55.9267430002088,-25.170875700292,0
                -55.9260683998217,-25.1708034994046,0
                -55.9259300004879,-25.1718167005896,0
              </coordinates>
            </LinearRing>
          </outerBoundaryIs>
        </Polygon>
      </Placemark>
      <Placemark id="Lote_D.63">
        <ExtendedData>
          <SchemaData schemaUrl="#Lote_D.schema">
            <SimpleData name="Cédula">7252753.00000000000</SimpleData>
            <SimpleData name="Nombres_y_">NORMA FERNANDEZ VAZQUEZ</SimpleData>
            <SimpleData name="Sexo">Mujer</SimpleData>
            <SimpleData name="Cambio_de_">NO</SimpleData>
            <SimpleData name="Titular_se">NO</SimpleData>
            <SimpleData name="ci_UNIF">7252753.00000000000</SimpleData>
            <SimpleData name="Situación">NO</SimpleData>
            <SimpleData name="Comunidad">Ind?gena</SimpleData>
            <SimpleData name="Modelo_imp">Modelo 5</SimpleData>
            <SimpleData name="Departamen">CAAGUAZU</SimpleData>
            <SimpleData name="Distrito">YH?</SimpleData>
            <SimpleData name="Localidad">COM INDIG AMAMBAY ARROYO GUAZU</SimpleData>
            <SimpleData name="Teléfono">0983062458</SimpleData>
            <SimpleData name="Vivienda_L">-24.89157240000</SimpleData>
            <SimpleData name="Vivienda_1">-55.87104220000</SimpleData>
            <SimpleData name="Superficie">0.70000000000</SimpleData>
            <SimpleData name="Situaci_1">Pol?gono</SimpleData>
            <SimpleData name="Plantado">SI</SimpleData>
            <SimpleData name="Plantado_f">2025/10/22</SimpleData>
            <SimpleData name="Jornales">0.00000000000</SimpleData>
            <SimpleData name="Monto">0.00000000000</SimpleData>
            <SimpleData name="Grupo_de_p">D-P1</SimpleData>
            <SimpleData name="Estado_del">Activo</SimpleData>
            <SimpleData name="Empresa">Unique Wood Paraguay SA</SimpleData>
            <SimpleData name="Lote">D</SimpleData>
            <SimpleData name="Parametro">0.70000000000</SimpleData>
            <SimpleData name="Sup_Sig">0.70008909053</SimpleData>
            <SimpleData name="Situacion">Cumple</SimpleData>
            <SimpleData name="X">-55.86053352000</SimpleData>
            <SimpleData name="Y">-24.90594723000</SimpleData>
            <SimpleData name="Shape_Leng">394.66816291800</SimpleData>
            <SimpleData name="Shape_Area">7000.89090532000</SimpleData>
          </SchemaData>
        </ExtendedData>
        <Polygon>
          <outerBoundaryIs>
            <LinearRing>
              <coordinates>
                -55.8598136001368,-24.9063182002569,0
                -55.8602343994594,-24.9065419996238,0
                -55.8611925999413,-24.9056353000689,0
                -55.8609214996735,-24.9052940000092,0
                -55.8598136001368,-24.9063182002569,0
              </coordinates>
            </LinearRing>
          </outerBoundaryIs>
        </Polygon>
      </Placemark>
      <Placemark id="Lote_D.64">
        <ExtendedData>
          <SchemaData schemaUrl="#Lote_D.schema">
            <SimpleData name="Cédula">4392719.00000000000</SimpleData>
            <SimpleData name="Nombres_y_">ANA LIZ RAMIREZ</SimpleData>
            <SimpleData name="Sexo">Mujer</SimpleData>
            <SimpleData name="Cambio_de_">NO</SimpleData>
            <SimpleData name="Titular_se">NO</SimpleData>
            <SimpleData name="ci_UNIF">4392719.00000000000</SimpleData>
            <SimpleData name="Situación">NO</SimpleData>
            <SimpleData name="Comunidad">Campesina</SimpleData>
            <SimpleData name="Modelo_imp">Modelo 2</SimpleData>
            <SimpleData name="Departamen">CAAGUAZU</SimpleData>
            <SimpleData name="Distrito">SAN JOAQUIN</SimpleData>
            <SimpleData name="Localidad">CELANO</SimpleData>
            <SimpleData name="Teléfono">0986102621</SimpleData>
            <SimpleData name="Vivienda_L">-25.13860410000</SimpleData>
            <SimpleData name="Vivienda_1">-56.05729350000</SimpleData>
            <SimpleData name="Superficie">0.80000000000</SimpleData>
            <SimpleData name="Situaci_1">Pol?gono</SimpleData>
            <SimpleData name="Plantado">SI</SimpleData>
            <SimpleData name="Plantado_f">2025/10/02</SimpleData>
            <SimpleData name="Jornales">0.00000000000</SimpleData>
            <SimpleData name="Monto">0.00000000000</SimpleData>
            <SimpleData name="Grupo_de_p">D-P1</SimpleData>
            <SimpleData name="Estado_del">Activo</SimpleData>
            <SimpleData name="Empresa">Unique Wood Paraguay SA</SimpleData>
            <SimpleData name="Lote">D</SimpleData>
            <SimpleData name="Parametro">0.80000000000</SimpleData>
            <SimpleData name="Sup_Sig">0.88452679804</SimpleData>
            <SimpleData name="Situacion">Cumple</SimpleData>
            <SimpleData name="X">-56.05860540000</SimpleData>
            <SimpleData name="Y">-25.13978278000</SimpleData>
            <SimpleData name="Shape_Leng">500.82750459900</SimpleData>
            <SimpleData name="Shape_Area">8845.26798042000</SimpleData>
          </SchemaData>
        </ExtendedData>
        <Polygon>
          <outerBoundaryIs>
            <LinearRing>
              <coordinates>
                -56.0576727000054,-25.1392692004661,0
                -56.0591899001206,-25.1405301998749,0
                -56.0595192003821,-25.1402310001823,0
                -56.0579371999055,-25.139019499834,0
                -56.0576727000054,-25.1392692004661,0
              </coordinates>
            </LinearRing>
          </outerBoundaryIs>
        </Polygon>
      </Placemark>
      <Placemark id="Lote_D.65">
        <ExtendedData>
          <SchemaData schemaUrl="#Lote_D.schema">
            <SimpleData name="Cédula">7889543.00000000000</SimpleData>
            <SimpleData name="Nombres_y_">MARINES  PEREIRA BARRIOS</SimpleData>
            <SimpleData name="Sexo">Mujer</SimpleData>
            <SimpleData name="Cambio_de_">NO</SimpleData>
            <SimpleData name="Titular_se">NO</SimpleData>
            <SimpleData name="ci_UNIF">7889543.00000000000</SimpleData>
            <SimpleData name="Situación">NO</SimpleData>
            <SimpleData name="Comunidad">Campesina</SimpleData>
            <SimpleData name="Modelo_imp">Modelo 5</SimpleData>
            <SimpleData name="Departamen">CAAGUAZU</SimpleData>
            <SimpleData name="Distrito">CARAYAO</SimpleData>
            <SimpleData name="Localidad">ARROYO HOVY</SimpleData>
            <SimpleData name="Teléfono">986962636</SimpleData>
            <SimpleData name="Vivienda_L">-25.14510860000</SimpleData>
            <SimpleData name="Vivienda_1">-56.29045250000</SimpleData>
            <SimpleData name="Superficie">0.70000000000</SimpleData>
            <SimpleData name="Situaci_1">Pol?gono</SimpleData>
            <SimpleData name="Plantado">SI</SimpleData>
            <SimpleData name="Plantado_f">2025/11/22</SimpleData>
            <SimpleData name="Jornales">0.00000000000</SimpleData>
            <SimpleData name="Monto">0.00000000000</SimpleData>
            <SimpleData name="Grupo_de_p">D-P1</SimpleData>
            <SimpleData name="Estado_del">Activo</SimpleData>
            <SimpleData name="Empresa">Unique Wood Paraguay SA</SimpleData>
            <SimpleData name="Lote">D</SimpleData>
            <SimpleData name="Parametro">0.70000000000</SimpleData>
            <SimpleData name="Sup_Sig">0.77736192725</SimpleData>
            <SimpleData name="Situacion">Cumple</SimpleData>
            <SimpleData name="X">-56.29121892000</SimpleData>
            <SimpleData name="Y">-25.14436768000</SimpleData>
            <SimpleData name="Shape_Leng">347.21855916500</SimpleData>
            <SimpleData name="Shape_Area">7773.61927246000</SimpleData>
          </SchemaData>
        </ExtendedData>
        <Polygon>
          <outerBoundaryIs>
            <LinearRing>
              <coordinates>
                -56.2917004261703,-25.1445870626901,0
                -56.2915715638293,-25.144048114725,0
                -56.2915333995608,-25.143888499208,0
                -56.2907111997467,-25.1440198999132,0
                -56.2909416998935,-25.1448683000319,0
                -56.2914317000971,-25.1447916993898,0
                -56.2917067005893,-25.1446133000249,0
                -56.2917004261703,-25.1445870626901,0
              </coordinates>
            </LinearRing>
          </outerBoundaryIs>
        </Polygon>
      </Placemark>
      <Placemark id="Lote_D.66">
        <ExtendedData>
          <SchemaData schemaUrl="#Lote_D.schema">
            <SimpleData name="Cédula">2122761.00000000000</SimpleData>
            <SimpleData name="Nombres_y_">PEDRO AMARILLA BENITEZ</SimpleData>
            <SimpleData name="Sexo">Hombre</SimpleData>
            <SimpleData name="Cambio_de_">NO</SimpleData>
            <SimpleData name="Titular_se">NO</SimpleData>
            <SimpleData name="ci_UNIF">2122761.00000000000</SimpleData>
            <SimpleData name="Situación">NO</SimpleData>
            <SimpleData name="Comunidad">Campesina</SimpleData>
            <SimpleData name="Modelo_imp">Modelo 2</SimpleData>
            <SimpleData name="Departamen">CAAGUAZU</SimpleData>
            <SimpleData name="Distrito">SAN JOAQUIN</SimpleData>
            <SimpleData name="Localidad">CELANO</SimpleData>
            <SimpleData name="Teléfono">0983245456</SimpleData>
            <SimpleData name="Vivienda_L">-25.14417270000</SimpleData>
            <SimpleData name="Vivienda_1">-56.06633550000</SimpleData>
            <SimpleData name="Superficie">0.80000000000</SimpleData>
            <SimpleData name="Situaci_1">Pol?gono</SimpleData>
            <SimpleData name="Plantado">SI</SimpleData>
            <SimpleData name="Plantado_f">2025/10/02</SimpleData>
            <SimpleData name="Jornales">0.00000000000</SimpleData>
            <SimpleData name="Monto">0.00000000000</SimpleData>
            <SimpleData name="Grupo_de_p">D-P1</SimpleData>
            <SimpleData name="Estado_del">Activo</SimpleData>
            <SimpleData name="Empresa">Unique Wood Paraguay SA</SimpleData>
            <SimpleData name="Lote">D</SimpleData>
            <SimpleData name="Parametro">0.80000000000</SimpleData>
            <SimpleData name="Sup_Sig">0.86855263240</SimpleData>
            <SimpleData name="Situacion">Cumple</SimpleData>
            <SimpleData name="X">-56.06716491000</SimpleData>
            <SimpleData name="Y">-25.14488770000</SimpleData>
            <SimpleData name="Shape_Leng">558.32382770000</SimpleData>
            <SimpleData name="Shape_Area">8685.52632396000</SimpleData>
          </SchemaData>
        </ExtendedData>
        <MultiGeometry>
          <Polygon>
            <outerBoundaryIs>
              <LinearRing>
                <coordinates>
                  -56.0672403001511,-25.1455414999639,0
                  -56.0679604001482,-25.1450175001009,0
                  -56.0677723001423,-25.1448989001301,0
                  -56.0670302997317,-25.1453055001949,0
                  -56.0672403001511,-25.1455414999639,0
                </coordinates>
              </LinearRing>
            </outerBoundaryIs>
          </Polygon>
          <Polygon>
            <outerBoundaryIs>
              <LinearRing>
                <coordinates>
                  -56.0668909002545,-25.1452153004389,0
                  -56.0676512000653,-25.1447446001642,0
                  -56.0671901002107,-25.1442970997259,0
                  -56.0664269001099,-25.144786400466,0
                  -56.0668909002545,-25.1452153004389,0
                </coordinates>
              </LinearRing>
            </outerBoundaryIs>
          </Polygon>
        </MultiGeometry>
      </Placemark>
      <Placemark id="Lote_D.67">
        <ExtendedData>
          <SchemaData schemaUrl="#Lote_D.schema">
            <SimpleData name="Cédula">5653765.00000000000</SimpleData>
            <SimpleData name="Nombres_y_">INOCENCIA RAMIREZ BENITEZ</SimpleData>
            <SimpleData name="Sexo">Mujer</SimpleData>
            <SimpleData name="Cambio_de_">NO</SimpleData>
            <SimpleData name="Titular_se">NO</SimpleData>
            <SimpleData name="ci_UNIF">5653765.00000000000</SimpleData>
            <SimpleData name="Situación">NO</SimpleData>
            <SimpleData name="Comunidad">Ind?gena</SimpleData>
            <SimpleData name="Modelo_imp">Modelo 2</SimpleData>
            <SimpleData name="Departamen">CAAGUAZU</SimpleData>
            <SimpleData name="Distrito">SAN JOAQUIN</SimpleData>
            <SimpleData name="Localidad">COM INDIG SAN JORGE</SimpleData>
            <SimpleData name="Teléfono">ND</SimpleData>
            <SimpleData name="Vivienda_L">-25.06937880000</SimpleData>
            <SimpleData name="Vivienda_1">-56.08272550000</SimpleData>
            <SimpleData name="Superficie">0.80000000000</SimpleData>
            <SimpleData name="Situaci_1">Pol?gono</SimpleData>
            <SimpleData name="Plantado">SI</SimpleData>
            <SimpleData name="Plantado_f">2025/10/24</SimpleData>
            <SimpleData name="Jornales">0.00000000000</SimpleData>
            <SimpleData name="Monto">0.00000000000</SimpleData>
            <SimpleData name="Grupo_de_p">D-P1</SimpleData>
            <SimpleData name="Estado_del">Activo</SimpleData>
            <SimpleData name="Empresa">Unique Wood Paraguay SA</SimpleData>
            <SimpleData name="Lote">D</SimpleData>
            <SimpleData name="Parametro">0.80000000000</SimpleData>
            <SimpleData name="Sup_Sig">0.80096996984</SimpleData>
            <SimpleData name="Situacion">Cumple</SimpleData>
            <SimpleData name="X">-56.08313285000</SimpleData>
            <SimpleData name="Y">-25.06913652000</SimpleData>
            <SimpleData name="Shape_Leng">710.32810821700</SimpleData>
            <SimpleData name="Shape_Area">8009.69969838000</SimpleData>
          </SchemaData>
        </ExtendedData>
        <MultiGeometry>
          <Polygon>
            <outerBoundaryIs>
              <LinearRing>
                <coordinates>
                  -56.0824582992836,-25.0694977009029,0
                  -56.0826210996197,-25.069449200444,0
                  -56.0826078000962,-25.0692324001232,0
                  -56.0824699992712,-25.0688816005934,0
                  -56.082217200442,-25.0689580006947,0
                  -56.0824582992836,-25.0694977009029,0
                </coordinates>
              </LinearRing>
            </outerBoundaryIs>
          </Polygon>
          <Polygon>
            <outerBoundaryIs>
              <LinearRing>
                <coordinates>
                  -56.0829039993063,-25.0692532001201,0
                  -56.0831229002381,-25.0694871004665,0
                  -56.0836389994687,-25.0693504002472,0
                  -56.0834327992692,-25.0689026999969,0
                  -56.0828895992308,-25.0689040012446,0
                  -56.0828342988468,-25.0687879006763,0
                  -56.0826124999025,-25.0688749996878,0
                  -56.0827306990464,-25.0692008998457,0
                  -56.0829039993063,-25.0692532001201,0
                </coordinates>
              </LinearRing>
            </outerBoundaryIs>
          </Polygon>
          <Polygon>
            <outerBoundaryIs>
              <LinearRing>
                <coordinates>
                  -56.0851427003317,-25.0674024005709,0
                  -56.0848199994664,-25.0665149000191,0
                  -56.084650799853,-25.0665488997803,0
                  -56.0849803991843,-25.0674596004058,0
                  -56.0851427003317,-25.0674024005709,0
                </coordinates>
              </LinearRing>
            </outerBoundaryIs>
          </Polygon>
        </MultiGeometry>
      </Placemark>
      <Placemark id="Lote_D.68">
        <ExtendedData>
          <SchemaData schemaUrl="#Lote_D.schema">
            <SimpleData name="Cédula">5063100.00000000000</SimpleData>
            <SimpleData name="Nombres_y_">MARICEL SOSA VELAZQUEZ</SimpleData>
            <SimpleData name="Sexo">Mujer</SimpleData>
            <SimpleData name="Cambio_de_">NO</SimpleData>
            <SimpleData name="Titular_se">NO</SimpleData>
            <SimpleData name="ci_UNIF">5063100.00000000000</SimpleData>
            <SimpleData name="Situación">NO</SimpleData>
            <SimpleData name="Comunidad">Ind?gena</SimpleData>
            <SimpleData name="Modelo_imp">Modelo 2</SimpleData>
            <SimpleData name="Departamen">CAAGUAZU</SimpleData>
            <SimpleData name="Distrito">YH?</SimpleData>
            <SimpleData name="Localidad">COM INDIG AMAMBAY ARROYO GUAZU</SimpleData>
            <SimpleData name="Teléfono">0984283914</SimpleData>
            <SimpleData name="Vivienda_L">-24.89820970000</SimpleData>
            <SimpleData name="Vivienda_1">-55.85531820000</SimpleData>
            <SimpleData name="Superficie">0.80000000000</SimpleData>
            <SimpleData name="Situaci_1">Pol?gono</SimpleData>
            <SimpleData name="Plantado">SI</SimpleData>
            <SimpleData name="Plantado_f">2025/10/23</SimpleData>
            <SimpleData name="Jornales">0.00000000000</SimpleData>
            <SimpleData name="Monto">0.00000000000</SimpleData>
            <SimpleData name="Grupo_de_p">D-P1</SimpleData>
            <SimpleData name="Estado_del">Activo</SimpleData>
            <SimpleData name="Empresa">Unique Wood Paraguay SA</SimpleData>
            <SimpleData name="Lote">D</SimpleData>
            <SimpleData name="Parametro">0.80000000000</SimpleData>
            <SimpleData name="Sup_Sig">0.80401920838</SimpleData>
            <SimpleData name="Situacion">Cumple</SimpleData>
            <SimpleData name="X">-55.85541335000</SimpleData>
            <SimpleData name="Y">-24.89773437000</SimpleData>
            <SimpleData name="Shape_Leng">418.78256897600</SimpleData>
            <SimpleData name="Shape_Area">8040.19208382000</SimpleData>
          </SchemaData>
        </ExtendedData>
        <Polygon>
          <outerBoundaryIs>
            <LinearRing>
              <coordinates>
                -55.8546716999024,-24.8977345005993,0
                -55.8549754002492,-24.8980810001475,0
                -55.8552526994821,-24.8978068999926,0
                -55.8556779005818,-24.8982218001818,0
                -55.8561630995726,-24.897936700393,0
                -55.8553666994628,-24.8971949994271,0
                -55.8546716999024,-24.8977345005993,0
              </coordinates>
            </LinearRing>
          </outerBoundaryIs>
        </Polygon>
      </Placemark>
      <Placemark id="Lote_D.69">
        <ExtendedData>
          <SchemaData schemaUrl="#Lote_D.schema">
            <SimpleData name="Cédula">6175666.00000000000</SimpleData>
            <SimpleData name="Nombres_y_">LAURA JANAGI VELAZQUEZ GARCETE</SimpleData>
            <SimpleData name="Sexo">Mujer</SimpleData>
            <SimpleData name="Cambio_de_">NO</SimpleData>
            <SimpleData name="Titular_se">NO</SimpleData>
            <SimpleData name="ci_UNIF">6175666.00000000000</SimpleData>
            <SimpleData name="Situación">NO</SimpleData>
            <SimpleData name="Comunidad">Ind?gena</SimpleData>
            <SimpleData name="Modelo_imp">Modelo 1</SimpleData>
            <SimpleData name="Departamen">CAAGUAZU</SimpleData>
            <SimpleData name="Distrito">SAN JOAQUIN</SimpleData>
            <SimpleData name="Localidad">COM INDIG CERRO MOROTI</SimpleData>
            <SimpleData name="Teléfono">0984448466</SimpleData>
            <SimpleData name="Vivienda_L">-25.01615970000</SimpleData>
            <SimpleData name="Vivienda_1">-56.14131030000</SimpleData>
            <SimpleData name="Superficie">0.80000000000</SimpleData>
            <SimpleData name="Situaci_1">Pol?gono</SimpleData>
            <SimpleData name="Plantado">SI</SimpleData>
            <SimpleData name="Plantado_f">2025/09/23</SimpleData>
            <SimpleData name="Jornales">0.00000000000</SimpleData>
            <SimpleData name="Monto">0.00000000000</SimpleData>
            <SimpleData name="Grupo_de_p">D-P1</SimpleData>
            <SimpleData name="Estado_del">Activo</SimpleData>
            <SimpleData name="Empresa">Unique Wood Paraguay SA</SimpleData>
            <SimpleData name="Lote">D</SimpleData>
            <SimpleData name="Parametro">0.80000000000</SimpleData>
            <SimpleData name="Sup_Sig">0.84690904941</SimpleData>
            <SimpleData name="Situacion">Cumple</SimpleData>
            <SimpleData name="X">-56.14137220000</SimpleData>
            <SimpleData name="Y">-25.01479556000</SimpleData>
            <SimpleData name="Shape_Leng">425.13267198000</SimpleData>
            <SimpleData name="Shape_Area">8469.09049407000</SimpleData>
          </SchemaData>
        </ExtendedData>
        <Polygon>
          <outerBoundaryIs>
            <LinearRing>
              <coordinates>
                -56.1411825561989,-25.0142767479858,0
                -56.1411612542607,-25.014425024525,0
                -56.141153861017,-25.0144764777825,0
                -56.1410919035864,-25.0149077151845,0
                -56.1411013002002,-25.0149109003099,0
                -56.1410218001023,-25.0154121999444,0
                -56.1410195100979,-25.0154115898043,0
                -56.1410129998634,-25.015456900239,0
                -56.1415546994565,-25.0155547000248,0
                -56.1416977999553,-25.0142356004188,0
                -56.1416068004336,-25.0140782998041,0
                -56.1412969599426,-25.0140193401126,0
                -56.1412216000379,-25.0140050007533,0
                -56.1411825561989,-25.0142767479858,0
              </coordinates>
            </LinearRing>
          </outerBoundaryIs>
        </Polygon>
      </Placemark>
      <Placemark id="Lote_D.70">
        <ExtendedData>
          <SchemaData schemaUrl="#Lote_D.schema">
            <SimpleData name="Cédula">5686180.00000000000</SimpleData>
            <SimpleData name="Nombres_y_">BLAS ANTONIO CHAPARRO FLECHA</SimpleData>
            <SimpleData name="Sexo">Hombre</SimpleData>
            <SimpleData name="Cambio_de_">NO</SimpleData>
            <SimpleData name="Titular_se">NO</SimpleData>
            <SimpleData name="ci_UNIF">5686180.00000000000</SimpleData>
            <SimpleData name="Situación">NO</SimpleData>
            <SimpleData name="Comunidad">Campesina</SimpleData>
            <SimpleData name="Modelo_imp">Modelo 1</SimpleData>
            <SimpleData name="Departamen">CAAGUAZU</SimpleData>
            <SimpleData name="Distrito">SAN JOAQUIN</SimpleData>
            <SimpleData name="Localidad">PIRI POTY</SimpleData>
            <SimpleData name="Teléfono">0985800666</SimpleData>
            <SimpleData name="Vivienda_L">-25.04670520000</SimpleData>
            <SimpleData name="Vivienda_1">-56.07505960000</SimpleData>
            <SimpleData name="Superficie">0.80000000000</SimpleData>
            <SimpleData name="Situaci_1">Pol?gono</SimpleData>
            <SimpleData name="Plantado">SI</SimpleData>
            <SimpleData name="Plantado_f">2025/10/11</SimpleData>
            <SimpleData name="Jornales">0.00000000000</SimpleData>
            <SimpleData name="Monto">0.00000000000</SimpleData>
            <SimpleData name="Grupo_de_p">D-P1</SimpleData>
            <SimpleData name="Estado_del">Activo</SimpleData>
            <SimpleData name="Empresa">Unique Wood Paraguay SA</SimpleData>
            <SimpleData name="Lote">D</SimpleData>
            <SimpleData name="Parametro">0.80000000000</SimpleData>
            <SimpleData name="Sup_Sig">0.92790906476</SimpleData>
            <SimpleData name="Situacion">Cumple</SimpleData>
            <SimpleData name="X">-56.07837124000</SimpleData>
            <SimpleData name="Y">-25.05650227000</SimpleData>
            <SimpleData name="Shape_Leng">474.95104422000</SimpleData>
            <SimpleData name="Shape_Area">9279.09064759000</SimpleData>
          </SchemaData>
        </ExtendedData>
        <Polygon>
          <outerBoundaryIs>
            <LinearRing>
              <coordinates>
                -56.0774309997557,-25.0564128003537,0
                -56.0775000998632,-25.0568729993581,0
                -56.0793676004216,-25.0565614003398,0
                -56.0792352005221,-25.0561482997806,0
                -56.0774309997557,-25.0564128003537,0
              </coordinates>
            </LinearRing>
          </outerBoundaryIs>
        </Polygon>
      </Placemark>
      <Placemark id="Lote_D.71">
        <ExtendedData>
          <SchemaData schemaUrl="#Lote_D.schema">
            <SimpleData name="Cédula">6626173.00000000000</SimpleData>
            <SimpleData name="Nombres_y_">ANGELA AQUINO VAZQUEZ</SimpleData>
            <SimpleData name="Sexo">Mujer</SimpleData>
            <SimpleData name="Cambio_de_">NO</SimpleData>
            <SimpleData name="Titular_se">NO</SimpleData>
            <SimpleData name="ci_UNIF">6626173.00000000000</SimpleData>
            <SimpleData name="Situación">NO</SimpleData>
            <SimpleData name="Comunidad">Ind?gena</SimpleData>
            <SimpleData name="Modelo_imp">Modelo 2</SimpleData>
            <SimpleData name="Departamen">CAAGUAZU</SimpleData>
            <SimpleData name="Distrito">YH?</SimpleData>
            <SimpleData name="Localidad">COM INDIG AMAMBAY ARROYO GUAZU</SimpleData>
            <SimpleData name="Teléfono">0984174722</SimpleData>
            <SimpleData name="Vivienda_L">-24.90041580000</SimpleData>
            <SimpleData name="Vivienda_1">-55.85745990000</SimpleData>
            <SimpleData name="Superficie">0.80000000000</SimpleData>
            <SimpleData name="Situaci_1">Pol?gono</SimpleData>
            <SimpleData name="Plantado">SI</SimpleData>
            <SimpleData name="Plantado_f">2025/10/22</SimpleData>
            <SimpleData name="Jornales">0.00000000000</SimpleData>
            <SimpleData name="Monto">0.00000000000</SimpleData>
            <SimpleData name="Grupo_de_p">D-P1</SimpleData>
            <SimpleData name="Estado_del">Activo</SimpleData>
            <SimpleData name="Empresa">Unique Wood Paraguay SA</SimpleData>
            <SimpleData name="Lote">D</SimpleData>
            <SimpleData name="Parametro">0.80000000000</SimpleData>
            <SimpleData name="Sup_Sig">0.87399289723</SimpleData>
            <SimpleData name="Situacion">Cumple</SimpleData>
            <SimpleData name="X">-55.85626364000</SimpleData>
            <SimpleData name="Y">-24.90059034000</SimpleData>
            <SimpleData name="Shape_Leng">408.00184361100</SimpleData>
            <SimpleData name="Shape_Area">8739.92897230000</SimpleData>
          </SchemaData>
        </ExtendedData>
        <Polygon>
          <outerBoundaryIs>
            <LinearRing>
              <coordinates>
                -55.855570000488,-24.9008388000829,0
                -55.8559946001498,-24.9012615004833,0
                -55.85694470058,-24.9003319995761,0
                -55.8565688001338,-24.8999131001966,0
                -55.855570000488,-24.9008388000829,0
              </coordinates>
            </LinearRing>
          </outerBoundaryIs>
        </Polygon>
      </Placemark>
      <Placemark id="Lote_D.72">
        <ExtendedData>
          <SchemaData schemaUrl="#Lote_D.schema">
            <SimpleData name="Cédula">5592793.00000000000</SimpleData>
            <SimpleData name="Nombres_y_">DIANA  GARAY BAREIRO</SimpleData>
            <SimpleData name="Sexo">Mujer</SimpleData>
            <SimpleData name="Cambio_de_">NO</SimpleData>
            <SimpleData name="Titular_se">NO</SimpleData>
            <SimpleData name="ci_UNIF">5592793.00000000000</SimpleData>
            <SimpleData name="Situación">NO</SimpleData>
            <SimpleData name="Comunidad">Campesina</SimpleData>
            <SimpleData name="Modelo_imp">Modelo 5</SimpleData>
            <SimpleData name="Departamen">CAAGUAZU</SimpleData>
            <SimpleData name="Distrito">YH?</SimpleData>
            <SimpleData name="Localidad">JUKERI</SimpleData>
            <SimpleData name="Teléfono">981066476</SimpleData>
            <SimpleData name="Vivienda_L">-25.14400670000</SimpleData>
            <SimpleData name="Vivienda_1">-55.90772330000</SimpleData>
            <SimpleData name="Superficie">0.70000000000</SimpleData>
            <SimpleData name="Situaci_1">Pol?gono</SimpleData>
            <SimpleData name="Plantado">SI</SimpleData>
            <SimpleData name="Plantado_f">2025/10/22</SimpleData>
            <SimpleData name="Jornales">0.00000000000</SimpleData>
            <SimpleData name="Monto">0.00000000000</SimpleData>
            <SimpleData name="Grupo_de_p">D-P1</SimpleData>
            <SimpleData name="Estado_del">Activo</SimpleData>
            <SimpleData name="Empresa">Unique Wood Paraguay SA</SimpleData>
            <SimpleData name="Lote">D</SimpleData>
            <SimpleData name="Parametro">0.70000000000</SimpleData>
            <SimpleData name="Sup_Sig">0.77857851338</SimpleData>
            <SimpleData name="Situacion">Cumple</SimpleData>
            <SimpleData name="X">-55.90695818000</SimpleData>
            <SimpleData name="Y">-25.14426357000</SimpleData>
            <SimpleData name="Shape_Leng">480.46162147300</SimpleData>
            <SimpleData name="Shape_Area">7785.78513376000</SimpleData>
          </SchemaData>
        </ExtendedData>
        <Polygon>
          <outerBoundaryIs>
            <LinearRing>
              <coordinates>
                -55.9059517002285,-25.1443684999028,0
                -55.9079785996786,-25.1445073997215,0
                -55.9079782998493,-25.1441849998556,0
                -55.9074453992639,-25.1441547996245,0
                -55.9072709993046,-25.1440833999147,0
                -55.905996900153,-25.1440263998673,0
                -55.9059517002285,-25.1443684999028,0
              </coordinates>
            </LinearRing>
          </outerBoundaryIs>
        </Polygon>
      </Placemark>
      <Placemark id="Lote_D.73">
        <ExtendedData>
          <SchemaData schemaUrl="#Lote_D.schema">
            <SimpleData name="Cédula">5484971.00000000000</SimpleData>
            <SimpleData name="Nombres_y_">GRACIELA PORTILLO CENTURION</SimpleData>
            <SimpleData name="Sexo">Mujer</SimpleData>
            <SimpleData name="Cambio_de_">NO</SimpleData>
            <SimpleData name="Titular_se">NO</SimpleData>
            <SimpleData name="ci_UNIF">5484971.00000000000</SimpleData>
            <SimpleData name="Situación">NO</SimpleData>
            <SimpleData name="Comunidad">Ind?gena</SimpleData>
            <SimpleData name="Modelo_imp">Modelo 5</SimpleData>
            <SimpleData name="Departamen">CAAGUAZU</SimpleData>
            <SimpleData name="Distrito">YH?</SimpleData>
            <SimpleData name="Localidad">COM INDIG ARROYO GUAZU - GUAYAYVI</SimpleData>
            <SimpleData name="Teléfono">0982137964</SimpleData>
            <SimpleData name="Vivienda_L">-24.89039540000</SimpleData>
            <SimpleData name="Vivienda_1">-55.82069400000</SimpleData>
            <SimpleData name="Superficie">0.70000000000</SimpleData>
            <SimpleData name="Situaci_1">Pol?gono</SimpleData>
            <SimpleData name="Plantado">SI</SimpleData>
            <SimpleData name="Plantado_f">2025/10/29</SimpleData>
            <SimpleData name="Jornales">0.00000000000</SimpleData>
            <SimpleData name="Monto">0.00000000000</SimpleData>
            <SimpleData name="Grupo_de_p">D-P1</SimpleData>
            <SimpleData name="Estado_del">Activo</SimpleData>
            <SimpleData name="Empresa">Unique Wood Paraguay SA</SimpleData>
            <SimpleData name="Lote">D</SimpleData>
            <SimpleData name="Parametro">0.70000000000</SimpleData>
            <SimpleData name="Sup_Sig">0.77334385795</SimpleData>
            <SimpleData name="Situacion">Cumple</SimpleData>
            <SimpleData name="X">-55.82095160000</SimpleData>
            <SimpleData name="Y">-24.89038533000</SimpleData>
            <SimpleData name="Shape_Leng">607.99553351300</SimpleData>
            <SimpleData name="Shape_Area">7733.43857946000</SimpleData>
          </SchemaData>
        </ExtendedData>
        <MultiGeometry>
          <Polygon>
            <outerBoundaryIs>
              <LinearRing>
                <coordinates>
                  -55.821238899453,-24.8910495015464,0
                  -55.8212639007835,-24.8907722004757,0
                  -55.8208728980975,-24.8906685001791,0
                  -55.8208363996884,-24.8909516005683,0
                  -55.821238899453,-24.8910495015464,0
                </coordinates>
              </LinearRing>
            </outerBoundaryIs>
          </Polygon>
          <Polygon>
            <outerBoundaryIs>
              <LinearRing>
                <coordinates>
                  -55.8217009997009,-24.8903127007098,0
                  -55.8209162000364,-24.8902371008558,0
                  -55.8208614000197,-24.8906180003547,0
                  -55.8216497987594,-24.8907303006465,0
                  -55.8217009997009,-24.8903127007098,0
                </coordinates>
              </LinearRing>
            </outerBoundaryIs>
          </Polygon>
          <Polygon>
            <outerBoundaryIs>
              <LinearRing>
                <coordinates>
                  -55.8207321994963,-24.8902553006211,0
                  -55.8208682997449,-24.8898865008336,0
                  -55.8202481994664,-24.8898211999521,0
                  -55.8201608994411,-24.8902358996867,0
                  -55.8203349000023,-24.8903114006327,0
                  -55.8207321994963,-24.8902553006211,0
                </coordinates>
              </LinearRing>
            </outerBoundaryIs>
          </Polygon>
        </MultiGeometry>
      </Placemark>
      <Placemark id="Lote_D.74">
        <ExtendedData>
          <SchemaData schemaUrl="#Lote_D.schema">
            <SimpleData name="Cédula">3618939.00000000000</SimpleData>
            <SimpleData name="Nombres_y_">YLSIA DINA MARTINEZ PANIAGUA</SimpleData>
            <SimpleData name="Sexo">Mujer</SimpleData>
            <SimpleData name="Cambio_de_">NO</SimpleData>
            <SimpleData name="Titular_se">NO</SimpleData>
            <SimpleData name="ci_UNIF">3618939.00000000000</SimpleData>
            <SimpleData name="Situación">NO</SimpleData>
            <SimpleData name="Comunidad">Campesina</SimpleData>
            <SimpleData name="Modelo_imp">Modelo 3</SimpleData>
            <SimpleData name="Departamen">CAAGUAZU</SimpleData>
            <SimpleData name="Distrito">SAN JOAQUIN</SimpleData>
            <SimpleData name="Localidad">CELANO</SimpleData>
            <SimpleData name="Teléfono">0982496391</SimpleData>
            <SimpleData name="Vivienda_L">-25.12658730000</SimpleData>
            <SimpleData name="Vivienda_1">-56.07582550000</SimpleData>
            <SimpleData name="Superficie">1.00000000000</SimpleData>
            <SimpleData name="Situaci_1">Par?metro</SimpleData>
            <SimpleData name="Plantado">SI</SimpleData>
            <SimpleData name="Plantado_f">2025/11/26</SimpleData>
            <SimpleData name="Jornales">0.00000000000</SimpleData>
            <SimpleData name="Monto">0.00000000000</SimpleData>
            <SimpleData name="Grupo_de_p">D-P1</SimpleData>
            <SimpleData name="Estado_del">Activo</SimpleData>
            <SimpleData name="Empresa">Unique Wood Paraguay SA</SimpleData>
            <SimpleData name="Lote">D</SimpleData>
            <SimpleData name="Parametro">1.00000000000</SimpleData>
            <SimpleData name="Sup_Sig">0.99537219938</SimpleData>
            <SimpleData name="Situacion">Cumple</SimpleData>
            <SimpleData name="X">-56.08248491000</SimpleData>
            <SimpleData name="Y">-25.13288461000</SimpleData>
            <SimpleData name="Shape_Leng">404.09635648500</SimpleData>
            <SimpleData name="Shape_Area">9953.72199377000</SimpleData>
          </SchemaData>
        </ExtendedData>
        <Polygon>
          <outerBoundaryIs>
            <LinearRing>
              <coordinates>
                -56.0817721998742,-25.1330172998689,0
                -56.0824556002956,-25.1335215001908,0
                -56.0831399999252,-25.1328349995984,0
                -56.082615600367,-25.1321965002261,0
                -56.0817721998742,-25.1330172998689,0
              </coordinates>
            </LinearRing>
          </outerBoundaryIs>
        </Polygon>
      </Placemark>
      <Placemark id="Lote_D.75">
        <ExtendedData>
          <SchemaData schemaUrl="#Lote_D.schema">
            <SimpleData name="Cédula">6676972.00000000000</SimpleData>
            <SimpleData name="Nombres_y_">GLORIA MABEL LOVERA DUARTE</SimpleData>
            <SimpleData name="Sexo">Mujer</SimpleData>
            <SimpleData name="Cambio_de_">NO</SimpleData>
            <SimpleData name="Titular_se">NO</SimpleData>
            <SimpleData name="ci_UNIF">6676972.00000000000</SimpleData>
            <SimpleData name="Situación">NO</SimpleData>
            <SimpleData name="Comunidad">Campesina</SimpleData>
            <SimpleData name="Modelo_imp">Modelo 5</SimpleData>
            <SimpleData name="Departamen">CAAGUAZU</SimpleData>
            <SimpleData name="Distrito">SAN JOAQUIN</SimpleData>
            <SimpleData name="Localidad">VIRGEN DEL CARMEN</SimpleData>
            <SimpleData name="Teléfono">0986977185</SimpleData>
            <SimpleData name="Vivienda_L">-25.04174880000</SimpleData>
            <SimpleData name="Vivienda_1">-56.11279080000</SimpleData>
            <SimpleData name="Superficie">0.70000000000</SimpleData>
            <SimpleData name="Situaci_1">Pol?gono</SimpleData>
            <SimpleData name="Plantado">SI</SimpleData>
            <SimpleData name="Plantado_f">2025/10/13</SimpleData>
            <SimpleData name="Jornales">0.00000000000</SimpleData>
            <SimpleData name="Monto">0.00000000000</SimpleData>
            <SimpleData name="Grupo_de_p">D-P1</SimpleData>
            <SimpleData name="Estado_del">Activo</SimpleData>
            <SimpleData name="Empresa">Unique Wood Paraguay SA</SimpleData>
            <SimpleData name="Lote">D</SimpleData>
            <SimpleData name="Parametro">0.70000000000</SimpleData>
            <SimpleData name="Sup_Sig">0.78471771945</SimpleData>
            <SimpleData name="Situacion">Cumple</SimpleData>
            <SimpleData name="X">-56.11330990000</SimpleData>
            <SimpleData name="Y">-25.04142583000</SimpleData>
            <SimpleData name="Shape_Leng">507.48022062800</SimpleData>
            <SimpleData name="Shape_Area">7847.17719453000</SimpleData>
          </SchemaData>
        </ExtendedData>
        <MultiGeometry>
          <Polygon>
            <outerBoundaryIs>
              <LinearRing>
                <coordinates>
                  -56.1136489994229,-25.0420566997326,0
                  -56.1138392995127,-25.0411351008365,0
                  -56.113263300091,-25.041050000119,0
                  -56.1131532996004,-25.0419767001735,0
                  -56.1136489994229,-25.0420566997326,0
                </coordinates>
              </LinearRing>
            </outerBoundaryIs>
          </Polygon>
          <Polygon>
            <outerBoundaryIs>
              <LinearRing>
                <coordinates>
                  -56.1131492004417,-25.0413017009359,0
                  -56.1131685989237,-25.0409752000453,0
                  -56.1126165998057,-25.040921200627,0
                  -56.1125661992243,-25.0412763004601,0
                  -56.1131492004417,-25.0413017009359,0
                </coordinates>
              </LinearRing>
            </outerBoundaryIs>
          </Polygon>
        </MultiGeometry>
      </Placemark>
      <Placemark id="Lote_D.76">
        <ExtendedData>
          <SchemaData schemaUrl="#Lote_D.schema">
            <SimpleData name="Cédula">7176752.00000000000</SimpleData>
            <SimpleData name="Nombres_y_">RUMILDA  FLORES GONZALEZ</SimpleData>
            <SimpleData name="Sexo">Mujer</SimpleData>
            <SimpleData name="Cambio_de_">NO</SimpleData>
            <SimpleData name="Titular_se">NO</SimpleData>
            <SimpleData name="ci_UNIF">7176752.00000000000</SimpleData>
            <SimpleData name="Situación">NO</SimpleData>
            <SimpleData name="Comunidad">Campesina</SimpleData>
            <SimpleData name="Modelo_imp">Modelo 6</SimpleData>
            <SimpleData name="Departamen">CAAGUAZU</SimpleData>
            <SimpleData name="Distrito">SAN JOAQUIN</SimpleData>
            <SimpleData name="Localidad">PIRI POTY</SimpleData>
            <SimpleData name="Teléfono">0983297580</SimpleData>
            <SimpleData name="Vivienda_L">-25.04952430000</SimpleData>
            <SimpleData name="Vivienda_1">-56.06559230000</SimpleData>
            <SimpleData name="Superficie">0.90000000000</SimpleData>
            <SimpleData name="Situaci_1">Pol?gono</SimpleData>
            <SimpleData name="Plantado">SI</SimpleData>
            <SimpleData name="Plantado_f">2025/09/23</SimpleData>
            <SimpleData name="Jornales">0.00000000000</SimpleData>
            <SimpleData name="Monto">0.00000000000</SimpleData>
            <SimpleData name="Grupo_de_p">D-P1</SimpleData>
            <SimpleData name="Estado_del">Activo</SimpleData>
            <SimpleData name="Empresa">Unique Wood Paraguay SA</SimpleData>
            <SimpleData name="Lote">D</SimpleData>
            <SimpleData name="Parametro">0.90000000000</SimpleData>
            <SimpleData name="Sup_Sig">0.90909335034</SimpleData>
            <SimpleData name="Situacion">Cumple</SimpleData>
            <SimpleData name="X">-56.06532377000</SimpleData>
            <SimpleData name="Y">-25.05034748000</SimpleData>
            <SimpleData name="Shape_Leng">395.67548826000</SimpleData>
            <SimpleData name="Shape_Area">9090.93350341000</SimpleData>
          </SchemaData>
        </ExtendedData>
        <Polygon>
          <outerBoundaryIs>
            <LinearRing>
              <coordinates>
                -56.0655905997017,-25.0497882999907,0
                -56.0651771998339,-25.0498707999286,0
                -56.0648016002696,-25.0498457001113,0
                -56.0650659998636,-25.0509239993645,0
                -56.0658522995838,-25.0507653997205,0
                -56.065636699928,-25.0499867002619,0
                -56.0655905997017,-25.0497882999907,0
              </coordinates>
            </LinearRing>
          </outerBoundaryIs>
        </Polygon>
      </Placemark>
      <Placemark id="Lote_D.77">
        <ExtendedData>
          <SchemaData schemaUrl="#Lote_D.schema">
            <SimpleData name="Cédula">5484987.00000000000</SimpleData>
            <SimpleData name="Nombres_y_">OSVALDA AQUINO VAZQUEZ</SimpleData>
            <SimpleData name="Sexo">Mujer</SimpleData>
            <SimpleData name="Cambio_de_">NO</SimpleData>
            <SimpleData name="Titular_se">NO</SimpleData>
            <SimpleData name="ci_UNIF">5484987.00000000000</SimpleData>
            <SimpleData name="Situación">NO</SimpleData>
            <SimpleData name="Comunidad">Ind?gena</SimpleData>
            <SimpleData name="Modelo_imp">Modelo 5</SimpleData>
            <SimpleData name="Departamen">CAAGUAZU</SimpleData>
            <SimpleData name="Distrito">YH?</SimpleData>
            <SimpleData name="Localidad">COM INDIG AMAMBAY ARROYO GUAZU</SimpleData>
            <SimpleData name="Teléfono">0985931261</SimpleData>
            <SimpleData name="Vivienda_L">-24.90169590000</SimpleData>
            <SimpleData name="Vivienda_1">-55.85867220000</SimpleData>
            <SimpleData name="Superficie">0.70000000000</SimpleData>
            <SimpleData name="Situaci_1">Pol?gono</SimpleData>
            <SimpleData name="Plantado">SI</SimpleData>
            <SimpleData name="Plantado_f">2025/10/22</SimpleData>
            <SimpleData name="Jornales">0.00000000000</SimpleData>
            <SimpleData name="Monto">0.00000000000</SimpleData>
            <SimpleData name="Grupo_de_p">D-P1</SimpleData>
            <SimpleData name="Estado_del">Activo</SimpleData>
            <SimpleData name="Empresa">Unique Wood Paraguay SA</SimpleData>
            <SimpleData name="Lote">D</SimpleData>
            <SimpleData name="Parametro">0.70000000000</SimpleData>
            <SimpleData name="Sup_Sig">0.75531376404</SimpleData>
            <SimpleData name="Situacion">Cumple</SimpleData>
            <SimpleData name="X">-55.85778473000</SimpleData>
            <SimpleData name="Y">-24.90265993000</SimpleData>
            <SimpleData name="Shape_Leng">352.37378159200</SimpleData>
            <SimpleData name="Shape_Area">7553.13764042000</SimpleData>
          </SchemaData>
        </ExtendedData>
        <Polygon>
          <outerBoundaryIs>
            <LinearRing>
              <coordinates>
                -55.8571711002733,-24.9025648006923,0
                -55.8578357998195,-24.903202200583,0
                -55.8584022005817,-24.9028236995123,0
                -55.857735300235,-24.9020841003519,0
                -55.8571711002733,-24.9025648006923,0
              </coordinates>
            </LinearRing>
          </outerBoundaryIs>
        </Polygon>
      </Placemark>
      <Placemark id="Lote_D.78">
        <ExtendedData>
          <SchemaData schemaUrl="#Lote_D.schema">
            <SimpleData name="Cédula">7840370.00000000000</SimpleData>
            <SimpleData name="Nombres_y_">NOELIA  RAMOS COLMAN</SimpleData>
            <SimpleData name="Sexo">Mujer</SimpleData>
            <SimpleData name="Cambio_de_">NO</SimpleData>
            <SimpleData name="Titular_se">NO</SimpleData>
            <SimpleData name="ci_UNIF">7840370.00000000000</SimpleData>
            <SimpleData name="Situación">NO</SimpleData>
            <SimpleData name="Comunidad">Campesina</SimpleData>
            <SimpleData name="Modelo_imp">Modelo 6</SimpleData>
            <SimpleData name="Departamen">CAAGUAZU</SimpleData>
            <SimpleData name="Distrito">SAN JOAQUIN</SimpleData>
            <SimpleData name="Localidad">JAHAPE</SimpleData>
            <SimpleData name="Teléfono">0984556802</SimpleData>
            <SimpleData name="Vivienda_L">-24.99722810000</SimpleData>
            <SimpleData name="Vivienda_1">-55.98583430000</SimpleData>
            <SimpleData name="Superficie">0.90000000000</SimpleData>
            <SimpleData name="Situaci_1">Pol?gono</SimpleData>
            <SimpleData name="Plantado">SI</SimpleData>
            <SimpleData name="Plantado_f">2025/10/30</SimpleData>
            <SimpleData name="Jornales">0.00000000000</SimpleData>
            <SimpleData name="Monto">0.00000000000</SimpleData>
            <SimpleData name="Grupo_de_p">D-P1</SimpleData>
            <SimpleData name="Estado_del">Activo</SimpleData>
            <SimpleData name="Empresa">Unique Wood Paraguay SA</SimpleData>
            <SimpleData name="Lote">D</SimpleData>
            <SimpleData name="Parametro">0.90000000000</SimpleData>
            <SimpleData name="Sup_Sig">0.98838057079</SimpleData>
            <SimpleData name="Situacion">Cumple</SimpleData>
            <SimpleData name="X">-55.98840679000</SimpleData>
            <SimpleData name="Y">-24.99699657000</SimpleData>
            <SimpleData name="Shape_Leng">398.52852719900</SimpleData>
            <SimpleData name="Shape_Area">9883.80570793000</SimpleData>
          </SchemaData>
        </ExtendedData>
        <Polygon>
          <outerBoundaryIs>
            <LinearRing>
              <coordinates>
                -55.9878198006897,-24.9966283001934,0
                -55.9878676995888,-24.9974309994481,0
                -55.988384600083,-24.9974138995095,0
                -55.9890238001794,-24.9972506003908,0
                -55.9890000007735,-24.9966082994228,0
                -55.9878198006897,-24.9966283001934,0
              </coordinates>
            </LinearRing>
          </outerBoundaryIs>
        </Polygon>
      </Placemark>
      <Placemark id="Lote_D.79">
        <ExtendedData>
          <SchemaData schemaUrl="#Lote_D.schema">
            <SimpleData name="Cédula">6211421.00000000000</SimpleData>
            <SimpleData name="Nombres_y_">LORENA SOSA ARAUJO</SimpleData>
            <SimpleData name="Sexo">Mujer</SimpleData>
            <SimpleData name="Cambio_de_">NO</SimpleData>
            <SimpleData name="Titular_se">NO</SimpleData>
            <SimpleData name="ci_UNIF">6211421.00000000000</SimpleData>
            <SimpleData name="Situación">NO</SimpleData>
            <SimpleData name="Comunidad">Campesina</SimpleData>
            <SimpleData name="Modelo_imp">Modelo 2</SimpleData>
            <SimpleData name="Departamen">CAAGUAZU</SimpleData>
            <SimpleData name="Distrito">SAN JOAQUIN</SimpleData>
            <SimpleData name="Localidad">CARPA CUE</SimpleData>
            <SimpleData name="Teléfono">0982181302</SimpleData>
            <SimpleData name="Vivienda_L">-25.14590600000</SimpleData>
            <SimpleData name="Vivienda_1">-56.06185450000</SimpleData>
            <SimpleData name="Superficie">0.80000000000</SimpleData>
            <SimpleData name="Situaci_1">Pol?gono</SimpleData>
            <SimpleData name="Plantado">SI</SimpleData>
            <SimpleData name="Plantado_f">2025/10/02</SimpleData>
            <SimpleData name="Jornales">0.00000000000</SimpleData>
            <SimpleData name="Monto">0.00000000000</SimpleData>
            <SimpleData name="Grupo_de_p">D-P1</SimpleData>
            <SimpleData name="Estado_del">Activo</SimpleData>
            <SimpleData name="Empresa">Unique Wood Paraguay SA</SimpleData>
            <SimpleData name="Lote">D</SimpleData>
            <SimpleData name="Parametro">0.80000000000</SimpleData>
            <SimpleData name="Sup_Sig">0.94016760567</SimpleData>
            <SimpleData name="Situacion">Cumple</SimpleData>
            <SimpleData name="X">-56.06550013000</SimpleData>
            <SimpleData name="Y">-25.14928551000</SimpleData>
            <SimpleData name="Shape_Leng">569.77566288100</SimpleData>
            <SimpleData name="Shape_Area">9401.67605668000</SimpleData>
          </SchemaData>
        </ExtendedData>
        <MultiGeometry>
          <Polygon>
            <outerBoundaryIs>
              <LinearRing>
                <coordinates>
                  -56.0653806997046,-25.1497215996998,0
                  -56.0661312997768,-25.1493010004482,0
                  -56.0656237999466,-25.1488438003897,0
                  -56.0648645004966,-25.1492812998853,0
                  -56.0653806997046,-25.1497215996998,0
                </coordinates>
              </LinearRing>
            </outerBoundaryIs>
          </Polygon>
          <Polygon>
            <outerBoundaryIs>
              <LinearRing>
                <coordinates>
                  -56.0623930998618,-25.1469658002088,0
                  -56.0630719997119,-25.146457000183,0
                  -56.0628337004979,-25.1462477001557,0
                  -56.06214169979,-25.146684799957,0
                  -56.0623930998618,-25.1469658002088,0
                </coordinates>
              </LinearRing>
            </outerBoundaryIs>
          </Polygon>
        </MultiGeometry>
      </Placemark>
      <Placemark id="Lote_D.80">
        <ExtendedData>
          <SchemaData schemaUrl="#Lote_D.schema">
            <SimpleData name="Cédula">3248240.00000000000</SimpleData>
            <SimpleData name="Nombres_y_">NANCY DOLORES CASTILLO MILTOS</SimpleData>
            <SimpleData name="Sexo">Mujer</SimpleData>
            <SimpleData name="Cambio_de_">NO</SimpleData>
            <SimpleData name="Titular_se">NO</SimpleData>
            <SimpleData name="ci_UNIF">3248240.00000000000</SimpleData>
            <SimpleData name="Situación">NO</SimpleData>
            <SimpleData name="Comunidad">Campesina</SimpleData>
            <SimpleData name="Modelo_imp">Modelo 5</SimpleData>
            <SimpleData name="Departamen">CAAGUAZU</SimpleData>
            <SimpleData name="Distrito">SAN JOAQUIN</SimpleData>
            <SimpleData name="Localidad">R I 6 BOQUERON</SimpleData>
            <SimpleData name="Teléfono">0982699523</SimpleData>
            <SimpleData name="Vivienda_L">-25.08073920000</SimpleData>
            <SimpleData name="Vivienda_1">-56.08196380000</SimpleData>
            <SimpleData name="Superficie">0.70000000000</SimpleData>
            <SimpleData name="Situaci_1">Pol?gono</SimpleData>
            <SimpleData name="Plantado">SI</SimpleData>
            <SimpleData name="Plantado_f">2025/10/24</SimpleData>
            <SimpleData name="Jornales">0.00000000000</SimpleData>
            <SimpleData name="Monto">0.00000000000</SimpleData>
            <SimpleData name="Grupo_de_p">D-P1</SimpleData>
            <SimpleData name="Estado_del">Activo</SimpleData>
            <SimpleData name="Empresa">Unique Wood Paraguay SA</SimpleData>
            <SimpleData name="Lote">D</SimpleData>
            <SimpleData name="Parametro">0.70000000000</SimpleData>
            <SimpleData name="Sup_Sig">0.83204860498</SimpleData>
            <SimpleData name="Situacion">Cumple</SimpleData>
            <SimpleData name="X">-56.08323410000</SimpleData>
            <SimpleData name="Y">-25.08063464000</SimpleData>
            <SimpleData name="Shape_Leng">536.07116320900</SimpleData>
            <SimpleData name="Shape_Area">8320.48604982000</SimpleData>
          </SchemaData>
        </ExtendedData>
        <MultiGeometry>
          <Polygon>
            <outerBoundaryIs>
              <LinearRing>
                <coordinates>
                  -56.0828430991529,-25.0809986013099,0
                  -56.08378179951,-25.0806796999554,0
                  -56.0836237003769,-25.0802823003617,0
                  -56.0827043997056,-25.0805679006594,0
                  -56.0828430991529,-25.0809986013099,0
                </coordinates>
              </LinearRing>
            </outerBoundaryIs>
          </Polygon>
          <Polygon>
            <outerBoundaryIs>
              <LinearRing>
                <coordinates>
                  -56.0891287988309,-25.0791037995777,0
                  -56.0898027993031,-25.0789273006236,0
                  -56.089630799739,-25.0785021999463,0
                  -56.0889780002093,-25.0786589012425,0
                  -56.0891287988309,-25.0791037995777,0
                </coordinates>
              </LinearRing>
            </outerBoundaryIs>
          </Polygon>
        </MultiGeometry>
      </Placemark>
      <Placemark id="Lote_D.81">
        <ExtendedData>
          <SchemaData schemaUrl="#Lote_D.schema">
            <SimpleData name="Cédula">5147451.00000000000</SimpleData>
            <SimpleData name="Nombres_y_">ROSA SOSA BENITEZ</SimpleData>
            <SimpleData name="Sexo">Mujer</SimpleData>
            <SimpleData name="Cambio_de_">NO</SimpleData>
            <SimpleData name="Titular_se">NO</SimpleData>
            <SimpleData name="ci_UNIF">5147451.00000000000</SimpleData>
            <SimpleData name="Situación">NO</SimpleData>
            <SimpleData name="Comunidad">Ind?gena</SimpleData>
            <SimpleData name="Modelo_imp">Modelo 5</SimpleData>
            <SimpleData name="Departamen">CAAGUAZU</SimpleData>
            <SimpleData name="Distrito">SAN JOAQUIN</SimpleData>
            <SimpleData name="Localidad">COM INDIG SAN JORGE</SimpleData>
            <SimpleData name="Teléfono">0986342288</SimpleData>
            <SimpleData name="Vivienda_L">-25.06808090000</SimpleData>
            <SimpleData name="Vivienda_1">-56.08586210000</SimpleData>
            <SimpleData name="Superficie">0.70000000000</SimpleData>
            <SimpleData name="Situaci_1">Pol?gono</SimpleData>
            <SimpleData name="Plantado">SI</SimpleData>
            <SimpleData name="Plantado_f">2025/10/24</SimpleData>
            <SimpleData name="Jornales">0.00000000000</SimpleData>
            <SimpleData name="Monto">0.00000000000</SimpleData>
            <SimpleData name="Grupo_de_p">D-P1</SimpleData>
            <SimpleData name="Estado_del">Activo</SimpleData>
            <SimpleData name="Empresa">Unique Wood Paraguay SA</SimpleData>
            <SimpleData name="Lote">D</SimpleData>
            <SimpleData name="Parametro">0.70000000000</SimpleData>
            <SimpleData name="Sup_Sig">0.71010441228</SimpleData>
            <SimpleData name="Situacion">Cumple</SimpleData>
            <SimpleData name="X">-56.08624890000</SimpleData>
            <SimpleData name="Y">-25.06843284000</SimpleData>
            <SimpleData name="Shape_Leng">399.83274613900</SimpleData>
            <SimpleData name="Shape_Area">7101.04412278000</SimpleData>
          </SchemaData>
        </ExtendedData>
        <Polygon>
          <outerBoundaryIs>
            <LinearRing>
              <coordinates>
                -56.0855548997053,-25.0685079998867,0
                -56.0856913000472,-25.0689133002357,0
                -56.0865239999792,-25.0686603006964,0
                -56.0866435003751,-25.0685862003203,0
                -56.0868483004407,-25.0684217005764,0
                -56.0866819009359,-25.068078900252,0
                -56.0865755996145,-25.0678999002382,0
                -56.0861726993311,-25.0679380000722,0
                -56.0862694007129,-25.0683017005626,0
                -56.0858550992556,-25.0684476003858,0
                -56.085824100479,-25.0684480000815,0
                -56.0855548997053,-25.0685079998867,0
              </coordinates>
            </LinearRing>
          </outerBoundaryIs>
        </Polygon>
      </Placemark>
      <Placemark id="Lote_D.82">
        <ExtendedData>
          <SchemaData schemaUrl="#Lote_D.schema">
            <SimpleData name="Cédula">6212855.00000000000</SimpleData>
            <SimpleData name="Nombres_y_">CEFERINA KRYPURANGI</SimpleData>
            <SimpleData name="Sexo">Mujer</SimpleData>
            <SimpleData name="Cambio_de_">NO</SimpleData>
            <SimpleData name="Titular_se">NO</SimpleData>
            <SimpleData name="ci_UNIF">6212855.00000000000</SimpleData>
            <SimpleData name="Situación">NO</SimpleData>
            <SimpleData name="Comunidad">Ind?gena</SimpleData>
            <SimpleData name="Modelo_imp">Modelo 2</SimpleData>
            <SimpleData name="Departamen">CAAGUAZU</SimpleData>
            <SimpleData name="Distrito">SAN JOAQUIN</SimpleData>
            <SimpleData name="Localidad">COM INDIG CERRO MOROTI</SimpleData>
            <SimpleData name="Teléfono">ND</SimpleData>
            <SimpleData name="Vivienda_L">-25.01729720000</SimpleData>
            <SimpleData name="Vivienda_1">-56.14248120000</SimpleData>
            <SimpleData name="Superficie">0.80000000000</SimpleData>
            <SimpleData name="Situaci_1">Pol?gono</SimpleData>
            <SimpleData name="Plantado">SI</SimpleData>
            <SimpleData name="Plantado_f">2025/10/08</SimpleData>
            <SimpleData name="Jornales">0.00000000000</SimpleData>
            <SimpleData name="Monto">0.00000000000</SimpleData>
            <SimpleData name="Grupo_de_p">D-P1</SimpleData>
            <SimpleData name="Estado_del">Activo</SimpleData>
            <SimpleData name="Empresa">Unique Wood Paraguay SA</SimpleData>
            <SimpleData name="Lote">D</SimpleData>
            <SimpleData name="Parametro">0.80000000000</SimpleData>
            <SimpleData name="Sup_Sig">0.82655138608</SimpleData>
            <SimpleData name="Situacion">Cumple</SimpleData>
            <SimpleData name="X">-56.14283330000</SimpleData>
            <SimpleData name="Y">-25.01619327000</SimpleData>
            <SimpleData name="Shape_Leng">415.26859930900</SimpleData>
            <SimpleData name="Shape_Area">8265.51386078000</SimpleData>
          </SchemaData>
        </ExtendedData>
        <Polygon>
          <outerBoundaryIs>
            <LinearRing>
              <coordinates>
                -56.1428041002038,-25.0168235001884,0
                -56.1431012993795,-25.0169498999462,0
                -56.1432583000819,-25.0157417001931,0
                -56.1424529006016,-25.015701399704,0
                -56.1423150002924,-25.0163682998815,0
                -56.1427567002526,-25.0164750004308,0
                -56.1428450001149,-25.0165082998592,0
                -56.1428041002038,-25.0168235001884,0
              </coordinates>
            </LinearRing>
          </outerBoundaryIs>
        </Polygon>
      </Placemark>
      <Placemark id="Lote_D.83">
        <ExtendedData>
          <SchemaData schemaUrl="#Lote_D.schema">
            <SimpleData name="Cédula">2681410.00000000000</SimpleData>
            <SimpleData name="Nombres_y_">NATIVIDAD DE MERCEDES PAREDES DE ACU?A</SimpleData>
            <SimpleData name="Sexo">Mujer</SimpleData>
            <SimpleData name="Cambio_de_">NO</SimpleData>
            <SimpleData name="Titular_se">NO</SimpleData>
            <SimpleData name="ci_UNIF">2681410.00000000000</SimpleData>
            <SimpleData name="Situación">NO</SimpleData>
            <SimpleData name="Comunidad">Campesina</SimpleData>
            <SimpleData name="Modelo_imp">Modelo 5</SimpleData>
            <SimpleData name="Departamen">CAAGUAZU</SimpleData>
            <SimpleData name="Distrito">YH?</SimpleData>
            <SimpleData name="Localidad">JUAN SINFORIANO BOGARIN</SimpleData>
            <SimpleData name="Teléfono">983891662</SimpleData>
            <SimpleData name="Vivienda_L">-25.16334670000</SimpleData>
            <SimpleData name="Vivienda_1">-55.93723670000</SimpleData>
            <SimpleData name="Superficie">0.70000000000</SimpleData>
            <SimpleData name="Situaci_1">Pol?gono</SimpleData>
            <SimpleData name="Plantado">SI</SimpleData>
            <SimpleData name="Plantado_f">2025/10/21</SimpleData>
            <SimpleData name="Jornales">0.00000000000</SimpleData>
            <SimpleData name="Monto">0.00000000000</SimpleData>
            <SimpleData name="Grupo_de_p">D-P1</SimpleData>
            <SimpleData name="Estado_del">Activo</SimpleData>
            <SimpleData name="Empresa">Unique Wood Paraguay SA</SimpleData>
            <SimpleData name="Lote">D</SimpleData>
            <SimpleData name="Parametro">0.70000000000</SimpleData>
            <SimpleData name="Sup_Sig">0.80935838413</SimpleData>
            <SimpleData name="Situacion">Cumple</SimpleData>
            <SimpleData name="X">-55.92988362000</SimpleData>
            <SimpleData name="Y">-25.16187924000</SimpleData>
            <SimpleData name="Shape_Leng">364.85129817900</SimpleData>
            <SimpleData name="Shape_Area">8093.58384133000</SimpleData>
          </SchemaData>
        </ExtendedData>
        <Polygon>
          <outerBoundaryIs>
            <LinearRing>
              <coordinates>
                -55.9294905003283,-25.1623297997945,0
                -55.9302374008296,-25.1623879999476,0
                -55.9302781995229,-25.1613955999328,0
                -55.929508299799,-25.1614116996684,0
                -55.9294905003283,-25.1623297997945,0
              </coordinates>
            </LinearRing>
          </outerBoundaryIs>
        </Polygon>
      </Placemark>
      <Placemark id="Lote_D.84">
        <ExtendedData>
          <SchemaData schemaUrl="#Lote_D.schema">
            <SimpleData name="Cédula">7110634.00000000000</SimpleData>
            <SimpleData name="Nombres_y_">GESSICA ROCIO GARAY RUIZ</SimpleData>
            <SimpleData name="Sexo">Mujer</SimpleData>
            <SimpleData name="Cambio_de_">NO</SimpleData>
            <SimpleData name="Titular_se">NO</SimpleData>
            <SimpleData name="ci_UNIF">7110634.00000000000</SimpleData>
            <SimpleData name="Situación">NO</SimpleData>
            <SimpleData name="Comunidad">Campesina</SimpleData>
            <SimpleData name="Modelo_imp">Modelo 1</SimpleData>
            <SimpleData name="Departamen">CAAGUAZU</SimpleData>
            <SimpleData name="Distrito">SAN JOAQUIN</SimpleData>
            <SimpleData name="Localidad">TACUAPI GUAZU</SimpleData>
            <SimpleData name="Teléfono">0983737924</SimpleData>
            <SimpleData name="Vivienda_L">-24.97814220000</SimpleData>
            <SimpleData name="Vivienda_1">-56.02560950000</SimpleData>
            <SimpleData name="Superficie">0.80000000000</SimpleData>
            <SimpleData name="Situaci_1">Pol?gono</SimpleData>
            <SimpleData name="Plantado">SI</SimpleData>
            <SimpleData name="Plantado_f">2025/10/01</SimpleData>
            <SimpleData name="Jornales">0.00000000000</SimpleData>
            <SimpleData name="Monto">0.00000000000</SimpleData>
            <SimpleData name="Grupo_de_p">D-P1</SimpleData>
            <SimpleData name="Estado_del">Activo</SimpleData>
            <SimpleData name="Empresa">Unique Wood Paraguay SA</SimpleData>
            <SimpleData name="Lote">D</SimpleData>
            <SimpleData name="Parametro">0.80000000000</SimpleData>
            <SimpleData name="Sup_Sig">0.83946607394</SimpleData>
            <SimpleData name="Situacion">Cumple</SimpleData>
            <SimpleData name="X">-56.02694496000</SimpleData>
            <SimpleData name="Y">-24.97863272000</SimpleData>
            <SimpleData name="Shape_Leng">367.02927022800</SimpleData>
            <SimpleData name="Shape_Area">8394.66073935000</SimpleData>
          </SchemaData>
        </ExtendedData>
        <Polygon>
          <outerBoundaryIs>
            <LinearRing>
              <coordinates>
                -56.0263755000543,-24.9789645001353,0
                -56.0273133000479,-24.9790963998831,0
                -56.0274827004594,-24.9783196000814,0
                -56.0266402005757,-24.9781318999924,0
                -56.0263755000543,-24.9789645001353,0
              </coordinates>
            </LinearRing>
          </outerBoundaryIs>
        </Polygon>
      </Placemark>
      <Placemark id="Lote_D.85">
        <ExtendedData>
          <SchemaData schemaUrl="#Lote_D.schema">
            <SimpleData name="Cédula">6598196.00000000000</SimpleData>
            <SimpleData name="Nombres_y_">BLANCA AMADA MAIDANA MERELES</SimpleData>
            <SimpleData name="Sexo">Mujer</SimpleData>
            <SimpleData name="Cambio_de_">NO</SimpleData>
            <SimpleData name="Titular_se">NO</SimpleData>
            <SimpleData name="ci_UNIF">6598196.00000000000</SimpleData>
            <SimpleData name="Situación">NO</SimpleData>
            <SimpleData name="Comunidad">Campesina</SimpleData>
            <SimpleData name="Modelo_imp">Modelo 1</SimpleData>
            <SimpleData name="Departamen">CAAGUAZU</SimpleData>
            <SimpleData name="Distrito">SAN JOAQUIN</SimpleData>
            <SimpleData name="Localidad">PIRI POTY</SimpleData>
            <SimpleData name="Teléfono">0982389423</SimpleData>
            <SimpleData name="Vivienda_L">-25.04520680000</SimpleData>
            <SimpleData name="Vivienda_1">-56.07139600000</SimpleData>
            <SimpleData name="Superficie">0.80000000000</SimpleData>
            <SimpleData name="Situaci_1">Pol?gono</SimpleData>
            <SimpleData name="Plantado">SI</SimpleData>
            <SimpleData name="Plantado_f">2025/10/11</SimpleData>
            <SimpleData name="Jornales">0.00000000000</SimpleData>
            <SimpleData name="Monto">0.00000000000</SimpleData>
            <SimpleData name="Grupo_de_p">D-P1</SimpleData>
            <SimpleData name="Estado_del">Activo</SimpleData>
            <SimpleData name="Empresa">Unique Wood Paraguay SA</SimpleData>
            <SimpleData name="Lote">D</SimpleData>
            <SimpleData name="Parametro">0.80000000000</SimpleData>
            <SimpleData name="Sup_Sig">0.88923790783</SimpleData>
            <SimpleData name="Situacion">Cumple</SimpleData>
            <SimpleData name="X">-56.07172848000</SimpleData>
            <SimpleData name="Y">-25.04446141000</SimpleData>
            <SimpleData name="Shape_Leng">528.01061522300</SimpleData>
            <SimpleData name="Shape_Area">8892.37907826000</SimpleData>
          </SchemaData>
        </ExtendedData>
        <Polygon>
          <outerBoundaryIs>
            <LinearRing>
              <coordinates>
                -56.0710754998373,-25.0440894000823,0
                -56.0709331996015,-25.0446838001676,0
                -56.071382500254,-25.044733499953,0
                -56.0713943004947,-25.0447865001362,0
                -56.0719264998788,-25.0448524002262,0
                -56.0720204001787,-25.0444623001898,0
                -56.0729634997777,-25.0445839997592,0
                -56.07297740009,-25.0444095999228,0
                -56.0710754998373,-25.0440894000823,0
              </coordinates>
            </LinearRing>
          </outerBoundaryIs>
        </Polygon>
      </Placemark>
      <Placemark id="Lote_D.86">
        <ExtendedData>
          <SchemaData schemaUrl="#Lote_D.schema">
            <SimpleData name="Cédula">7077977.00000000000</SimpleData>
            <SimpleData name="Nombres_y_">ALICIO ESCOBAR GAUTO</SimpleData>
            <SimpleData name="Sexo">Hombre</SimpleData>
            <SimpleData name="Cambio_de_">NO</SimpleData>
            <SimpleData name="Titular_se">NO</SimpleData>
            <SimpleData name="ci_UNIF">7077977.00000000000</SimpleData>
            <SimpleData name="Situación">NO</SimpleData>
            <SimpleData name="Comunidad">Ind?gena</SimpleData>
            <SimpleData name="Modelo_imp">Modelo 5</SimpleData>
            <SimpleData name="Departamen">CAAGUAZU</SimpleData>
            <SimpleData name="Distrito">SAN JOAQUIN</SimpleData>
            <SimpleData name="Localidad">COM INDIG SAN JORGE</SimpleData>
            <SimpleData name="Teléfono">0984954098</SimpleData>
            <SimpleData name="Vivienda_L">-25.06865600000</SimpleData>
            <SimpleData name="Vivienda_1">-56.08262140000</SimpleData>
            <SimpleData name="Superficie">0.70000000000</SimpleData>
            <SimpleData name="Situaci_1">Pol?gono</SimpleData>
            <SimpleData name="Plantado">SI</SimpleData>
            <SimpleData name="Plantado_f">2025/10/24</SimpleData>
            <SimpleData name="Jornales">0.00000000000</SimpleData>
            <SimpleData name="Monto">0.00000000000</SimpleData>
            <SimpleData name="Grupo_de_p">D-P1</SimpleData>
            <SimpleData name="Estado_del">Activo</SimpleData>
            <SimpleData name="Empresa">Unique Wood Paraguay SA</SimpleData>
            <SimpleData name="Lote">D</SimpleData>
            <SimpleData name="Parametro">0.70000000000</SimpleData>
            <SimpleData name="Sup_Sig">0.75011522860</SimpleData>
            <SimpleData name="Situacion">Cumple</SimpleData>
            <SimpleData name="X">-56.08527732000</SimpleData>
            <SimpleData name="Y">-25.06872953000</SimpleData>
            <SimpleData name="Shape_Leng">559.15258061600</SimpleData>
            <SimpleData name="Shape_Area">7501.15228600000</SimpleData>
          </SchemaData>
        </ExtendedData>
        <MultiGeometry>
          <Polygon>
            <outerBoundaryIs>
              <LinearRing>
                <coordinates>
                  -56.0850817003431,-25.069088300448,0
                  -56.08567590022,-25.068911900516,0
                  -56.0855282990979,-25.0684949010782,0
                  -56.0855516995834,-25.0684667010198,0
                  -56.085436498399,-25.0680913003154,0
                  -56.0852399992791,-25.0681421003884,0
                  -56.0853405995211,-25.0684090002158,0
                  -56.0848786986773,-25.0685540007818,0
                  -56.0850817003431,-25.069088300448,0
                </coordinates>
              </LinearRing>
            </outerBoundaryIs>
          </Polygon>
          <Polygon>
            <outerBoundaryIs>
              <LinearRing>
                <coordinates>
                  -56.0846486001259,-25.0678734005896,0
                  -56.0854602998389,-25.0676713011147,0
                  -56.0853541054035,-25.0673932876498,0
                  -56.0853433005239,-25.0673650005925,0
                  -56.0853190331885,-25.067372575572,0
                  -56.084542099244,-25.0676151004783,0
                  -56.0846486001259,-25.0678734005896,0
                </coordinates>
              </LinearRing>
            </outerBoundaryIs>
          </Polygon>
        </MultiGeometry>
      </Placemark>
      <Placemark id="Lote_D.87">
        <ExtendedData>
          <SchemaData schemaUrl="#Lote_D.schema">
            <SimpleData name="Cédula">2568301.00000000000</SimpleData>
            <SimpleData name="Nombres_y_">ALICIA BENITEZ GIMENEZ</SimpleData>
            <SimpleData name="Sexo">Mujer</SimpleData>
            <SimpleData name="Cambio_de_">NO</SimpleData>
            <SimpleData name="Titular_se">NO</SimpleData>
            <SimpleData name="ci_UNIF">2568301.00000000000</SimpleData>
            <SimpleData name="Situación">NO</SimpleData>
            <SimpleData name="Comunidad">Campesina</SimpleData>
            <SimpleData name="Modelo_imp">Modelo 5</SimpleData>
            <SimpleData name="Departamen">CAAGUAZU</SimpleData>
            <SimpleData name="Distrito">SAN JOAQUIN</SimpleData>
            <SimpleData name="Localidad">VIRGEN DEL CARMEN</SimpleData>
            <SimpleData name="Teléfono">0982064294</SimpleData>
            <SimpleData name="Vivienda_L">-25.05238040000</SimpleData>
            <SimpleData name="Vivienda_1">-56.10894850000</SimpleData>
            <SimpleData name="Superficie">0.70000000000</SimpleData>
            <SimpleData name="Situaci_1">Pol?gono</SimpleData>
            <SimpleData name="Plantado">SI</SimpleData>
            <SimpleData name="Plantado_f">2025/10/30</SimpleData>
            <SimpleData name="Jornales">0.00000000000</SimpleData>
            <SimpleData name="Monto">0.00000000000</SimpleData>
            <SimpleData name="Grupo_de_p">D-P1</SimpleData>
            <SimpleData name="Estado_del">Activo</SimpleData>
            <SimpleData name="Empresa">Unique Wood Paraguay SA</SimpleData>
            <SimpleData name="Lote">D</SimpleData>
            <SimpleData name="Parametro">0.70000000000</SimpleData>
            <SimpleData name="Sup_Sig">0.71212473277</SimpleData>
            <SimpleData name="Situacion">Cumple</SimpleData>
            <SimpleData name="X">-56.10933140000</SimpleData>
            <SimpleData name="Y">-25.04841964000</SimpleData>
            <SimpleData name="Shape_Leng">370.71790783200</SimpleData>
            <SimpleData name="Shape_Area">7121.24732768000</SimpleData>
          </SchemaData>
        </ExtendedData>
        <Polygon>
          <outerBoundaryIs>
            <LinearRing>
              <coordinates>
                -56.1089932995395,-25.0489082999409,0
                -56.1094899993829,-25.0491032994062,0
                -56.1096917998712,-25.0478790004098,0
                -56.1091224003174,-25.0478197999567,0
                -56.1089932995395,-25.0489082999409,0
              </coordinates>
            </LinearRing>
          </outerBoundaryIs>
        </Polygon>
      </Placemark>
      <Placemark id="Lote_D.88">
        <ExtendedData>
          <SchemaData schemaUrl="#Lote_D.schema">
            <SimpleData name="Cédula">4666567.00000000000</SimpleData>
            <SimpleData name="Nombres_y_">ALICIA  MARTINEZ</SimpleData>
            <SimpleData name="Sexo">Mujer</SimpleData>
            <SimpleData name="Cambio_de_">NO</SimpleData>
            <SimpleData name="Titular_se">NO</SimpleData>
            <SimpleData name="ci_UNIF">4666567.00000000000</SimpleData>
            <SimpleData name="Situación">NO</SimpleData>
            <SimpleData name="Comunidad">Campesina</SimpleData>
            <SimpleData name="Modelo_imp">Modelo 1</SimpleData>
            <SimpleData name="Departamen">CAAGUAZU</SimpleData>
            <SimpleData name="Distrito">YH?</SimpleData>
            <SimpleData name="Localidad">JUKERI</SimpleData>
            <SimpleData name="Teléfono">981494770</SimpleData>
            <SimpleData name="Vivienda_L">-25.14853500000</SimpleData>
            <SimpleData name="Vivienda_1">-55.91758830000</SimpleData>
            <SimpleData name="Superficie">0.80000000000</SimpleData>
            <SimpleData name="Situaci_1">Pol?gono</SimpleData>
            <SimpleData name="Plantado">SI</SimpleData>
            <SimpleData name="Plantado_f">2025/10/24</SimpleData>
            <SimpleData name="Jornales">0.00000000000</SimpleData>
            <SimpleData name="Monto">0.00000000000</SimpleData>
            <SimpleData name="Grupo_de_p">D-P1</SimpleData>
            <SimpleData name="Estado_del">Activo</SimpleData>
            <SimpleData name="Empresa">Unique Wood Paraguay SA</SimpleData>
            <SimpleData name="Lote">D</SimpleData>
            <SimpleData name="Parametro">0.80000000000</SimpleData>
            <SimpleData name="Sup_Sig">0.85098371382</SimpleData>
            <SimpleData name="Situacion">Cumple</SimpleData>
            <SimpleData name="X">-55.91099548000</SimpleData>
            <SimpleData name="Y">-25.14448006000</SimpleData>
            <SimpleData name="Shape_Leng">369.28230909200</SimpleData>
            <SimpleData name="Shape_Area">8509.83713819000</SimpleData>
          </SchemaData>
        </ExtendedData>
        <Polygon>
          <outerBoundaryIs>
            <LinearRing>
              <coordinates>
                -55.9105076002088,-25.1448720996652,0
                -55.911428499398,-25.1449316002575,0
                -55.9114467001325,-25.1440569998782,0
                -55.9105868999367,-25.1440386998234,0
                -55.9105076002088,-25.1448720996652,0
              </coordinates>
            </LinearRing>
          </outerBoundaryIs>
        </Polygon>
      </Placemark>
      <Placemark id="Lote_D.89">
        <ExtendedData>
          <SchemaData schemaUrl="#Lote_D.schema">
            <SimpleData name="Cédula">2459590.00000000000</SimpleData>
            <SimpleData name="Nombres_y_">JUANA BAUTISTA MEZA ACOSTA</SimpleData>
            <SimpleData name="Sexo">Mujer</SimpleData>
            <SimpleData name="Cambio_de_">NO</SimpleData>
            <SimpleData name="Titular_se">NO</SimpleData>
            <SimpleData name="ci_UNIF">2459590.00000000000</SimpleData>
            <SimpleData name="Situación">NO</SimpleData>
            <SimpleData name="Comunidad">Campesina</SimpleData>
            <SimpleData name="Modelo_imp">Modelo 2</SimpleData>
            <SimpleData name="Departamen">CAAGUAZU</SimpleData>
            <SimpleData name="Distrito">SAN JOAQUIN</SimpleData>
            <SimpleData name="Localidad">JUAN SINFORIANO BOGARIN</SimpleData>
            <SimpleData name="Teléfono">0981317509</SimpleData>
            <SimpleData name="Vivienda_L">-25.11427450000</SimpleData>
            <SimpleData name="Vivienda_1">-56.05022870000</SimpleData>
            <SimpleData name="Superficie">0.80000000000</SimpleData>
            <SimpleData name="Situaci_1">Pol?gono</SimpleData>
            <SimpleData name="Plantado">SI</SimpleData>
            <SimpleData name="Plantado_f">2025/10/02</SimpleData>
            <SimpleData name="Jornales">0.00000000000</SimpleData>
            <SimpleData name="Monto">0.00000000000</SimpleData>
            <SimpleData name="Grupo_de_p">D-P1</SimpleData>
            <SimpleData name="Estado_del">Activo</SimpleData>
            <SimpleData name="Empresa">Unique Wood Paraguay SA</SimpleData>
            <SimpleData name="Lote">D</SimpleData>
            <SimpleData name="Parametro">0.80000000000</SimpleData>
            <SimpleData name="Sup_Sig">1.12766919880</SimpleData>
            <SimpleData name="Situacion">Cumple</SimpleData>
            <SimpleData name="X">-56.07469358000</SimpleData>
            <SimpleData name="Y">-25.09960959000</SimpleData>
            <SimpleData name="Shape_Leng">746.14484271100</SimpleData>
            <SimpleData name="Shape_Area">11276.69198800000</SimpleData>
          </SchemaData>
        </ExtendedData>
        <MultiGeometry>
          <Polygon>
            <outerBoundaryIs>
              <LinearRing>
                <coordinates>
                  -56.0755132997446,-25.1001467002584,0
                  -56.0761282999734,-25.0998216998012,0
                  -56.0759800002751,-25.0996083004674,0
                  -56.0754033002569,-25.0999200000959,0
                  -56.0755132997446,-25.1001467002584,0
                </coordinates>
              </LinearRing>
            </outerBoundaryIs>
          </Polygon>
          <Polygon>
            <outerBoundaryIs>
              <LinearRing>
                <coordinates>
                  -56.075145000256,-25.0995983002516,0
                  -56.0743979997229,-25.0991093998723,0
                  -56.0736185000027,-25.0994692004154,0
                  -56.073956999648,-25.1000148001505,0
                  -56.075145000256,-25.0995983002516,0
                </coordinates>
              </LinearRing>
            </outerBoundaryIs>
          </Polygon>
          <Polygon>
            <outerBoundaryIs>
              <LinearRing>
                <coordinates>
                  -56.0758435995942,-25.0994584999783,0
                  -56.0757668998951,-25.0993241003759,0
                  -56.0751831003938,-25.0995722003001,0
                  -56.0752633004734,-25.0997683001729,0
                  -56.0758435995942,-25.0994584999783,0
                </coordinates>
              </LinearRing>
            </outerBoundaryIs>
          </Polygon>
        </MultiGeometry>
      </Placemark>
      <Placemark id="Lote_D.90">
        <ExtendedData>
          <SchemaData schemaUrl="#Lote_D.schema">
            <SimpleData name="Cédula">6738105.00000000000</SimpleData>
            <SimpleData name="Nombres_y_">ROGELIA PYVUGI</SimpleData>
            <SimpleData name="Sexo">Mujer</SimpleData>
            <SimpleData name="Cambio_de_">NO</SimpleData>
            <SimpleData name="Titular_se">NO</SimpleData>
            <SimpleData name="ci_UNIF">6738105.00000000000</SimpleData>
            <SimpleData name="Situación">NO</SimpleData>
            <SimpleData name="Comunidad">Ind?gena</SimpleData>
            <SimpleData name="Modelo_imp">Modelo 2</SimpleData>
            <SimpleData name="Departamen">CAAGUAZU</SimpleData>
            <SimpleData name="Distrito">SAN JOAQUIN</SimpleData>
            <SimpleData name="Localidad">COM INDIG CERRO MOROTI</SimpleData>
            <SimpleData name="Teléfono">0983833063</SimpleData>
            <SimpleData name="Vivienda_L">-25.01615890000</SimpleData>
            <SimpleData name="Vivienda_1">-56.13975620000</SimpleData>
            <SimpleData name="Superficie">0.80000000000</SimpleData>
            <SimpleData name="Situaci_1">Pol?gono</SimpleData>
            <SimpleData name="Plantado">SI</SimpleData>
            <SimpleData name="Plantado_f">2025/09/23</SimpleData>
            <SimpleData name="Jornales">0.00000000000</SimpleData>
            <SimpleData name="Monto">0.00000000000</SimpleData>
            <SimpleData name="Grupo_de_p">D-P1</SimpleData>
            <SimpleData name="Estado_del">Activo</SimpleData>
            <SimpleData name="Empresa">Unique Wood Paraguay SA</SimpleData>
            <SimpleData name="Lote">D</SimpleData>
            <SimpleData name="Parametro">0.80000000000</SimpleData>
            <SimpleData name="Sup_Sig">0.86305950997</SimpleData>
            <SimpleData name="Situacion">Cumple</SimpleData>
            <SimpleData name="X">-56.14037013000</SimpleData>
            <SimpleData name="Y">-25.01494902000</SimpleData>
            <SimpleData name="Shape_Leng">411.01647372700</SimpleData>
            <SimpleData name="Shape_Area">8630.59509974000</SimpleData>
          </SchemaData>
        </ExtendedData>
        <Polygon>
          <outerBoundaryIs>
            <LinearRing>
              <coordinates>
                -56.1410195100979,-25.0154115898043,0
                -56.1410218001023,-25.0154121999444,0
                -56.1411013002002,-25.0149109003099,0
                -56.1410919035864,-25.0149077151845,0
                -56.1397220999094,-25.0144435994072,0
                -56.1397105998315,-25.0150629995308,0
                -56.1410195100979,-25.0154115898043,0
              </coordinates>
            </LinearRing>
          </outerBoundaryIs>
        </Polygon>
      </Placemark>
      <Placemark id="Lote_D.91">
        <ExtendedData>
          <SchemaData schemaUrl="#Lote_D.schema">
            <SimpleData name="Cédula">7940551.00000000000</SimpleData>
            <SimpleData name="Nombres_y_">MARIA ESCOBAR GAUTO</SimpleData>
            <SimpleData name="Sexo">Mujer</SimpleData>
            <SimpleData name="Cambio_de_">NO</SimpleData>
            <SimpleData name="Titular_se">NO</SimpleData>
            <SimpleData name="ci_UNIF">7940551.00000000000</SimpleData>
            <SimpleData name="Situación">NO</SimpleData>
            <SimpleData name="Comunidad">Ind?gena</SimpleData>
            <SimpleData name="Modelo_imp">Modelo 1</SimpleData>
            <SimpleData name="Departamen">CAAGUAZU</SimpleData>
            <SimpleData name="Distrito">SAN JOAQUIN</SimpleData>
            <SimpleData name="Localidad">COM INDIG SAN JORGE</SimpleData>
            <SimpleData name="Teléfono">0982622261</SimpleData>
            <SimpleData name="Vivienda_L">-25.06837770000</SimpleData>
            <SimpleData name="Vivienda_1">-56.08355060000</SimpleData>
            <SimpleData name="Superficie">0.80000000000</SimpleData>
            <SimpleData name="Situaci_1">Par?metro</SimpleData>
            <SimpleData name="Plantado">SI</SimpleData>
            <SimpleData name="Plantado_f">2026/02/03</SimpleData>
            <SimpleData name="Jornales">0.00000000000</SimpleData>
            <SimpleData name="Monto">0.00000000000</SimpleData>
            <SimpleData name="Grupo_de_p">D-P2</SimpleData>
            <SimpleData name="Estado_del">Activo</SimpleData>
            <SimpleData name="Empresa">Unique Wood Paraguay SA</SimpleData>
            <SimpleData name="Lote">D</SimpleData>
            <SimpleData name="Parametro">0.80000000000</SimpleData>
            <SimpleData name="Sup_Sig">0.80531151498</SimpleData>
            <SimpleData name="Situacion">Cumple</SimpleData>
            <SimpleData name="X">-56.08327935000</SimpleData>
            <SimpleData name="Y">-25.06746703000</SimpleData>
            <SimpleData name="Shape_Leng">359.31385650900</SimpleData>
            <SimpleData name="Shape_Area">8053.11514976000</SimpleData>
          </SchemaData>
        </ExtendedData>
        <Polygon>
          <outerBoundaryIs>
            <LinearRing>
              <coordinates>
                -56.08270250026,-25.067205099929,0
                -56.082989899691,-25.0679673003555,0
                -56.0838695002292,-25.067706899826,0
                -56.0835615004889,-25.0669774999611,0
                -56.08270250026,-25.067205099929,0
              </coordinates>
            </LinearRing>
          </outerBoundaryIs>
        </Polygon>
      </Placemark>
      <Placemark id="Lote_D.92">
        <ExtendedData>
          <SchemaData schemaUrl="#Lote_D.schema">
            <SimpleData name="Cédula">6902533.00000000000</SimpleData>
            <SimpleData name="Nombres_y_">LIZA KRYGI MARTINEZ AYALA</SimpleData>
            <SimpleData name="Sexo">Mujer</SimpleData>
            <SimpleData name="Cambio_de_">NO</SimpleData>
            <SimpleData name="Titular_se">NO</SimpleData>
            <SimpleData name="ci_UNIF">6902533.00000000000</SimpleData>
            <SimpleData name="Situación">NO</SimpleData>
            <SimpleData name="Comunidad">Ind?gena</SimpleData>
            <SimpleData name="Modelo_imp">Modelo 2</SimpleData>
            <SimpleData name="Departamen">CAAGUAZU</SimpleData>
            <SimpleData name="Distrito">SAN JOAQUIN</SimpleData>
            <SimpleData name="Localidad">COM INDIG CERRO MOROTI</SimpleData>
            <SimpleData name="Teléfono">ND</SimpleData>
            <SimpleData name="Vivienda_L">-25.01596280000</SimpleData>
            <SimpleData name="Vivienda_1">-56.13934300000</SimpleData>
            <SimpleData name="Superficie">0.80000000000</SimpleData>
            <SimpleData name="Situaci_1">Pol?gono</SimpleData>
            <SimpleData name="Plantado">SI</SimpleData>
            <SimpleData name="Plantado_f">2026/02/04</SimpleData>
            <SimpleData name="Jornales">0.00000000000</SimpleData>
            <SimpleData name="Monto">0.00000000000</SimpleData>
            <SimpleData name="Grupo_de_p">D-P2</SimpleData>
            <SimpleData name="Estado_del">Activo</SimpleData>
            <SimpleData name="Empresa">Unique Wood Paraguay SA</SimpleData>
            <SimpleData name="Lote">D</SimpleData>
            <SimpleData name="Parametro">0.80000000000</SimpleData>
            <SimpleData name="Sup_Sig">0.84692431205</SimpleData>
            <SimpleData name="Situacion">Cumple</SimpleData>
            <SimpleData name="X">-56.14038337000</SimpleData>
            <SimpleData name="Y">-25.01437097000</SimpleData>
            <SimpleData name="Shape_Leng">423.33019733600</SimpleData>
            <SimpleData name="Shape_Area">8469.24312045000</SimpleData>
          </SchemaData>
        </ExtendedData>
        <Polygon>
          <outerBoundaryIs>
            <LinearRing>
              <coordinates>
                -56.1406109190008,-25.0141961240667,0
                -56.1397268573428,-25.0138271149726,0
                -56.1397157999479,-25.0138224996691,0
                -56.1397071999754,-25.0144312002278,0
                -56.1410884996714,-25.0148638004668,0
                -56.1411492000365,-25.0144208000039,0
                -56.1406109190008,-25.0141961240667,0
              </coordinates>
            </LinearRing>
          </outerBoundaryIs>
        </Polygon>
      </Placemark>
      <Placemark id="Lote_D.93">
        <ExtendedData>
          <SchemaData schemaUrl="#Lote_D.schema">
            <SimpleData name="Cédula">6666005.00000000000</SimpleData>
            <SimpleData name="Nombres_y_">ALEXI  AMARILLA ROMAN</SimpleData>
            <SimpleData name="Sexo">Hombre</SimpleData>
            <SimpleData name="Cambio_de_">NO</SimpleData>
            <SimpleData name="Titular_se">NO</SimpleData>
            <SimpleData name="ci_UNIF">6666005.00000000000</SimpleData>
            <SimpleData name="Situación">NO</SimpleData>
            <SimpleData name="Comunidad">Campesina</SimpleData>
            <SimpleData name="Modelo_imp">Modelo 5</SimpleData>
            <SimpleData name="Departamen">CAAGUAZU</SimpleData>
            <SimpleData name="Distrito">CARAYAO</SimpleData>
            <SimpleData name="Localidad"><![CDATA[PARA'I]]></SimpleData>
            <SimpleData name="Teléfono">975353127</SimpleData>
            <SimpleData name="Vivienda_L">-25.17771330000</SimpleData>
            <SimpleData name="Vivienda_1">-56.23957580000</SimpleData>
            <SimpleData name="Superficie">0.70000000000</SimpleData>
            <SimpleData name="Situaci_1">Pol?gono</SimpleData>
            <SimpleData name="Plantado">SI</SimpleData>
            <SimpleData name="Plantado_f">2025/11/22</SimpleData>
            <SimpleData name="Jornales">0.00000000000</SimpleData>
            <SimpleData name="Monto">0.00000000000</SimpleData>
            <SimpleData name="Grupo_de_p">D-P1</SimpleData>
            <SimpleData name="Estado_del">Activo</SimpleData>
            <SimpleData name="Empresa">Unique Wood Paraguay SA</SimpleData>
            <SimpleData name="Lote">D</SimpleData>
            <SimpleData name="Parametro">0.70000000000</SimpleData>
            <SimpleData name="Sup_Sig">0.85785059346</SimpleData>
            <SimpleData name="Situacion">Cumple</SimpleData>
            <SimpleData name="X">-56.23852387000</SimpleData>
            <SimpleData name="Y">-25.17727698000</SimpleData>
            <SimpleData name="Shape_Leng">551.00649635700</SimpleData>
            <SimpleData name="Shape_Area">8578.50593463000</SimpleData>
          </SchemaData>
        </ExtendedData>
        <Polygon>
          <outerBoundaryIs>
            <LinearRing>
              <coordinates>
                -56.2373300002634,-25.1771277000735,0
                -56.2373507000157,-25.1774147004603,0
                -56.2391067001981,-25.1774933001383,0
                -56.2391383000972,-25.1773832993787,0
                -56.2397217005738,-25.1773912995359,0
                -56.2396912993319,-25.1770979996219,0
                -56.2373300002634,-25.1771277000735,0
              </coordinates>
            </LinearRing>
          </outerBoundaryIs>
        </Polygon>
      </Placemark>
      <Placemark id="Lote_D.94">
        <ExtendedData>
          <SchemaData schemaUrl="#Lote_D.schema">
            <SimpleData name="Cédula">4128098.00000000000</SimpleData>
            <SimpleData name="Nombres_y_">MARIA FELICIA GODOY</SimpleData>
            <SimpleData name="Sexo">Mujer</SimpleData>
            <SimpleData name="Cambio_de_">NO</SimpleData>
            <SimpleData name="Titular_se">NO</SimpleData>
            <SimpleData name="ci_UNIF">4128098.00000000000</SimpleData>
            <SimpleData name="Situación">NO</SimpleData>
            <SimpleData name="Comunidad">Campesina</SimpleData>
            <SimpleData name="Modelo_imp">Modelo 4</SimpleData>
            <SimpleData name="Departamen">CAAGUAZU</SimpleData>
            <SimpleData name="Distrito">SAN JOAQUIN</SimpleData>
            <SimpleData name="Localidad">?UAI</SimpleData>
            <SimpleData name="Teléfono">0982807439</SimpleData>
            <SimpleData name="Vivienda_L">-25.01043780000</SimpleData>
            <SimpleData name="Vivienda_1">-56.09418130000</SimpleData>
            <SimpleData name="Superficie">0.70000000000</SimpleData>
            <SimpleData name="Situaci_1">Pol?gono</SimpleData>
            <SimpleData name="Plantado">SI</SimpleData>
            <SimpleData name="Plantado_f">2025/11/26</SimpleData>
            <SimpleData name="Jornales">0.00000000000</SimpleData>
            <SimpleData name="Monto">0.00000000000</SimpleData>
            <SimpleData name="Grupo_de_p">D-P1</SimpleData>
            <SimpleData name="Estado_del">Activo</SimpleData>
            <SimpleData name="Empresa">Unique Wood Paraguay SA</SimpleData>
            <SimpleData name="Lote">D</SimpleData>
            <SimpleData name="Parametro">0.70000000000</SimpleData>
            <SimpleData name="Sup_Sig">0.75519049825</SimpleData>
            <SimpleData name="Situacion">Cumple</SimpleData>
            <SimpleData name="X">-56.09461294000</SimpleData>
            <SimpleData name="Y">-25.00703291000</SimpleData>
            <SimpleData name="Shape_Leng">360.63072008200</SimpleData>
            <SimpleData name="Shape_Area">7551.90498252000</SimpleData>
          </SchemaData>
        </ExtendedData>
        <Polygon>
          <outerBoundaryIs>
            <LinearRing>
              <coordinates>
                -56.0941597004527,-25.0075152999761,0
                -56.0948216998753,-25.0075495001935,0
                -56.0950725000043,-25.0066230003845,0
                -56.0944233003,-25.0064582994974,0
                -56.0941597004527,-25.0075152999761,0
              </coordinates>
            </LinearRing>
          </outerBoundaryIs>
        </Polygon>
      </Placemark>
      <Placemark id="Lote_D.95">
        <ExtendedData>
          <SchemaData schemaUrl="#Lote_D.schema">
            <SimpleData name="Cédula">5080197.00000000000</SimpleData>
            <SimpleData name="Nombres_y_">AIDEE SIMEONA RIOS RUIZ DIAZ</SimpleData>
            <SimpleData name="Sexo">Mujer</SimpleData>
            <SimpleData name="Cambio_de_">NO</SimpleData>
            <SimpleData name="Titular_se">NO</SimpleData>
            <SimpleData name="ci_UNIF">5080197.00000000000</SimpleData>
            <SimpleData name="Situación">NO</SimpleData>
            <SimpleData name="Comunidad">Campesina</SimpleData>
            <SimpleData name="Modelo_imp">Modelo 2</SimpleData>
            <SimpleData name="Departamen">CAAGUAZU</SimpleData>
            <SimpleData name="Distrito">CARAYAO</SimpleData>
            <SimpleData name="Localidad">PARA-I</SimpleData>
            <SimpleData name="Teléfono">0971460255</SimpleData>
            <SimpleData name="Vivienda_L">-25.17867140000</SimpleData>
            <SimpleData name="Vivienda_1">-56.24325210000</SimpleData>
            <SimpleData name="Superficie">0.80000000000</SimpleData>
            <SimpleData name="Situaci_1">Pol?gono</SimpleData>
            <SimpleData name="Plantado">SI</SimpleData>
            <SimpleData name="Plantado_f">2025/11/22</SimpleData>
            <SimpleData name="Jornales">0.00000000000</SimpleData>
            <SimpleData name="Monto">0.00000000000</SimpleData>
            <SimpleData name="Grupo_de_p">D-P1</SimpleData>
            <SimpleData name="Estado_del">Activo</SimpleData>
            <SimpleData name="Empresa">Unique Wood Paraguay SA</SimpleData>
            <SimpleData name="Lote">D</SimpleData>
            <SimpleData name="Parametro">0.80000000000</SimpleData>
            <SimpleData name="Sup_Sig">0.80365252123</SimpleData>
            <SimpleData name="Situacion">Cumple</SimpleData>
            <SimpleData name="X">-56.24338599000</SimpleData>
            <SimpleData name="Y">-25.17420862000</SimpleData>
            <SimpleData name="Shape_Leng">380.81949160000</SimpleData>
            <SimpleData name="Shape_Area">8036.52521230000</SimpleData>
          </SchemaData>
        </ExtendedData>
        <Polygon>
          <outerBoundaryIs>
            <LinearRing>
              <coordinates>
                -56.243074700384,-25.174783599817,0
                -56.2436825000309,-25.1747933000725,0
                -56.2437131999942,-25.1736246004632,0
                -56.2430657993415,-25.1736569998051,0
                -56.243074700384,-25.174783599817,0
              </coordinates>
            </LinearRing>
          </outerBoundaryIs>
        </Polygon>
      </Placemark>
      <Placemark id="Lote_D.96">
        <ExtendedData>
          <SchemaData schemaUrl="#Lote_D.schema">
            <SimpleData name="Cédula">6212860.00000000000</SimpleData>
            <SimpleData name="Nombres_y_">HIGINIA ROKOGI DUARTE</SimpleData>
            <SimpleData name="Sexo">Mujer</SimpleData>
            <SimpleData name="Cambio_de_">NO</SimpleData>
            <SimpleData name="Titular_se">NO</SimpleData>
            <SimpleData name="ci_UNIF">6212860.00000000000</SimpleData>
            <SimpleData name="Situación">NO</SimpleData>
            <SimpleData name="Comunidad">Ind?gena</SimpleData>
            <SimpleData name="Modelo_imp">Modelo 2</SimpleData>
            <SimpleData name="Departamen">CAAGUAZU</SimpleData>
            <SimpleData name="Distrito">SAN JOAQUIN</SimpleData>
            <SimpleData name="Localidad">COM INDIG CERRO MOROTI</SimpleData>
            <SimpleData name="Teléfono">0984247251</SimpleData>
            <SimpleData name="Vivienda_L">-25.01655790000</SimpleData>
            <SimpleData name="Vivienda_1">-56.14060790000</SimpleData>
            <SimpleData name="Superficie">0.80000000000</SimpleData>
            <SimpleData name="Situaci_1">Pol?gono</SimpleData>
            <SimpleData name="Plantado">SI</SimpleData>
            <SimpleData name="Plantado_f">2025/09/23</SimpleData>
            <SimpleData name="Jornales">0.00000000000</SimpleData>
            <SimpleData name="Monto">0.00000000000</SimpleData>
            <SimpleData name="Grupo_de_p">D-P1</SimpleData>
            <SimpleData name="Estado_del">Activo</SimpleData>
            <SimpleData name="Empresa">Unique Wood Paraguay SA</SimpleData>
            <SimpleData name="Lote">D</SimpleData>
            <SimpleData name="Parametro">0.80000000000</SimpleData>
            <SimpleData name="Sup_Sig">0.89107437845</SimpleData>
            <SimpleData name="Situacion">Cumple</SimpleData>
            <SimpleData name="X">-56.14036820000</SimpleData>
            <SimpleData name="Y">-25.01555653000</SimpleData>
            <SimpleData name="Shape_Leng">408.07802950200</SimpleData>
            <SimpleData name="Shape_Area">8910.74378451000</SimpleData>
          </SchemaData>
        </ExtendedData>
        <Polygon>
          <outerBoundaryIs>
            <LinearRing>
              <coordinates>
                -56.1397097004634,-25.0156162996025,0
                -56.1408980005086,-25.0160990994318,0
                -56.1410268004612,-25.0154708001168,0
                -56.1409980999673,-25.0154643997094,0
                -56.1410166996387,-25.0154167001357,0
                -56.1397167003636,-25.0150683004627,0
                -56.1397097004634,-25.0156162996025,0
              </coordinates>
            </LinearRing>
          </outerBoundaryIs>
        </Polygon>
      </Placemark>
      <Placemark id="Lote_D.97">
        <ExtendedData>
          <SchemaData schemaUrl="#Lote_D.schema">
            <SimpleData name="Cédula">7342282.00000000000</SimpleData>
            <SimpleData name="Nombres_y_">VILMA OLMEDO VERA</SimpleData>
            <SimpleData name="Sexo">Mujer</SimpleData>
            <SimpleData name="Cambio_de_">NO</SimpleData>
            <SimpleData name="Titular_se">NO</SimpleData>
            <SimpleData name="ci_UNIF">7342282.00000000000</SimpleData>
            <SimpleData name="Situación">NO</SimpleData>
            <SimpleData name="Comunidad">Ind?gena</SimpleData>
            <SimpleData name="Modelo_imp">Modelo 2</SimpleData>
            <SimpleData name="Departamen">CAAGUAZU</SimpleData>
            <SimpleData name="Distrito">YH?</SimpleData>
            <SimpleData name="Localidad">COM INDIG AMAMBAY ARROYO GUAZU</SimpleData>
            <SimpleData name="Teléfono">ND</SimpleData>
            <SimpleData name="Vivienda_L">-24.89706860000</SimpleData>
            <SimpleData name="Vivienda_1">-55.85402670000</SimpleData>
            <SimpleData name="Superficie">0.80000000000</SimpleData>
            <SimpleData name="Situaci_1">Par?metro</SimpleData>
            <SimpleData name="Plantado">SI</SimpleData>
            <SimpleData name="Plantado_f">2025/10/23</SimpleData>
            <SimpleData name="Jornales">0.00000000000</SimpleData>
            <SimpleData name="Monto">0.00000000000</SimpleData>
            <SimpleData name="Grupo_de_p">D-P2</SimpleData>
            <SimpleData name="Estado_del">Activo</SimpleData>
            <SimpleData name="Empresa">Unique Wood Paraguay SA</SimpleData>
            <SimpleData name="Lote">D</SimpleData>
            <SimpleData name="Parametro">0.80000000000</SimpleData>
            <SimpleData name="Sup_Sig">0.83396675763</SimpleData>
            <SimpleData name="Situacion">Cumple</SimpleData>
            <SimpleData name="X">-55.86250680000</SimpleData>
            <SimpleData name="Y">-24.90557858000</SimpleData>
            <SimpleData name="Shape_Leng">457.06765908200</SimpleData>
            <SimpleData name="Shape_Area">8339.66757632000</SimpleData>
          </SchemaData>
        </ExtendedData>
        <Polygon>
          <outerBoundaryIs>
            <LinearRing>
              <coordinates>
                -55.8631019960851,-24.9062064187468,0
                -55.8631282003249,-24.906186100399,0
                -55.8623371130344,-24.9047719469385,0
                -55.8623278003523,-24.9047553003483,0
                -55.8620837003357,-24.9048980997678,0
                -55.8621641003885,-24.9051004001778,0
                -55.8619802998859,-24.9052097000636,0
                -55.8625810999918,-24.9062906999038,0
                -55.8628483999553,-24.9061161996528,0
                -55.862909899907,-24.9061759995563,0
                -55.8630405001665,-24.9062541000308,0
                -55.8631019960851,-24.9062064187468,0
              </coordinates>
            </LinearRing>
          </outerBoundaryIs>
        </Polygon>
      </Placemark>
      <Placemark id="Lote_D.98">
        <ExtendedData>
          <SchemaData schemaUrl="#Lote_D.schema">
            <SimpleData name="Cédula">4009774.00000000000</SimpleData>
            <SimpleData name="Nombres_y_">WILMA ALMADA</SimpleData>
            <SimpleData name="Sexo">Mujer</SimpleData>
            <SimpleData name="Cambio_de_">NO</SimpleData>
            <SimpleData name="Titular_se">NO</SimpleData>
            <SimpleData name="ci_UNIF">4009774.00000000000</SimpleData>
            <SimpleData name="Situación">NO</SimpleData>
            <SimpleData name="Comunidad">Campesina</SimpleData>
            <SimpleData name="Modelo_imp">Modelo 3</SimpleData>
            <SimpleData name="Departamen">CAAGUAZU</SimpleData>
            <SimpleData name="Distrito">CARAYAO</SimpleData>
            <SimpleData name="Localidad">PARA-I</SimpleData>
            <SimpleData name="Teléfono">0975974115</SimpleData>
            <SimpleData name="Vivienda_L">-25.17404460000</SimpleData>
            <SimpleData name="Vivienda_1">-56.24219550000</SimpleData>
            <SimpleData name="Superficie">1.00000000000</SimpleData>
            <SimpleData name="Situaci_1">Pol?gono</SimpleData>
            <SimpleData name="Plantado">SI</SimpleData>
            <SimpleData name="Plantado_f">2025/11/22</SimpleData>
            <SimpleData name="Jornales">0.00000000000</SimpleData>
            <SimpleData name="Monto">0.00000000000</SimpleData>
            <SimpleData name="Grupo_de_p">D-P1</SimpleData>
            <SimpleData name="Estado_del">Activo</SimpleData>
            <SimpleData name="Empresa">Unique Wood Paraguay SA</SimpleData>
            <SimpleData name="Lote">D</SimpleData>
            <SimpleData name="Parametro">1.00000000000</SimpleData>
            <SimpleData name="Sup_Sig">1.01863460569</SimpleData>
            <SimpleData name="Situacion">Cumple</SimpleData>
            <SimpleData name="X">-56.24263015000</SimpleData>
            <SimpleData name="Y">-25.17456075000</SimpleData>
            <SimpleData name="Shape_Leng">412.80318803300</SimpleData>
            <SimpleData name="Shape_Area">10186.34605690000</SimpleData>
          </SchemaData>
        </ExtendedData>
        <Polygon>
          <outerBoundaryIs>
            <LinearRing>
              <coordinates>
                -56.2422493000031,-25.1739834003592,0
                -56.2422049998634,-25.1751317005469,0
                -56.2430333001457,-25.1751066998141,0
                -56.2430449998034,-25.174006699429,0
                -56.2422493000031,-25.1739834003592,0
              </coordinates>
            </LinearRing>
          </outerBoundaryIs>
        </Polygon>
      </Placemark>
      <Placemark id="Lote_D.99">
        <ExtendedData>
          <SchemaData schemaUrl="#Lote_D.schema">
            <SimpleData name="Cédula">6618860.00000000000</SimpleData>
            <SimpleData name="Nombres_y_">IGNACIA FLORES MARTINEZ</SimpleData>
            <SimpleData name="Sexo">Mujer</SimpleData>
            <SimpleData name="Cambio_de_">NO</SimpleData>
            <SimpleData name="Titular_se">NO</SimpleData>
            <SimpleData name="ci_UNIF">6618860.00000000000</SimpleData>
            <SimpleData name="Situación">NO</SimpleData>
            <SimpleData name="Comunidad">Ind?gena</SimpleData>
            <SimpleData name="Modelo_imp">Modelo 4</SimpleData>
            <SimpleData name="Departamen">CAAGUAZU</SimpleData>
            <SimpleData name="Distrito">SAN JOAQUIN</SimpleData>
            <SimpleData name="Localidad">COM INDIG TEKOHA MIRI</SimpleData>
            <SimpleData name="Teléfono">0982967165</SimpleData>
            <SimpleData name="Vivienda_L">-25.10469650000</SimpleData>
            <SimpleData name="Vivienda_1">-56.01982920000</SimpleData>
            <SimpleData name="Superficie">0.70000000000</SimpleData>
            <SimpleData name="Situaci_1">Par?metro</SimpleData>
            <SimpleData name="Plantado">SI</SimpleData>
            <SimpleData name="Plantado_f">2025/11/25</SimpleData>
            <SimpleData name="Jornales">0.00000000000</SimpleData>
            <SimpleData name="Monto">0.00000000000</SimpleData>
            <SimpleData name="Grupo_de_p">D-P1</SimpleData>
            <SimpleData name="Estado_del">Activo</SimpleData>
            <SimpleData name="Empresa">Unique Wood Paraguay SA</SimpleData>
            <SimpleData name="Lote">D</SimpleData>
            <SimpleData name="Parametro">0.70000000000</SimpleData>
            <SimpleData name="Sup_Sig">0.70144286201</SimpleData>
            <SimpleData name="Situacion">Cumple</SimpleData>
            <SimpleData name="X">-56.02089806000</SimpleData>
            <SimpleData name="Y">-25.10620908000</SimpleData>
            <SimpleData name="Shape_Leng">344.65188709000</SimpleData>
            <SimpleData name="Shape_Area">7014.42862005000</SimpleData>
          </SchemaData>
        </ExtendedData>
        <Polygon>
          <outerBoundaryIs>
            <LinearRing>
              <coordinates>
                -56.0203850004531,-25.1061166999529,0
                -56.020886799648,-25.1067700999553,0
                -56.021439800192,-25.106434499694,0
                -56.020856700438,-25.1055699996124,0
                -56.0203850004531,-25.1061166999529,0
              </coordinates>
            </LinearRing>
          </outerBoundaryIs>
        </Polygon>
      </Placemark>
      <Placemark id="Lote_D.100">
        <ExtendedData>
          <SchemaData schemaUrl="#Lote_D.schema">
            <SimpleData name="Cédula">4460812.00000000000</SimpleData>
            <SimpleData name="Nombres_y_">ISABELINO ESCOBAR SAUCEDO</SimpleData>
            <SimpleData name="Sexo">Hombre</SimpleData>
            <SimpleData name="Cambio_de_">NO</SimpleData>
            <SimpleData name="Titular_se">NO</SimpleData>
            <SimpleData name="ci_UNIF">4460812.00000000000</SimpleData>
            <SimpleData name="Situación">NO</SimpleData>
            <SimpleData name="Comunidad">Ind?gena</SimpleData>
            <SimpleData name="Modelo_imp">Modelo 2</SimpleData>
            <SimpleData name="Departamen">CAAGUAZU</SimpleData>
            <SimpleData name="Distrito">SAN JOAQUIN</SimpleData>
            <SimpleData name="Localidad">COM INDIG SAN JORGE</SimpleData>
            <SimpleData name="Teléfono">0986146033</SimpleData>
            <SimpleData name="Vivienda_L">-25.06897970000</SimpleData>
            <SimpleData name="Vivienda_1">-56.08152070000</SimpleData>
            <SimpleData name="Superficie">0.80000000000</SimpleData>
            <SimpleData name="Situaci_1">Pol?gono</SimpleData>
            <SimpleData name="Plantado">SI</SimpleData>
            <SimpleData name="Plantado_f">2025/09/22</SimpleData>
            <SimpleData name="Jornales">0.00000000000</SimpleData>
            <SimpleData name="Monto">0.00000000000</SimpleData>
            <SimpleData name="Grupo_de_p">D-P1</SimpleData>
            <SimpleData name="Estado_del">Activo</SimpleData>
            <SimpleData name="Empresa">Unique Wood Paraguay SA</SimpleData>
            <SimpleData name="Lote">D</SimpleData>
            <SimpleData name="Parametro">0.80000000000</SimpleData>
            <SimpleData name="Sup_Sig">0.95133971695</SimpleData>
            <SimpleData name="Situacion">Cumple</SimpleData>
            <SimpleData name="X">-56.08179392000</SimpleData>
            <SimpleData name="Y">-25.06802207000</SimpleData>
            <SimpleData name="Shape_Leng">614.34868546000</SimpleData>
            <SimpleData name="Shape_Area">9513.39716954000</SimpleData>
          </SchemaData>
        </ExtendedData>
        <Polygon>
          <outerBoundaryIs>
            <LinearRing>
              <coordinates>
                -56.0817667152057,-25.0675339431392,0
                -56.0817391003598,-25.0674813001958,0
                -56.0817437879641,-25.0674796974214,0
                -56.0816402001666,-25.0672345993633,0
                -56.0813166996149,-25.0673583000208,0
                -56.0814267008687,-25.068103299926,0
                -56.0818268994122,-25.0684716998269,0
                -56.0820907001128,-25.0684373997445,0
                -56.0821997002961,-25.0686704999366,0
                -56.0832383000964,-25.0683083001508,0
                -56.0831854996459,-25.0681238000605,0
                -56.082965000069,-25.0681017001789,0
                -56.0821280995213,-25.0683890003162,0
                -56.0817667152057,-25.0675339431392,0
              </coordinates>
            </LinearRing>
          </outerBoundaryIs>
        </Polygon>
      </Placemark>
      <Placemark id="Lote_D.101">
        <ExtendedData>
          <SchemaData schemaUrl="#Lote_D.schema">
            <SimpleData name="Cédula">5451979.00000000000</SimpleData>
            <SimpleData name="Nombres_y_">ROSALBA KANEGI</SimpleData>
            <SimpleData name="Sexo">Mujer</SimpleData>
            <SimpleData name="Cambio_de_">NO</SimpleData>
            <SimpleData name="Titular_se">NO</SimpleData>
            <SimpleData name="ci_UNIF">5451979.00000000000</SimpleData>
            <SimpleData name="Situación">NO</SimpleData>
            <SimpleData name="Comunidad">Ind?gena</SimpleData>
            <SimpleData name="Modelo_imp">Modelo 6</SimpleData>
            <SimpleData name="Departamen">CAAGUAZU</SimpleData>
            <SimpleData name="Distrito">SAN JOAQUIN</SimpleData>
            <SimpleData name="Localidad">COM INDIG CERRO MOROTI</SimpleData>
            <SimpleData name="Teléfono">0981089078</SimpleData>
            <SimpleData name="Vivienda_L">-25.01209780000</SimpleData>
            <SimpleData name="Vivienda_1">-56.13911770000</SimpleData>
            <SimpleData name="Superficie">0.90000000000</SimpleData>
            <SimpleData name="Situaci_1">Pol?gono</SimpleData>
            <SimpleData name="Plantado">SI</SimpleData>
            <SimpleData name="Plantado_f">2025/09/23</SimpleData>
            <SimpleData name="Jornales">0.00000000000</SimpleData>
            <SimpleData name="Monto">0.00000000000</SimpleData>
            <SimpleData name="Grupo_de_p">D-P1</SimpleData>
            <SimpleData name="Estado_del">Activo</SimpleData>
            <SimpleData name="Empresa">Unique Wood Paraguay SA</SimpleData>
            <SimpleData name="Lote">D</SimpleData>
            <SimpleData name="Parametro">0.90000000000</SimpleData>
            <SimpleData name="Sup_Sig">0.89602167260</SimpleData>
            <SimpleData name="Situacion">Cumple</SimpleData>
            <SimpleData name="X">-56.13861326000</SimpleData>
            <SimpleData name="Y">-25.01175963000</SimpleData>
            <SimpleData name="Shape_Leng">420.66435659200</SimpleData>
            <SimpleData name="Shape_Area">8960.21672595000</SimpleData>
          </SchemaData>
        </ExtendedData>
        <Polygon>
          <outerBoundaryIs>
            <LinearRing>
              <coordinates>
                -56.1383181993097,-25.0123507997976,0
                -56.1387867001296,-25.0124967002048,0
                -56.1387409996079,-25.0119928994466,0
                -56.1391255004794,-25.011834500067,0
                -56.1390246005379,-25.0112610992891,0
                -56.1381736007305,-25.0112573996563,0
                -56.1383181993097,-25.0123507997976,0
              </coordinates>
            </LinearRing>
          </outerBoundaryIs>
        </Polygon>
      </Placemark>
      <Placemark id="Lote_D.102">
        <ExtendedData>
          <SchemaData schemaUrl="#Lote_D.schema">
            <SimpleData name="Cédula">6591244.00000000000</SimpleData>
            <SimpleData name="Nombres_y_">DELIA  BENITEZ GONZALEZ</SimpleData>
            <SimpleData name="Sexo">Mujer</SimpleData>
            <SimpleData name="Cambio_de_">NO</SimpleData>
            <SimpleData name="Titular_se">NO</SimpleData>
            <SimpleData name="ci_UNIF">6591244.00000000000</SimpleData>
            <SimpleData name="Situación">NO</SimpleData>
            <SimpleData name="Comunidad">Campesina</SimpleData>
            <SimpleData name="Modelo_imp">Modelo 2</SimpleData>
            <SimpleData name="Departamen">CAAGUAZU</SimpleData>
            <SimpleData name="Distrito">SAN JOAQUIN</SimpleData>
            <SimpleData name="Localidad">SEGUNDA TAYI</SimpleData>
            <SimpleData name="Teléfono">0983250765</SimpleData>
            <SimpleData name="Vivienda_L">-24.98052950000</SimpleData>
            <SimpleData name="Vivienda_1">-56.04496420000</SimpleData>
            <SimpleData name="Superficie">0.80000000000</SimpleData>
            <SimpleData name="Situaci_1">Pol?gono</SimpleData>
            <SimpleData name="Plantado">SI</SimpleData>
            <SimpleData name="Plantado_f">2025/09/26</SimpleData>
            <SimpleData name="Jornales">0.00000000000</SimpleData>
            <SimpleData name="Monto">0.00000000000</SimpleData>
            <SimpleData name="Grupo_de_p">D-P1</SimpleData>
            <SimpleData name="Estado_del">Activo</SimpleData>
            <SimpleData name="Empresa">Unique Wood Paraguay SA</SimpleData>
            <SimpleData name="Lote">D</SimpleData>
            <SimpleData name="Parametro">0.80000000000</SimpleData>
            <SimpleData name="Sup_Sig">0.80867810262</SimpleData>
            <SimpleData name="Situacion">Cumple</SimpleData>
            <SimpleData name="X">-56.04360731000</SimpleData>
            <SimpleData name="Y">-24.98018077000</SimpleData>
            <SimpleData name="Shape_Leng">464.92402942100</SimpleData>
            <SimpleData name="Shape_Area">8086.78102618000</SimpleData>
          </SchemaData>
        </ExtendedData>
        <Polygon>
          <outerBoundaryIs>
            <LinearRing>
              <coordinates>
                -56.0426800003163,-24.9801750000142,0
                -56.0445210000743,-24.9805849994413,0
                -56.0445492007542,-24.9803143002982,0
                -56.0443209999366,-24.9802328005311,0
                -56.0443506002166,-24.980130500269,0
                -56.0427849998302,-24.9797850001679,0
                -56.0426800003163,-24.9801750000142,0
              </coordinates>
            </LinearRing>
          </outerBoundaryIs>
        </Polygon>
      </Placemark>
      <Placemark id="Lote_D.103">
        <ExtendedData>
          <SchemaData schemaUrl="#Lote_D.schema">
            <SimpleData name="Cédula">1928818.00000000000</SimpleData>
            <SimpleData name="Nombres_y_">JUAN BAUTISTA GALEANO SALDIVAR</SimpleData>
            <SimpleData name="Sexo">Hombre</SimpleData>
            <SimpleData name="Cambio_de_">NO</SimpleData>
            <SimpleData name="Titular_se">NO</SimpleData>
            <SimpleData name="ci_UNIF">1928818.00000000000</SimpleData>
            <SimpleData name="Situación">NO</SimpleData>
            <SimpleData name="Comunidad">Campesina</SimpleData>
            <SimpleData name="Modelo_imp">Modelo 3</SimpleData>
            <SimpleData name="Departamen">CAAGUAZU</SimpleData>
            <SimpleData name="Distrito">SAN JOAQUIN</SimpleData>
            <SimpleData name="Localidad">SANTO DOMINGO</SimpleData>
            <SimpleData name="Teléfono">0981195491</SimpleData>
            <SimpleData name="Vivienda_L">-25.07557430000</SimpleData>
            <SimpleData name="Vivienda_1">-56.07357090000</SimpleData>
            <SimpleData name="Superficie">1.00000000000</SimpleData>
            <SimpleData name="Situaci_1">Pol?gono</SimpleData>
            <SimpleData name="Plantado">SI</SimpleData>
            <SimpleData name="Plantado_f">2025/10/31</SimpleData>
            <SimpleData name="Jornales">0.00000000000</SimpleData>
            <SimpleData name="Monto">0.00000000000</SimpleData>
            <SimpleData name="Grupo_de_p">D-P1</SimpleData>
            <SimpleData name="Estado_del">Activo</SimpleData>
            <SimpleData name="Empresa">Unique Wood Paraguay SA</SimpleData>
            <SimpleData name="Lote">D</SimpleData>
            <SimpleData name="Parametro">1.00000000000</SimpleData>
            <SimpleData name="Sup_Sig">1.14154524431</SimpleData>
            <SimpleData name="Situacion">Cumple</SimpleData>
            <SimpleData name="X">-56.08249160000</SimpleData>
            <SimpleData name="Y">-25.09144826000</SimpleData>
            <SimpleData name="Shape_Leng">661.65650442900</SimpleData>
            <SimpleData name="Shape_Area">11415.45244310000</SimpleData>
          </SchemaData>
        </ExtendedData>
        <Polygon>
          <outerBoundaryIs>
            <LinearRing>
              <coordinates>
                -56.0823377997822,-25.0901724999226,0
                -56.0822002000795,-25.0902353001872,0
                -56.0821356002311,-25.0901911996235,0
                -56.0815094003554,-25.090347900755,0
                -56.081897899676,-25.0909866994373,0
                -56.082197899656,-25.0907868003418,0
                -56.0822896997361,-25.0906664000939,0
                -56.0824732996319,-25.0906302001643,0
                -56.0826041995686,-25.0908295998806,0
                -56.082508699976,-25.0910186000082,0
                -56.0820762991603,-25.091236899637,0
                -56.082469799934,-25.0918785001017,0
                -56.0828196004033,-25.0917353991326,0
                -56.0827108998485,-25.0904115005084,0
                -56.0825780003086,-25.0903387998852,0
                -56.0824131005758,-25.0903490001728,0
                -56.0823377997822,-25.0901724999226,0
              </coordinates>
            </LinearRing>
          </outerBoundaryIs>
        </Polygon>
      </Placemark>
      <Placemark id="Lote_D.104">
        <ExtendedData>
          <SchemaData schemaUrl="#Lote_D.schema">
            <SimpleData name="Cédula">3744397.00000000000</SimpleData>
            <SimpleData name="Nombres_y_">JUAN BAUTISTA CABRERA</SimpleData>
            <SimpleData name="Sexo">Hombre</SimpleData>
            <SimpleData name="Cambio_de_">NO</SimpleData>
            <SimpleData name="Titular_se">NO</SimpleData>
            <SimpleData name="ci_UNIF">3744397.00000000000</SimpleData>
            <SimpleData name="Situación">NO</SimpleData>
            <SimpleData name="Comunidad">Campesina</SimpleData>
            <SimpleData name="Modelo_imp">Modelo 3</SimpleData>
            <SimpleData name="Departamen">CAAGUAZU</SimpleData>
            <SimpleData name="Distrito">CARAYAO</SimpleData>
            <SimpleData name="Localidad">CALLE 14 MIL</SimpleData>
            <SimpleData name="Teléfono">0972832715</SimpleData>
            <SimpleData name="Vivienda_L">-25.18999010000</SimpleData>
            <SimpleData name="Vivienda_1">-56.22964510000</SimpleData>
            <SimpleData name="Superficie">1.00000000000</SimpleData>
            <SimpleData name="Situaci_1">Pol?gono</SimpleData>
            <SimpleData name="Plantado">SI</SimpleData>
            <SimpleData name="Plantado_f">2025/11/22</SimpleData>
            <SimpleData name="Jornales">0.00000000000</SimpleData>
            <SimpleData name="Monto">0.00000000000</SimpleData>
            <SimpleData name="Grupo_de_p">D-P1</SimpleData>
            <SimpleData name="Estado_del">Activo</SimpleData>
            <SimpleData name="Empresa">Unique Wood Paraguay SA</SimpleData>
            <SimpleData name="Lote">D</SimpleData>
            <SimpleData name="Parametro">1.00000000000</SimpleData>
            <SimpleData name="Sup_Sig">1.00390446759</SimpleData>
            <SimpleData name="Situacion">Cumple</SimpleData>
            <SimpleData name="X">-56.22960657000</SimpleData>
            <SimpleData name="Y">-25.18600080000</SimpleData>
            <SimpleData name="Shape_Leng">480.42995385600</SimpleData>
            <SimpleData name="Shape_Area">10039.04467590000</SimpleData>
          </SchemaData>
        </ExtendedData>
        <Polygon>
          <outerBoundaryIs>
            <LinearRing>
              <coordinates>
                -56.228686500322,-25.1855865994961,0
                -56.2300561995905,-25.1868550997942,0
                -56.2300770004309,-25.1855607003934,0
                -56.228686500322,-25.1855865994961,0
              </coordinates>
            </LinearRing>
          </outerBoundaryIs>
        </Polygon>
      </Placemark>
      <Placemark id="Lote_D.105">
        <ExtendedData>
          <SchemaData schemaUrl="#Lote_D.schema">
            <SimpleData name="Cédula">2239336.00000000000</SimpleData>
            <SimpleData name="Nombres_y_">LORENZA  VERA ESCOBAR</SimpleData>
            <SimpleData name="Sexo">Mujer</SimpleData>
            <SimpleData name="Cambio_de_">NO</SimpleData>
            <SimpleData name="Titular_se">NO</SimpleData>
            <SimpleData name="ci_UNIF">2239336.00000000000</SimpleData>
            <SimpleData name="Situación">NO</SimpleData>
            <SimpleData name="Comunidad">Campesina</SimpleData>
            <SimpleData name="Modelo_imp">Modelo 1</SimpleData>
            <SimpleData name="Departamen">CAAGUAZU</SimpleData>
            <SimpleData name="Distrito">YH?</SimpleData>
            <SimpleData name="Localidad">CA?ADITA</SimpleData>
            <SimpleData name="Teléfono">984307595</SimpleData>
            <SimpleData name="Vivienda_L">-25.13801820000</SimpleData>
            <SimpleData name="Vivienda_1">-55.88963530000</SimpleData>
            <SimpleData name="Superficie">0.80000000000</SimpleData>
            <SimpleData name="Situaci_1">Pol?gono</SimpleData>
            <SimpleData name="Plantado">SI</SimpleData>
            <SimpleData name="Plantado_f">2025/10/24</SimpleData>
            <SimpleData name="Jornales">0.00000000000</SimpleData>
            <SimpleData name="Monto">0.00000000000</SimpleData>
            <SimpleData name="Grupo_de_p">D-P1</SimpleData>
            <SimpleData name="Estado_del">Activo</SimpleData>
            <SimpleData name="Empresa">Unique Wood Paraguay SA</SimpleData>
            <SimpleData name="Lote">D</SimpleData>
            <SimpleData name="Parametro">0.80000000000</SimpleData>
            <SimpleData name="Sup_Sig">0.80761331375</SimpleData>
            <SimpleData name="Situacion">Cumple</SimpleData>
            <SimpleData name="X">-55.89189606000</SimpleData>
            <SimpleData name="Y">-25.14046108000</SimpleData>
            <SimpleData name="Shape_Leng">358.57313555400</SimpleData>
            <SimpleData name="Shape_Area">8076.13313748000</SimpleData>
          </SchemaData>
        </ExtendedData>
        <Polygon>
          <outerBoundaryIs>
            <LinearRing>
              <coordinates>
                -55.8912649002114,-25.1402707000647,0
                -55.8914408003679,-25.1408964998759,0
                -55.8924770003166,-25.140659300765,0
                -55.8925065998574,-25.1403876996179,0
                -55.8924567006911,-25.1402474995572,0
                -55.8922374999238,-25.140044000424,0
                -55.8912649002114,-25.1402707000647,0
              </coordinates>
            </LinearRing>
          </outerBoundaryIs>
        </Polygon>
      </Placemark>
      <Placemark id="Lote_D.106">
        <ExtendedData>
          <SchemaData schemaUrl="#Lote_D.schema">
            <SimpleData name="Cédula">2968221.00000000000</SimpleData>
            <SimpleData name="Nombres_y_">DANIEL GONZALEZ DUARTE</SimpleData>
            <SimpleData name="Sexo">Hombre</SimpleData>
            <SimpleData name="Cambio_de_">NO</SimpleData>
            <SimpleData name="Titular_se">NO</SimpleData>
            <SimpleData name="ci_UNIF">2968221.00000000000</SimpleData>
            <SimpleData name="Situación">NO</SimpleData>
            <SimpleData name="Comunidad">Ind?gena</SimpleData>
            <SimpleData name="Modelo_imp">Modelo 5</SimpleData>
            <SimpleData name="Departamen">CAAGUAZU</SimpleData>
            <SimpleData name="Distrito">SAN JOAQUIN</SimpleData>
            <SimpleData name="Localidad">COM INDIG SAN JORGE</SimpleData>
            <SimpleData name="Teléfono">0984209061</SimpleData>
            <SimpleData name="Vivienda_L">-25.06925380000</SimpleData>
            <SimpleData name="Vivienda_1">-56.08029290000</SimpleData>
            <SimpleData name="Superficie">0.70000000000</SimpleData>
            <SimpleData name="Situaci_1">Pol?gono</SimpleData>
            <SimpleData name="Plantado">SI</SimpleData>
            <SimpleData name="Plantado_f">2025/10/24</SimpleData>
            <SimpleData name="Jornales">0.00000000000</SimpleData>
            <SimpleData name="Monto">0.00000000000</SimpleData>
            <SimpleData name="Grupo_de_p">D-P1</SimpleData>
            <SimpleData name="Estado_del">Activo</SimpleData>
            <SimpleData name="Empresa">Unique Wood Paraguay SA</SimpleData>
            <SimpleData name="Lote">D</SimpleData>
            <SimpleData name="Parametro">0.70000000000</SimpleData>
            <SimpleData name="Sup_Sig">0.73809099812</SimpleData>
            <SimpleData name="Situacion">Cumple</SimpleData>
            <SimpleData name="X">-56.08077729000</SimpleData>
            <SimpleData name="Y">-25.06974480000</SimpleData>
            <SimpleData name="Shape_Leng">697.25637277600</SimpleData>
            <SimpleData name="Shape_Area">7380.90998120000</SimpleData>
          </SchemaData>
        </ExtendedData>
        <MultiGeometry>
          <Polygon>
            <outerBoundaryIs>
              <LinearRing>
                <coordinates>
                  -56.0804570997202,-25.070039800645,0
                  -56.08082039948,-25.0699576998714,0
                  -56.0808463002204,-25.0700567000206,0
                  -56.080954199534,-25.0700895004278,0
                  -56.0811699003416,-25.0700509011651,0
                  -56.0811645095088,-25.0700352526767,0
                  -56.0811623001782,-25.0700349003672,0
                  -56.0811450811604,-25.0699788576624,0
                  -56.0809014994713,-25.0692718003775,0
                  -56.0806503997452,-25.0693832005344,0
                  -56.0806057988752,-25.0696597008046,0
                  -56.0804424990787,-25.0696682000226,0
                  -56.0803391002674,-25.0697362011871,0
                  -56.0804570997202,-25.070039800645,0
                </coordinates>
              </LinearRing>
            </outerBoundaryIs>
          </Polygon>
          <Polygon>
            <outerBoundaryIs>
              <LinearRing>
                <coordinates>
                  -56.0808103982405,-25.0692366007686,0
                  -56.0806607998167,-25.0686889004043,0
                  -56.0805636989787,-25.0686894007459,0
                  -56.0804822002244,-25.0687043006887,0
                  -56.0806443997541,-25.0692623006017,0
                  -56.0808103982405,-25.0692366007686,0
                </coordinates>
              </LinearRing>
            </outerBoundaryIs>
          </Polygon>
          <Polygon>
            <outerBoundaryIs>
              <LinearRing>
                <coordinates>
                  -56.0819628908393,-25.0679079192515,0
                  -56.0819516989435,-25.0679117005461,0
                  -56.0820316999564,-25.0680913998783,0
                  -56.0829213595156,-25.0678050365985,0
                  -56.0828537268009,-25.0676069436226,0
                  -56.0826340822982,-25.0676811526944,0
                  -56.0826385997848,-25.0676956001327,0
                  -56.081963300435,-25.0679087001929,0
                  -56.0819628908393,-25.0679079192515,0
                </coordinates>
              </LinearRing>
            </outerBoundaryIs>
          </Polygon>
        </MultiGeometry>
      </Placemark>
      <Placemark id="Lote_D.107">
        <ExtendedData>
          <SchemaData schemaUrl="#Lote_D.schema">
            <SimpleData name="Cédula">5464942.00000000000</SimpleData>
            <SimpleData name="Nombres_y_">CHENI ROSA PAREDES ALVARES</SimpleData>
            <SimpleData name="Sexo">Mujer</SimpleData>
            <SimpleData name="Cambio_de_">NO</SimpleData>
            <SimpleData name="Titular_se">NO</SimpleData>
            <SimpleData name="ci_UNIF">5464942.00000000000</SimpleData>
            <SimpleData name="Situación">NO</SimpleData>
            <SimpleData name="Comunidad">Campesina</SimpleData>
            <SimpleData name="Modelo_imp">Modelo 1</SimpleData>
            <SimpleData name="Departamen">CAAGUAZU</SimpleData>
            <SimpleData name="Distrito">YH?</SimpleData>
            <SimpleData name="Localidad">JUAN SINFORIANO BOGARIN</SimpleData>
            <SimpleData name="Teléfono">986806006</SimpleData>
            <SimpleData name="Vivienda_L">-25.15626670000</SimpleData>
            <SimpleData name="Vivienda_1">-55.93754830000</SimpleData>
            <SimpleData name="Superficie">0.80000000000</SimpleData>
            <SimpleData name="Situaci_1">Pol?gono</SimpleData>
            <SimpleData name="Plantado">SI</SimpleData>
            <SimpleData name="Plantado_f">2025/10/21</SimpleData>
            <SimpleData name="Jornales">0.00000000000</SimpleData>
            <SimpleData name="Monto">0.00000000000</SimpleData>
            <SimpleData name="Grupo_de_p">D-P1</SimpleData>
            <SimpleData name="Estado_del">Activo</SimpleData>
            <SimpleData name="Empresa">Unique Wood Paraguay SA</SimpleData>
            <SimpleData name="Lote">D</SimpleData>
            <SimpleData name="Parametro">0.80000000000</SimpleData>
            <SimpleData name="Sup_Sig">0.83727839113</SimpleData>
            <SimpleData name="Situacion">Cumple</SimpleData>
            <SimpleData name="X">-55.93545769000</SimpleData>
            <SimpleData name="Y">-25.15586958000</SimpleData>
            <SimpleData name="Shape_Leng">444.92693276500</SimpleData>
            <SimpleData name="Shape_Area">8372.78391132000</SimpleData>
          </SchemaData>
        </ExtendedData>
        <Polygon>
          <outerBoundaryIs>
            <LinearRing>
              <coordinates>
                -55.9345633001924,-25.1559916995005,0
                -55.9362949997092,-25.1561766999298,0
                -55.9363266997996,-25.1557333003104,0
                -55.9346182997749,-25.1555717001607,0
                -55.9345633001924,-25.1559916995005,0
              </coordinates>
            </LinearRing>
          </outerBoundaryIs>
        </Polygon>
      </Placemark>
      <Placemark id="Lote_D.108">
        <ExtendedData>
          <SchemaData schemaUrl="#Lote_D.schema">
            <SimpleData name="Cédula">5658434.00000000000</SimpleData>
            <SimpleData name="Nombres_y_">ROSA NILDA VENIALGO SOSA</SimpleData>
            <SimpleData name="Sexo">Mujer</SimpleData>
            <SimpleData name="Cambio_de_">NO</SimpleData>
            <SimpleData name="Titular_se">NO</SimpleData>
            <SimpleData name="ci_UNIF">5658434.00000000000</SimpleData>
            <SimpleData name="Situación">NO</SimpleData>
            <SimpleData name="Comunidad">Campesina</SimpleData>
            <SimpleData name="Modelo_imp">Modelo 5</SimpleData>
            <SimpleData name="Departamen">CAAGUAZU</SimpleData>
            <SimpleData name="Distrito">YH?</SimpleData>
            <SimpleData name="Localidad">ASENT. TEKO PYAHU</SimpleData>
            <SimpleData name="Teléfono">0975932038</SimpleData>
            <SimpleData name="Vivienda_L">-25.04076760000</SimpleData>
            <SimpleData name="Vivienda_1">-55.86656850000</SimpleData>
            <SimpleData name="Superficie">0.70000000000</SimpleData>
            <SimpleData name="Situaci_1">Pol?gono</SimpleData>
            <SimpleData name="Plantado">SI</SimpleData>
            <SimpleData name="Plantado_f">2025/10/28</SimpleData>
            <SimpleData name="Jornales">0.00000000000</SimpleData>
            <SimpleData name="Monto">0.00000000000</SimpleData>
            <SimpleData name="Grupo_de_p">D-P1</SimpleData>
            <SimpleData name="Estado_del">Activo</SimpleData>
            <SimpleData name="Empresa">Unique Wood Paraguay SA</SimpleData>
            <SimpleData name="Lote">D</SimpleData>
            <SimpleData name="Parametro">0.70000000000</SimpleData>
            <SimpleData name="Sup_Sig">0.70855602342</SimpleData>
            <SimpleData name="Situacion">Cumple</SimpleData>
            <SimpleData name="X">-55.86620391000</SimpleData>
            <SimpleData name="Y">-25.04154522000</SimpleData>
            <SimpleData name="Shape_Leng">334.62959772600</SimpleData>
            <SimpleData name="Shape_Area">7085.56023419000</SimpleData>
          </SchemaData>
        </ExtendedData>
        <Polygon>
          <outerBoundaryIs>
            <LinearRing>
              <coordinates>
                -55.8657144993312,-25.0418208996228,0
                -55.8664282996324,-25.0420706002192,0
                -55.8666848998831,-25.0412342003169,0
                -55.866205300156,-25.0410927998129,0
                -55.8659503995424,-25.0410866996581,0
                -55.8657144993312,-25.0418208996228,0
              </coordinates>
            </LinearRing>
          </outerBoundaryIs>
        </Polygon>
      </Placemark>
      <Placemark id="Lote_D.109">
        <ExtendedData>
          <SchemaData schemaUrl="#Lote_D.schema">
            <SimpleData name="Cédula">5263809.00000000000</SimpleData>
            <SimpleData name="Nombres_y_">SARA  AQUINO GOMEZ</SimpleData>
            <SimpleData name="Sexo">Mujer</SimpleData>
            <SimpleData name="Cambio_de_">NO</SimpleData>
            <SimpleData name="Titular_se">NO</SimpleData>
            <SimpleData name="ci_UNIF">5263809.00000000000</SimpleData>
            <SimpleData name="Situación">NO</SimpleData>
            <SimpleData name="Comunidad">Campesina</SimpleData>
            <SimpleData name="Modelo_imp">Modelo 5</SimpleData>
            <SimpleData name="Departamen">CAAGUAZU</SimpleData>
            <SimpleData name="Distrito">YH?</SimpleData>
            <SimpleData name="Localidad">JUAN SINFORIANO BOGARIN</SimpleData>
            <SimpleData name="Teléfono">983580200</SimpleData>
            <SimpleData name="Vivienda_L">-25.15605080000</SimpleData>
            <SimpleData name="Vivienda_1">-55.93733900000</SimpleData>
            <SimpleData name="Superficie">0.70000000000</SimpleData>
            <SimpleData name="Situaci_1">Pol?gono</SimpleData>
            <SimpleData name="Plantado">SI</SimpleData>
            <SimpleData name="Plantado_f">2025/11/20</SimpleData>
            <SimpleData name="Jornales">0.00000000000</SimpleData>
            <SimpleData name="Monto">0.00000000000</SimpleData>
            <SimpleData name="Grupo_de_p">D-P1</SimpleData>
            <SimpleData name="Estado_del">Activo</SimpleData>
            <SimpleData name="Empresa">Unique Wood Paraguay SA</SimpleData>
            <SimpleData name="Lote">D</SimpleData>
            <SimpleData name="Parametro">0.70000000000</SimpleData>
            <SimpleData name="Sup_Sig">0.86445144328</SimpleData>
            <SimpleData name="Situacion">Cumple</SimpleData>
            <SimpleData name="X">-55.91943502000</SimpleData>
            <SimpleData name="Y">-25.14890167000</SimpleData>
            <SimpleData name="Shape_Leng">402.42024696400</SimpleData>
            <SimpleData name="Shape_Area">8644.51443279000</SimpleData>
          </SchemaData>
        </ExtendedData>
        <Polygon>
          <outerBoundaryIs>
            <LinearRing>
              <coordinates>
                -55.9187207005129,-25.1490718993182,0
                -55.9200795999971,-25.1492909000592,0
                -55.9201334005014,-25.1487092001403,0
                -55.918775299903,-25.1485294993843,0
                -55.9187207005129,-25.1490718993182,0
              </coordinates>
            </LinearRing>
          </outerBoundaryIs>
        </Polygon>
      </Placemark>
      <Placemark id="Lote_D.110">
        <ExtendedData>
          <SchemaData schemaUrl="#Lote_D.schema">
            <SimpleData name="Cédula">4388063.00000000000</SimpleData>
            <SimpleData name="Nombres_y_">PERLA  MALLORQUIN DE GOMEZ</SimpleData>
            <SimpleData name="Sexo">Mujer</SimpleData>
            <SimpleData name="Cambio_de_">NO</SimpleData>
            <SimpleData name="Titular_se">NO</SimpleData>
            <SimpleData name="ci_UNIF">4388063.00000000000</SimpleData>
            <SimpleData name="Situación">NO</SimpleData>
            <SimpleData name="Comunidad">Campesina</SimpleData>
            <SimpleData name="Modelo_imp">Modelo 1</SimpleData>
            <SimpleData name="Departamen">CAAGUAZU</SimpleData>
            <SimpleData name="Distrito">YH?</SimpleData>
            <SimpleData name="Localidad">JUAN SINFORIANO BOGARIN</SimpleData>
            <SimpleData name="Teléfono">982699410</SimpleData>
            <SimpleData name="Vivienda_L">-25.16125670000</SimpleData>
            <SimpleData name="Vivienda_1">-55.93696500000</SimpleData>
            <SimpleData name="Superficie">0.80000000000</SimpleData>
            <SimpleData name="Situaci_1">Pol?gono</SimpleData>
            <SimpleData name="Plantado">SI</SimpleData>
            <SimpleData name="Plantado_f">2025/10/21</SimpleData>
            <SimpleData name="Jornales">0.00000000000</SimpleData>
            <SimpleData name="Monto">0.00000000000</SimpleData>
            <SimpleData name="Grupo_de_p">D-P1</SimpleData>
            <SimpleData name="Estado_del">Activo</SimpleData>
            <SimpleData name="Empresa">Unique Wood Paraguay SA</SimpleData>
            <SimpleData name="Lote">D</SimpleData>
            <SimpleData name="Parametro">0.80000000000</SimpleData>
            <SimpleData name="Sup_Sig">0.84284369657</SimpleData>
            <SimpleData name="Situacion">Cumple</SimpleData>
            <SimpleData name="X">-55.93575264000</SimpleData>
            <SimpleData name="Y">-25.15628058000</SimpleData>
            <SimpleData name="Shape_Leng">618.45249580900</SimpleData>
            <SimpleData name="Shape_Area">8428.43696566000</SimpleData>
          </SchemaData>
        </ExtendedData>
        <MultiGeometry>
          <Polygon>
            <outerBoundaryIs>
              <LinearRing>
                <coordinates>
                  -55.9298831996071,-25.1609262011312,0
                  -55.9299007991972,-25.160493499808,0
                  -55.9290650000602,-25.1604283000074,0
                  -55.9290124998099,-25.1608667002964,0
                  -55.9298831996071,-25.1609262011312,0
                </coordinates>
              </LinearRing>
            </outerBoundaryIs>
          </Polygon>
          <Polygon>
            <outerBoundaryIs>
              <LinearRing>
                <coordinates>
                  -55.9364711985101,-25.1564765004295,0
                  -55.9365012999706,-25.156233100718,0
                  -55.9350820981335,-25.1560691000888,0
                  -55.9350272991683,-25.1563497001831,0
                  -55.9364711985101,-25.1564765004295,0
                </coordinates>
              </LinearRing>
            </outerBoundaryIs>
          </Polygon>
        </MultiGeometry>
      </Placemark>
      <Placemark id="Lote_D.111">
        <ExtendedData>
          <SchemaData schemaUrl="#Lote_D.schema">
            <SimpleData name="Cédula">5947429.00000000000</SimpleData>
            <SimpleData name="Nombres_y_">MIRTHA ESTELA VERA GODOY</SimpleData>
            <SimpleData name="Sexo">Mujer</SimpleData>
            <SimpleData name="Cambio_de_">NO</SimpleData>
            <SimpleData name="Titular_se">NO</SimpleData>
            <SimpleData name="ci_UNIF">5947429.00000000000</SimpleData>
            <SimpleData name="Situación">NO</SimpleData>
            <SimpleData name="Comunidad">Campesina</SimpleData>
            <SimpleData name="Modelo_imp">Modelo 1</SimpleData>
            <SimpleData name="Departamen">CAAGUAZU</SimpleData>
            <SimpleData name="Distrito">SAN JOAQUIN</SimpleData>
            <SimpleData name="Localidad">ASENT. ARSENIO VAZQUEZ</SimpleData>
            <SimpleData name="Teléfono">0975490266</SimpleData>
            <SimpleData name="Vivienda_L">-24.93387480000</SimpleData>
            <SimpleData name="Vivienda_1">-56.07859500000</SimpleData>
            <SimpleData name="Superficie">0.80000000000</SimpleData>
            <SimpleData name="Situaci_1">Pol?gono</SimpleData>
            <SimpleData name="Plantado">SI</SimpleData>
            <SimpleData name="Plantado_f">2025/10/13</SimpleData>
            <SimpleData name="Jornales">0.00000000000</SimpleData>
            <SimpleData name="Monto">0.00000000000</SimpleData>
            <SimpleData name="Grupo_de_p">D-P1</SimpleData>
            <SimpleData name="Estado_del">Activo</SimpleData>
            <SimpleData name="Empresa">Unique Wood Paraguay SA</SimpleData>
            <SimpleData name="Lote">D</SimpleData>
            <SimpleData name="Parametro">0.80000000000</SimpleData>
            <SimpleData name="Sup_Sig">0.81525450987</SimpleData>
            <SimpleData name="Situacion">Cumple</SimpleData>
            <SimpleData name="X">-56.07451536000</SimpleData>
            <SimpleData name="Y">-24.92646639000</SimpleData>
            <SimpleData name="Shape_Leng">445.33612541000</SimpleData>
            <SimpleData name="Shape_Area">8152.54509873000</SimpleData>
          </SchemaData>
        </ExtendedData>
        <Polygon>
          <outerBoundaryIs>
            <LinearRing>
              <coordinates>
                -56.0736598002935,-24.9262380997585,0
                -56.0739770000579,-24.9268367001162,0
                -56.0755448999993,-24.9264911993426,0
                -56.0755086001965,-24.9263750001805,0
                -56.0753201002216,-24.9263616002616,0
                -56.07525200014,-24.9262354003633,0
                -56.0736598002935,-24.9262380997585,0
              </coordinates>
            </LinearRing>
          </outerBoundaryIs>
        </Polygon>
      </Placemark>
      <Placemark id="Lote_D.112">
        <ExtendedData>
          <SchemaData schemaUrl="#Lote_D.schema">
            <SimpleData name="Cédula">4375738.00000000000</SimpleData>
            <SimpleData name="Nombres_y_">GRACIELA CORONEL AQUINO</SimpleData>
            <SimpleData name="Sexo">Mujer</SimpleData>
            <SimpleData name="Cambio_de_">SI</SimpleData>
            <SimpleData name="Titular_se">EDGAR DAVID CORONEL AQUINO</SimpleData>
            <SimpleData name="Cédula_Ti">6540758</SimpleData>
            <SimpleData name="ci_UNIF">6540758.00000000000</SimpleData>
            <SimpleData name="Situación">NA</SimpleData>
            <SimpleData name="Comunidad">Campesina</SimpleData>
            <SimpleData name="Modelo_imp">Modelo 2</SimpleData>
            <SimpleData name="Departamen">CAAGUAZU</SimpleData>
            <SimpleData name="Distrito">SAN JOAQUIN</SimpleData>
            <SimpleData name="Localidad">TACUAPI I</SimpleData>
            <SimpleData name="Teléfono">0972696324</SimpleData>
            <SimpleData name="Vivienda_L">-24.99280680000</SimpleData>
            <SimpleData name="Vivienda_1">-56.05205320000</SimpleData>
            <SimpleData name="Superficie">0.80000000000</SimpleData>
            <SimpleData name="Situaci_1">Pol?gono</SimpleData>
            <SimpleData name="Plantado">SI</SimpleData>
            <SimpleData name="Plantado_f">2025/09/26</SimpleData>
            <SimpleData name="Jornales">0.00000000000</SimpleData>
            <SimpleData name="Monto">0.00000000000</SimpleData>
            <SimpleData name="Grupo_de_p">D-P1</SimpleData>
            <SimpleData name="Estado_del">Activo</SimpleData>
            <SimpleData name="Empresa">Unique Wood Paraguay SA</SimpleData>
            <SimpleData name="Lote">D</SimpleData>
            <SimpleData name="Parametro">0.80000000000</SimpleData>
            <SimpleData name="Sup_Sig">0.83022196896</SimpleData>
            <SimpleData name="Situacion">Cumple</SimpleData>
            <SimpleData name="X">-56.05029905000</SimpleData>
            <SimpleData name="Y">-24.99237213000</SimpleData>
            <SimpleData name="Shape_Leng">364.81156514000</SimpleData>
            <SimpleData name="Shape_Area">8302.21968959000</SimpleData>
          </SchemaData>
        </ExtendedData>
        <Polygon>
          <outerBoundaryIs>
            <LinearRing>
              <coordinates>
                -56.0497462998369,-24.9927042999741,0
                -56.0506579001725,-24.9928469004566,0
                -56.0508201998183,-24.9920423998717,0
                -56.0499911001171,-24.9918744997391,0
                -56.0497462998369,-24.9927042999741,0
              </coordinates>
            </LinearRing>
          </outerBoundaryIs>
        </Polygon>
      </Placemark>
      <Placemark id="Lote_D.113">
        <ExtendedData>
          <SchemaData schemaUrl="#Lote_D.schema">
            <SimpleData name="Cédula">1608859.00000000000</SimpleData>
            <SimpleData name="Nombres_y_">REINA BRYKUGI DUARTE</SimpleData>
            <SimpleData name="Sexo">Mujer</SimpleData>
            <SimpleData name="Cambio_de_">NO</SimpleData>
            <SimpleData name="Titular_se">NO</SimpleData>
            <SimpleData name="ci_UNIF">1608859.00000000000</SimpleData>
            <SimpleData name="Situación">NO</SimpleData>
            <SimpleData name="Comunidad">Ind?gena</SimpleData>
            <SimpleData name="Modelo_imp">Modelo 1</SimpleData>
            <SimpleData name="Departamen">CAAGUAZU</SimpleData>
            <SimpleData name="Distrito">SAN JOAQUIN</SimpleData>
            <SimpleData name="Localidad">COM INDIG CERRO MOROTI</SimpleData>
            <SimpleData name="Teléfono">ND</SimpleData>
            <SimpleData name="Vivienda_L">-25.01930800000</SimpleData>
            <SimpleData name="Vivienda_1">-56.14230470000</SimpleData>
            <SimpleData name="Superficie">0.80000000000</SimpleData>
            <SimpleData name="Situaci_1">Pol?gono</SimpleData>
            <SimpleData name="Plantado">SI</SimpleData>
            <SimpleData name="Plantado_f">2025/10/07</SimpleData>
            <SimpleData name="Jornales">0.00000000000</SimpleData>
            <SimpleData name="Monto">0.00000000000</SimpleData>
            <SimpleData name="Grupo_de_p">D-P1</SimpleData>
            <SimpleData name="Estado_del">Activo</SimpleData>
            <SimpleData name="Empresa">Unique Wood Paraguay SA</SimpleData>
            <SimpleData name="Lote">D</SimpleData>
            <SimpleData name="Parametro">0.80000000000</SimpleData>
            <SimpleData name="Sup_Sig">0.86709356436</SimpleData>
            <SimpleData name="Situacion">Cumple</SimpleData>
            <SimpleData name="X">-56.14354198000</SimpleData>
            <SimpleData name="Y">-25.01610666000</SimpleData>
            <SimpleData name="Shape_Leng">481.43007890900</SimpleData>
            <SimpleData name="Shape_Area">8670.93564357000</SimpleData>
          </SchemaData>
        </ExtendedData>
        <Polygon>
          <outerBoundaryIs>
            <LinearRing>
              <coordinates>
                -56.1435895755584,-25.0151980132123,0
                -56.1433825054152,-25.0151979094575,0
                -56.143362200161,-25.0151978999359,0
                -56.1432806998197,-25.0169071001355,0
                -56.1437566994798,-25.0170199997256,0
                -56.1437567405586,-25.017008647822,0
                -56.1437547999171,-25.017008100239,0
                -56.1437586013961,-25.0164701719048,0
                -56.1437630001737,-25.01519810083,0
                -56.1435895755584,-25.0151980132123,0
              </coordinates>
            </LinearRing>
          </outerBoundaryIs>
        </Polygon>
      </Placemark>
      <Placemark id="Lote_D.114">
        <ExtendedData>
          <SchemaData schemaUrl="#Lote_D.schema">
            <SimpleData name="Cédula">6252885.00000000000</SimpleData>
            <SimpleData name="Nombres_y_">MARIELA  LEON RAMOS</SimpleData>
            <SimpleData name="Sexo">Mujer</SimpleData>
            <SimpleData name="Cambio_de_">NO</SimpleData>
            <SimpleData name="Titular_se">NO</SimpleData>
            <SimpleData name="ci_UNIF">6252885.00000000000</SimpleData>
            <SimpleData name="Situación">NO</SimpleData>
            <SimpleData name="Comunidad">Campesina</SimpleData>
            <SimpleData name="Modelo_imp">Modelo 5</SimpleData>
            <SimpleData name="Departamen">CAAGUAZU</SimpleData>
            <SimpleData name="Distrito">YH?</SimpleData>
            <SimpleData name="Localidad">YATAITY</SimpleData>
            <SimpleData name="Teléfono">971505183</SimpleData>
            <SimpleData name="Vivienda_L">-25.07300230000</SimpleData>
            <SimpleData name="Vivienda_1">-55.98261860000</SimpleData>
            <SimpleData name="Superficie">0.70000000000</SimpleData>
            <SimpleData name="Situaci_1">Pol?gono</SimpleData>
            <SimpleData name="Plantado">SI</SimpleData>
            <SimpleData name="Plantado_f">2025/10/19</SimpleData>
            <SimpleData name="Jornales">0.00000000000</SimpleData>
            <SimpleData name="Monto">0.00000000000</SimpleData>
            <SimpleData name="Grupo_de_p">D-P1</SimpleData>
            <SimpleData name="Estado_del">Activo</SimpleData>
            <SimpleData name="Empresa">Unique Wood Paraguay SA</SimpleData>
            <SimpleData name="Lote">D</SimpleData>
            <SimpleData name="Parametro">0.70000000000</SimpleData>
            <SimpleData name="Sup_Sig">0.85016586351</SimpleData>
            <SimpleData name="Situacion">Cumple</SimpleData>
            <SimpleData name="X">-55.98396033000</SimpleData>
            <SimpleData name="Y">-25.07245930000</SimpleData>
            <SimpleData name="Shape_Leng">412.80147775400</SimpleData>
            <SimpleData name="Shape_Area">8501.65863506000</SimpleData>
          </SchemaData>
        </ExtendedData>
        <Polygon>
          <outerBoundaryIs>
            <LinearRing>
              <coordinates>
                -55.9832383001905,-25.0727217000163,0
                -55.9835015001262,-25.0731034002219,0
                -55.9847117001609,-25.0722399994604,0
                -55.9844036000109,-25.0718381992579,0
                -55.9836566995768,-25.0723250003124,0
                -55.9832383001905,-25.0727217000163,0
              </coordinates>
            </LinearRing>
          </outerBoundaryIs>
        </Polygon>
      </Placemark>
      <Placemark id="Lote_D.115">
        <ExtendedData>
          <SchemaData schemaUrl="#Lote_D.schema">
            <SimpleData name="Cédula">7657093.00000000000</SimpleData>
            <SimpleData name="Nombres_y_">SONIA GONZALEZ DUARTE</SimpleData>
            <SimpleData name="Sexo">Mujer</SimpleData>
            <SimpleData name="Cambio_de_">NO</SimpleData>
            <SimpleData name="Titular_se">NO</SimpleData>
            <SimpleData name="ci_UNIF">7657093.00000000000</SimpleData>
            <SimpleData name="Situación">NO</SimpleData>
            <SimpleData name="Comunidad">Ind?gena</SimpleData>
            <SimpleData name="Modelo_imp">Modelo 3</SimpleData>
            <SimpleData name="Departamen">CAAGUAZU</SimpleData>
            <SimpleData name="Distrito">SAN JOAQUIN</SimpleData>
            <SimpleData name="Localidad">COM INDIG TEKOHA CAMPITO</SimpleData>
            <SimpleData name="Teléfono">0986816116</SimpleData>
            <SimpleData name="Vivienda_L">-25.15738230000</SimpleData>
            <SimpleData name="Vivienda_1">-56.06105990000</SimpleData>
            <SimpleData name="Superficie">1.00000000000</SimpleData>
            <SimpleData name="Situaci_1">Par?metro</SimpleData>
            <SimpleData name="Plantado">SI</SimpleData>
            <SimpleData name="Plantado_f">2025/11/25</SimpleData>
            <SimpleData name="Jornales">0.00000000000</SimpleData>
            <SimpleData name="Monto">0.00000000000</SimpleData>
            <SimpleData name="Grupo_de_p">D-P1</SimpleData>
            <SimpleData name="Estado_del">Activo</SimpleData>
            <SimpleData name="Empresa">Unique Wood Paraguay SA</SimpleData>
            <SimpleData name="Lote">D</SimpleData>
            <SimpleData name="Parametro">1.00000000000</SimpleData>
            <SimpleData name="Sup_Sig">0.99919179592</SimpleData>
            <SimpleData name="Situacion">Cumple</SimpleData>
            <SimpleData name="X">-56.06127717000</SimpleData>
            <SimpleData name="Y">-25.15905268000</SimpleData>
            <SimpleData name="Shape_Leng">434.49966111000</SimpleData>
            <SimpleData name="Shape_Area">9991.91795915000</SimpleData>
          </SchemaData>
        </ExtendedData>
        <Polygon>
          <outerBoundaryIs>
            <LinearRing>
              <coordinates>
                -56.0603867001554,-25.1588732999163,0
                -56.0611793996311,-25.159538100263,0
                -56.0620751004004,-25.159323599956,0
                -56.06176240036,-25.1590547002042,0
                -56.0618495998671,-25.1588721002122,0
                -56.0615458998738,-25.1585683998798,0
                -56.0603867001554,-25.1588732999163,0
              </coordinates>
            </LinearRing>
          </outerBoundaryIs>
        </Polygon>
      </Placemark>
      <Placemark id="Lote_D.116">
        <ExtendedData>
          <SchemaData schemaUrl="#Lote_D.schema">
            <SimpleData name="Cédula">5423925.00000000000</SimpleData>
            <SimpleData name="Nombres_y_">AMELIA TOLEDO SEGOVIA</SimpleData>
            <SimpleData name="Sexo">Mujer</SimpleData>
            <SimpleData name="Cambio_de_">NO</SimpleData>
            <SimpleData name="Titular_se">NO</SimpleData>
            <SimpleData name="ci_UNIF">5423925.00000000000</SimpleData>
            <SimpleData name="Situación">NO</SimpleData>
            <SimpleData name="Comunidad">Campesina</SimpleData>
            <SimpleData name="Modelo_imp">Modelo 4</SimpleData>
            <SimpleData name="Departamen">CAAGUAZU</SimpleData>
            <SimpleData name="Distrito">YH?</SimpleData>
            <SimpleData name="Localidad">2DA LINEA - KAIHO</SimpleData>
            <SimpleData name="Teléfono">0984183061</SimpleData>
            <SimpleData name="Vivienda_L">-24.94453230000</SimpleData>
            <SimpleData name="Vivienda_1">-55.89454420000</SimpleData>
            <SimpleData name="Superficie">0.70000000000</SimpleData>
            <SimpleData name="Situaci_1">Pol?gono</SimpleData>
            <SimpleData name="Plantado">SI</SimpleData>
            <SimpleData name="Plantado_f">2025/10/31</SimpleData>
            <SimpleData name="Jornales">0.00000000000</SimpleData>
            <SimpleData name="Monto">0.00000000000</SimpleData>
            <SimpleData name="Grupo_de_p">D-P1</SimpleData>
            <SimpleData name="Estado_del">Activo</SimpleData>
            <SimpleData name="Empresa">Unique Wood Paraguay SA</SimpleData>
            <SimpleData name="Lote">D</SimpleData>
            <SimpleData name="Parametro">0.70000000000</SimpleData>
            <SimpleData name="Sup_Sig">0.70367897562</SimpleData>
            <SimpleData name="Situacion">Cumple</SimpleData>
            <SimpleData name="X">-55.88722456000</SimpleData>
            <SimpleData name="Y">-24.94355853000</SimpleData>
            <SimpleData name="Shape_Leng">348.06172906700</SimpleData>
            <SimpleData name="Shape_Area">7036.78975618000</SimpleData>
          </SchemaData>
        </ExtendedData>
        <Polygon>
          <outerBoundaryIs>
            <LinearRing>
              <coordinates>
                -55.8867586003995,-24.9439031000939,0
                -55.8873732999086,-24.9441416993624,0
                -55.8876700001948,-24.9431999993591,0
                -55.8871082998797,-24.9429652007048,0
                -55.8867586003995,-24.9439031000939,0
              </coordinates>
            </LinearRing>
          </outerBoundaryIs>
        </Polygon>
      </Placemark>
      <Placemark id="Lote_D.117">
        <ExtendedData>
          <SchemaData schemaUrl="#Lote_D.schema">
            <SimpleData name="Cédula">5436273.00000000000</SimpleData>
            <SimpleData name="Nombres_y_">YANY MARICEL BAEZ CA ETE</SimpleData>
            <SimpleData name="Sexo">Mujer</SimpleData>
            <SimpleData name="Cambio_de_">NO</SimpleData>
            <SimpleData name="Titular_se">NO</SimpleData>
            <SimpleData name="ci_UNIF">5436273.00000000000</SimpleData>
            <SimpleData name="Situación">NO</SimpleData>
            <SimpleData name="Comunidad">Campesina</SimpleData>
            <SimpleData name="Modelo_imp">Modelo 3</SimpleData>
            <SimpleData name="Departamen">CAAGUAZU</SimpleData>
            <SimpleData name="Distrito">CARAYAO</SimpleData>
            <SimpleData name="Localidad">ARROYO HOVY</SimpleData>
            <SimpleData name="Teléfono">981585178</SimpleData>
            <SimpleData name="Vivienda_L">-25.15957640000</SimpleData>
            <SimpleData name="Vivienda_1">-56.29176990000</SimpleData>
            <SimpleData name="Superficie">1.00000000000</SimpleData>
            <SimpleData name="Situaci_1">Par?metro</SimpleData>
            <SimpleData name="Plantado">SI</SimpleData>
            <SimpleData name="Plantado_f">2025/11/24</SimpleData>
            <SimpleData name="Jornales">0.00000000000</SimpleData>
            <SimpleData name="Monto">0.00000000000</SimpleData>
            <SimpleData name="Grupo_de_p">D-P1</SimpleData>
            <SimpleData name="Estado_del">Activo</SimpleData>
            <SimpleData name="Empresa">Unique Wood Paraguay SA</SimpleData>
            <SimpleData name="Lote">D</SimpleData>
            <SimpleData name="Parametro">1.00000000000</SimpleData>
            <SimpleData name="Sup_Sig">1.86899895477</SimpleData>
            <SimpleData name="Situacion">Cumple</SimpleData>
            <SimpleData name="X">-56.28978075000</SimpleData>
            <SimpleData name="Y">-25.15941445000</SimpleData>
            <SimpleData name="Shape_Leng">632.42722229400</SimpleData>
            <SimpleData name="Shape_Area">18689.98954770000</SimpleData>
          </SchemaData>
        </ExtendedData>
        <Polygon>
          <outerBoundaryIs>
            <LinearRing>
              <coordinates>
                -56.2887000003345,-25.1592142002818,0
                -56.2889038999352,-25.1600328002606,0
                -56.2905585004948,-25.1597442999915,0
                -56.2905777004218,-25.1592531001146,0
                -56.2910265998063,-25.1590221000815,0
                -56.2909997995673,-25.1587829004132,0
                -56.2887000003345,-25.1592142002818,0
              </coordinates>
            </LinearRing>
          </outerBoundaryIs>
        </Polygon>
      </Placemark>
      <Placemark id="Lote_D.118">
        <ExtendedData>
          <SchemaData schemaUrl="#Lote_D.schema">
            <SimpleData name="Cédula">7632345.00000000000</SimpleData>
            <SimpleData name="Nombres_y_">SILVINA ESQUIVEL CENTURION</SimpleData>
            <SimpleData name="Sexo">Mujer</SimpleData>
            <SimpleData name="Cambio_de_">NO</SimpleData>
            <SimpleData name="Titular_se">NO</SimpleData>
            <SimpleData name="ci_UNIF">7632345.00000000000</SimpleData>
            <SimpleData name="Situación">NO</SimpleData>
            <SimpleData name="Comunidad">Ind?gena</SimpleData>
            <SimpleData name="Modelo_imp">Modelo 2</SimpleData>
            <SimpleData name="Departamen">CAAGUAZU</SimpleData>
            <SimpleData name="Distrito">YH?</SimpleData>
            <SimpleData name="Localidad">COM INDIG ARROYO GUAZU - GUAYAYVI</SimpleData>
            <SimpleData name="Teléfono">0982024447</SimpleData>
            <SimpleData name="Vivienda_L">-24.88813300000</SimpleData>
            <SimpleData name="Vivienda_1">-55.82290050000</SimpleData>
            <SimpleData name="Superficie">0.80000000000</SimpleData>
            <SimpleData name="Situaci_1">Pol?gono</SimpleData>
            <SimpleData name="Plantado">SI</SimpleData>
            <SimpleData name="Plantado_f">2025/10/23</SimpleData>
            <SimpleData name="Jornales">0.00000000000</SimpleData>
            <SimpleData name="Monto">0.00000000000</SimpleData>
            <SimpleData name="Grupo_de_p">D-P1</SimpleData>
            <SimpleData name="Estado_del">Activo</SimpleData>
            <SimpleData name="Empresa">Unique Wood Paraguay SA</SimpleData>
            <SimpleData name="Lote">D</SimpleData>
            <SimpleData name="Parametro">0.80000000000</SimpleData>
            <SimpleData name="Sup_Sig">0.80566158957</SimpleData>
            <SimpleData name="Situacion">Cumple</SimpleData>
            <SimpleData name="X">-55.82211373000</SimpleData>
            <SimpleData name="Y">-24.88798805000</SimpleData>
            <SimpleData name="Shape_Leng">519.29605779900</SimpleData>
            <SimpleData name="Shape_Area">8056.61589568000</SimpleData>
          </SchemaData>
        </ExtendedData>
        <MultiGeometry>
          <Polygon>
            <outerBoundaryIs>
              <LinearRing>
                <coordinates>
                  -55.8219694984366,-24.8886594997324,0
                  -55.822584899338,-24.8883700998808,0
                  -55.8224154993732,-24.8879709010922,0
                  -55.8217960997113,-24.8882338018458,0
                  -55.8219694984366,-24.8886594997324,0
                </coordinates>
              </LinearRing>
            </outerBoundaryIs>
          </Polygon>
          <Polygon>
            <outerBoundaryIs>
              <LinearRing>
                <coordinates>
                  -55.821801698735,-24.888190000953,0
                  -55.8224454004947,-24.8878414004917,0
                  -55.8224683995558,-24.8877118011739,0
                  -55.8224237988531,-24.8873490008697,0
                  -55.8215996996463,-24.887663000798,0
                  -55.821801698735,-24.888190000953,0
                </coordinates>
              </LinearRing>
            </outerBoundaryIs>
          </Polygon>
        </MultiGeometry>
      </Placemark>
      <Placemark id="Lote_D.119">
        <ExtendedData>
          <SchemaData schemaUrl="#Lote_D.schema">
            <SimpleData name="Cédula">2421824.00000000000</SimpleData>
            <SimpleData name="Nombres_y_">NICANOR  BENITEZ GONZALEZ</SimpleData>
            <SimpleData name="Sexo">Hombre</SimpleData>
            <SimpleData name="Cambio_de_">NO</SimpleData>
            <SimpleData name="Titular_se">NO</SimpleData>
            <SimpleData name="ci_UNIF">2421824.00000000000</SimpleData>
            <SimpleData name="Situación">NO</SimpleData>
            <SimpleData name="Comunidad">Campesina</SimpleData>
            <SimpleData name="Modelo_imp">Modelo 5</SimpleData>
            <SimpleData name="Departamen">CAAGUAZU</SimpleData>
            <SimpleData name="Distrito">CARAYAO</SimpleData>
            <SimpleData name="Localidad"><![CDATA[PARA'I]]></SimpleData>
            <SimpleData name="Teléfono">975921336</SimpleData>
            <SimpleData name="Vivienda_L">-25.16470010000</SimpleData>
            <SimpleData name="Vivienda_1">-56.24573000000</SimpleData>
            <SimpleData name="Superficie">0.70000000000</SimpleData>
            <SimpleData name="Situaci_1">Pol?gono</SimpleData>
            <SimpleData name="Plantado">SI</SimpleData>
            <SimpleData name="Plantado_f">2025/11/20</SimpleData>
            <SimpleData name="Jornales">0.00000000000</SimpleData>
            <SimpleData name="Monto">0.00000000000</SimpleData>
            <SimpleData name="Grupo_de_p">D-P1</SimpleData>
            <SimpleData name="Estado_del">Activo</SimpleData>
            <SimpleData name="Empresa">Unique Wood Paraguay SA</SimpleData>
            <SimpleData name="Lote">D</SimpleData>
            <SimpleData name="Parametro">0.70000000000</SimpleData>
            <SimpleData name="Sup_Sig">0.77853445148</SimpleData>
            <SimpleData name="Situacion">Cumple</SimpleData>
            <SimpleData name="X">-56.24639662000</SimpleData>
            <SimpleData name="Y">-25.16625538000</SimpleData>
            <SimpleData name="Shape_Leng">497.53251928500</SimpleData>
            <SimpleData name="Shape_Area">7785.34451479000</SimpleData>
          </SchemaData>
        </ExtendedData>
        <MultiGeometry>
          <Polygon>
            <outerBoundaryIs>
              <LinearRing>
                <coordinates>
                  -56.2459473007949,-25.1675967001335,0
                  -56.2458878001945,-25.1669284004262,0
                  -56.2456102004797,-25.1669512994656,0
                  -56.2456526991591,-25.167449400026,0
                  -56.2459473007949,-25.1675967001335,0
                </coordinates>
              </LinearRing>
            </outerBoundaryIs>
          </Polygon>
          <Polygon>
            <outerBoundaryIs>
              <LinearRing>
                <coordinates>
                  -56.2461451997264,-25.1662959994841,0
                  -56.2470121004791,-25.1662363001639,0
                  -56.2470078003168,-25.165612399415,0
                  -56.2462718998531,-25.1656490005396,0
                  -56.2461493998648,-25.1658387996982,0
                  -56.2461451997264,-25.1662959994841,0
                </coordinates>
              </LinearRing>
            </outerBoundaryIs>
          </Polygon>
        </MultiGeometry>
      </Placemark>
      <Placemark id="Lote_D.120">
        <ExtendedData>
          <SchemaData schemaUrl="#Lote_D.schema">
            <SimpleData name="Cédula">8038506.00000000000</SimpleData>
            <SimpleData name="Nombres_y_">BASILICA OLMEDO VERA</SimpleData>
            <SimpleData name="Sexo">Mujer</SimpleData>
            <SimpleData name="Cambio_de_">NO</SimpleData>
            <SimpleData name="Titular_se">NO</SimpleData>
            <SimpleData name="ci_UNIF">8038506.00000000000</SimpleData>
            <SimpleData name="Situación">NO</SimpleData>
            <SimpleData name="Comunidad">Ind?gena</SimpleData>
            <SimpleData name="Modelo_imp">Modelo 1</SimpleData>
            <SimpleData name="Departamen">CAAGUAZU</SimpleData>
            <SimpleData name="Distrito">YH?</SimpleData>
            <SimpleData name="Localidad">COM INDIG AMAMBAY ARROYO GUAZU</SimpleData>
            <SimpleData name="Teléfono">0981661483</SimpleData>
            <SimpleData name="Vivienda_L">-24.89898110000</SimpleData>
            <SimpleData name="Vivienda_1">-55.85649470000</SimpleData>
            <SimpleData name="Superficie">0.80000000000</SimpleData>
            <SimpleData name="Situaci_1">Pol?gono</SimpleData>
            <SimpleData name="Plantado">SI</SimpleData>
            <SimpleData name="Plantado_f">2025/10/23</SimpleData>
            <SimpleData name="Jornales">0.00000000000</SimpleData>
            <SimpleData name="Monto">0.00000000000</SimpleData>
            <SimpleData name="Grupo_de_p">D-P1</SimpleData>
            <SimpleData name="Estado_del">Activo</SimpleData>
            <SimpleData name="Empresa">Unique Wood Paraguay SA</SimpleData>
            <SimpleData name="Lote">D</SimpleData>
            <SimpleData name="Parametro">0.80000000000</SimpleData>
            <SimpleData name="Sup_Sig">0.93930817884</SimpleData>
            <SimpleData name="Situacion">Cumple</SimpleData>
            <SimpleData name="X">-55.85637967000</SimpleData>
            <SimpleData name="Y">-24.89844065000</SimpleData>
            <SimpleData name="Shape_Leng">479.86452322400</SimpleData>
            <SimpleData name="Shape_Area">9393.08178839000</SimpleData>
          </SchemaData>
        </ExtendedData>
        <Polygon>
          <outerBoundaryIs>
            <LinearRing>
              <coordinates>
                -55.8560549004314,-24.8986168003464,0
                -55.8561972000776,-24.8988040006422,0
                -55.8564733003636,-24.8987316997128,0
                -55.8567302005183,-24.898750199949,0
                -55.8567831005732,-24.8988348005803,0
                -55.8567089000222,-24.898937700039,0
                -55.8568417006536,-24.8991049996811,0
                -55.8571557996679,-24.898910100561,0
                -55.8563958002459,-24.8978235995456,0
                -55.8555002002826,-24.8983711999804,0
                -55.8560549004314,-24.8986168003464,0
              </coordinates>
            </LinearRing>
          </outerBoundaryIs>
        </Polygon>
      </Placemark>
      <Placemark id="Lote_D.121">
        <ExtendedData>
          <SchemaData schemaUrl="#Lote_D.schema">
            <SimpleData name="Cédula">5005969.00000000000</SimpleData>
            <SimpleData name="Nombres_y_">ROBERT OSMAR GOMEZ RUIZ DIAZ</SimpleData>
            <SimpleData name="Sexo">Hombre</SimpleData>
            <SimpleData name="Cambio_de_">NO</SimpleData>
            <SimpleData name="Titular_se">NO</SimpleData>
            <SimpleData name="ci_UNIF">5005969.00000000000</SimpleData>
            <SimpleData name="Situación">NO</SimpleData>
            <SimpleData name="Comunidad">Campesina</SimpleData>
            <SimpleData name="Modelo_imp">Modelo 5</SimpleData>
            <SimpleData name="Departamen">CAAGUAZU</SimpleData>
            <SimpleData name="Distrito">CARAYAO</SimpleData>
            <SimpleData name="Localidad">ARROYO HOVY</SimpleData>
            <SimpleData name="Teléfono">0983340952</SimpleData>
            <SimpleData name="Vivienda_L">-25.15355220000</SimpleData>
            <SimpleData name="Vivienda_1">-56.29095520000</SimpleData>
            <SimpleData name="Superficie">0.70000000000</SimpleData>
            <SimpleData name="Situaci_1">Pol?gono</SimpleData>
            <SimpleData name="Plantado">SI</SimpleData>
            <SimpleData name="Plantado_f">2025/11/22</SimpleData>
            <SimpleData name="Jornales">0.00000000000</SimpleData>
            <SimpleData name="Monto">0.00000000000</SimpleData>
            <SimpleData name="Grupo_de_p">D-P1</SimpleData>
            <SimpleData name="Estado_del">Activo</SimpleData>
            <SimpleData name="Empresa">Unique Wood Paraguay SA</SimpleData>
            <SimpleData name="Lote">D</SimpleData>
            <SimpleData name="Parametro">0.70000000000</SimpleData>
            <SimpleData name="Sup_Sig">0.78006773852</SimpleData>
            <SimpleData name="Situacion">Cumple</SimpleData>
            <SimpleData name="X">-56.28967355000</SimpleData>
            <SimpleData name="Y">-25.14485667000</SimpleData>
            <SimpleData name="Shape_Leng">353.59930167900</SimpleData>
            <SimpleData name="Shape_Area">7800.67738524000</SimpleData>
          </SchemaData>
        </ExtendedData>
        <Polygon>
          <outerBoundaryIs>
            <LinearRing>
              <coordinates>
                -56.289152100237,-25.1450923000614,0
                -56.2893253000055,-25.1452539998736,0
                -56.2902236000855,-25.145110900677,0
                -56.2901761997565,-25.1444563997233,0
                -56.2890896995704,-25.1446161996491,0
                -56.289152100237,-25.1450923000614,0
              </coordinates>
            </LinearRing>
          </outerBoundaryIs>
        </Polygon>
      </Placemark>
      <Placemark id="Lote_D.122">
        <ExtendedData>
          <SchemaData schemaUrl="#Lote_D.schema">
            <SimpleData name="Cédula">1574300.00000000000</SimpleData>
            <SimpleData name="Nombres_y_">GRACIELA ORTEGA DE MEDINA</SimpleData>
            <SimpleData name="Sexo">Mujer</SimpleData>
            <SimpleData name="Cambio_de_">NO</SimpleData>
            <SimpleData name="Titular_se">NO</SimpleData>
            <SimpleData name="ci_UNIF">1574300.00000000000</SimpleData>
            <SimpleData name="Situación">NO</SimpleData>
            <SimpleData name="Comunidad">Campesina</SimpleData>
            <SimpleData name="Modelo_imp">Modelo 6</SimpleData>
            <SimpleData name="Departamen">CAAGUAZU</SimpleData>
            <SimpleData name="Distrito">SAN JOAQUIN</SimpleData>
            <SimpleData name="Localidad">PIRI POTY</SimpleData>
            <SimpleData name="Teléfono">0985833433</SimpleData>
            <SimpleData name="Vivienda_L">-25.05412450000</SimpleData>
            <SimpleData name="Vivienda_1">-56.07182390000</SimpleData>
            <SimpleData name="Superficie">0.90000000000</SimpleData>
            <SimpleData name="Situaci_1">Pol?gono</SimpleData>
            <SimpleData name="Plantado">SI</SimpleData>
            <SimpleData name="Plantado_f">2025/10/16</SimpleData>
            <SimpleData name="Jornales">0.00000000000</SimpleData>
            <SimpleData name="Monto">0.00000000000</SimpleData>
            <SimpleData name="Grupo_de_p">D-P1</SimpleData>
            <SimpleData name="Estado_del">Activo</SimpleData>
            <SimpleData name="Empresa">Unique Wood Paraguay SA</SimpleData>
            <SimpleData name="Lote">D</SimpleData>
            <SimpleData name="Parametro">0.90000000000</SimpleData>
            <SimpleData name="Sup_Sig">0.94333329212</SimpleData>
            <SimpleData name="Situacion">Cumple</SimpleData>
            <SimpleData name="X">-56.08136499000</SimpleData>
            <SimpleData name="Y">-25.05244386000</SimpleData>
            <SimpleData name="Shape_Leng">401.85542391100</SimpleData>
            <SimpleData name="Shape_Area">9433.33292116000</SimpleData>
          </SchemaData>
        </ExtendedData>
        <Polygon>
          <outerBoundaryIs>
            <LinearRing>
              <coordinates>
                -56.0806953992287,-25.0521700999148,0
                -56.0808274996785,-25.0528798999626,0
                -56.0820166993699,-25.0526850000796,0
                -56.0819727007374,-25.0520480003817,0
                -56.0806953992287,-25.0521700999148,0
              </coordinates>
            </LinearRing>
          </outerBoundaryIs>
        </Polygon>
      </Placemark>
      <Placemark id="Lote_D.123">
        <ExtendedData>
          <SchemaData schemaUrl="#Lote_D.schema">
            <SimpleData name="Cédula">5484930.00000000000</SimpleData>
            <SimpleData name="Nombres_y_">GREGORIO PORTILLO BENITEZ</SimpleData>
            <SimpleData name="Sexo">Hombre</SimpleData>
            <SimpleData name="Cambio_de_">NO</SimpleData>
            <SimpleData name="Titular_se">NO</SimpleData>
            <SimpleData name="ci_UNIF">5484930.00000000000</SimpleData>
            <SimpleData name="Situación">NO</SimpleData>
            <SimpleData name="Comunidad">Ind?gena</SimpleData>
            <SimpleData name="Modelo_imp">Modelo 5</SimpleData>
            <SimpleData name="Departamen">CAAGUAZU</SimpleData>
            <SimpleData name="Distrito">YH?</SimpleData>
            <SimpleData name="Localidad">COM INDIG AMAMBAY ARROYO GUAZU</SimpleData>
            <SimpleData name="Teléfono">0971161617</SimpleData>
            <SimpleData name="Vivienda_L">-24.90298910000</SimpleData>
            <SimpleData name="Vivienda_1">-55.86013000000</SimpleData>
            <SimpleData name="Superficie">0.70000000000</SimpleData>
            <SimpleData name="Situaci_1">Pol?gono</SimpleData>
            <SimpleData name="Plantado">SI</SimpleData>
            <SimpleData name="Plantado_f">2025/10/23</SimpleData>
            <SimpleData name="Jornales">0.00000000000</SimpleData>
            <SimpleData name="Monto">0.00000000000</SimpleData>
            <SimpleData name="Grupo_de_p">D-P1</SimpleData>
            <SimpleData name="Estado_del">Activo</SimpleData>
            <SimpleData name="Empresa">Unique Wood Paraguay SA</SimpleData>
            <SimpleData name="Lote">D</SimpleData>
            <SimpleData name="Parametro">0.70000000000</SimpleData>
            <SimpleData name="Sup_Sig">0.72425404628</SimpleData>
            <SimpleData name="Situacion">Cumple</SimpleData>
            <SimpleData name="X">-55.85976632000</SimpleData>
            <SimpleData name="Y">-24.90342002000</SimpleData>
            <SimpleData name="Shape_Leng">364.17905815600</SimpleData>
            <SimpleData name="Shape_Area">7242.54046278000</SimpleData>
          </SchemaData>
        </ExtendedData>
        <Polygon>
          <outerBoundaryIs>
            <LinearRing>
              <coordinates>
                -55.8591977996131,-24.9032291995403,0
                -55.8598264996193,-24.9040110003926,0
                -55.8602446000867,-24.9037582994639,0
                -55.8602053998403,-24.9036327007974,0
                -55.8602670006914,-24.9035713003046,0
                -55.8598945998074,-24.9031311003399,0
                -55.8599775005371,-24.9029993994844,0
                -55.8598110003116,-24.9028113999701,0
                -55.8591977996131,-24.9032291995403,0
              </coordinates>
            </LinearRing>
          </outerBoundaryIs>
        </Polygon>
      </Placemark>
      <Placemark id="Lote_D.124">
        <ExtendedData>
          <SchemaData schemaUrl="#Lote_D.schema">
            <SimpleData name="Cédula">6136303.00000000000</SimpleData>
            <SimpleData name="Nombres_y_">LILIANA MERCEDES RUIZ FLEITAS</SimpleData>
            <SimpleData name="Sexo">Mujer</SimpleData>
            <SimpleData name="Cambio_de_">NO</SimpleData>
            <SimpleData name="Titular_se">NO</SimpleData>
            <SimpleData name="ci_UNIF">6136303.00000000000</SimpleData>
            <SimpleData name="Situación">NO</SimpleData>
            <SimpleData name="Comunidad">Campesina</SimpleData>
            <SimpleData name="Modelo_imp">Modelo 5</SimpleData>
            <SimpleData name="Departamen">CAAGUAZU</SimpleData>
            <SimpleData name="Distrito">YH?</SimpleData>
            <SimpleData name="Localidad">YATAITY</SimpleData>
            <SimpleData name="Teléfono">0985316885</SimpleData>
            <SimpleData name="Vivienda_L">-25.06698790000</SimpleData>
            <SimpleData name="Vivienda_1">-55.97941160000</SimpleData>
            <SimpleData name="Superficie">0.70000000000</SimpleData>
            <SimpleData name="Situaci_1">Pol?gono</SimpleData>
            <SimpleData name="Plantado">SI</SimpleData>
            <SimpleData name="Plantado_f">2025/10/19</SimpleData>
            <SimpleData name="Jornales">0.00000000000</SimpleData>
            <SimpleData name="Monto">0.00000000000</SimpleData>
            <SimpleData name="Grupo_de_p">D-P3</SimpleData>
            <SimpleData name="Estado_del">Activo</SimpleData>
            <SimpleData name="Empresa">Unique Wood Paraguay SA</SimpleData>
            <SimpleData name="Lote">D</SimpleData>
            <SimpleData name="Parametro">0.70000000000</SimpleData>
            <SimpleData name="Sup_Sig">0.70576080102</SimpleData>
            <SimpleData name="Situacion">Cumple</SimpleData>
            <SimpleData name="X">-55.98010840000</SimpleData>
            <SimpleData name="Y">-25.06834982000</SimpleData>
            <SimpleData name="Shape_Leng">336.28608080700</SimpleData>
            <SimpleData name="Shape_Area">7057.60801020000</SimpleData>
          </SchemaData>
        </ExtendedData>
        <Polygon>
          <outerBoundaryIs>
            <LinearRing>
              <coordinates>
                -55.9795444998708,-25.0682390003567,0
                -55.9799295995017,-25.0688629999299,0
                -55.9806915999587,-25.068470600466,0
                -55.9802459994883,-25.0678252997067,0
                -55.9795444998708,-25.0682390003567,0
              </coordinates>
            </LinearRing>
          </outerBoundaryIs>
        </Polygon>
      </Placemark>
      <Placemark id="Lote_D.125">
        <ExtendedData>
          <SchemaData schemaUrl="#Lote_D.schema">
            <SimpleData name="Cédula">6252888.00000000000</SimpleData>
            <SimpleData name="Nombres_y_">ELIDA  SANTACRUZ MARECO</SimpleData>
            <SimpleData name="Sexo">Mujer</SimpleData>
            <SimpleData name="Cambio_de_">NO</SimpleData>
            <SimpleData name="Titular_se">NO</SimpleData>
            <SimpleData name="ci_UNIF">6252888.00000000000</SimpleData>
            <SimpleData name="Situación">NO</SimpleData>
            <SimpleData name="Comunidad">Campesina</SimpleData>
            <SimpleData name="Modelo_imp">Modelo 5</SimpleData>
            <SimpleData name="Departamen">CAAGUAZU</SimpleData>
            <SimpleData name="Distrito">YH?</SimpleData>
            <SimpleData name="Localidad">YATAITY</SimpleData>
            <SimpleData name="Teléfono">985731611</SimpleData>
            <SimpleData name="Vivienda_L">-25.06480200000</SimpleData>
            <SimpleData name="Vivienda_1">-55.99057340000</SimpleData>
            <SimpleData name="Superficie">0.70000000000</SimpleData>
            <SimpleData name="Situaci_1">Pol?gono</SimpleData>
            <SimpleData name="Plantado">SI</SimpleData>
            <SimpleData name="Plantado_f">2025/10/19</SimpleData>
            <SimpleData name="Jornales">0.00000000000</SimpleData>
            <SimpleData name="Monto">0.00000000000</SimpleData>
            <SimpleData name="Grupo_de_p">D-P3</SimpleData>
            <SimpleData name="Estado_del">Activo</SimpleData>
            <SimpleData name="Empresa">Unique Wood Paraguay SA</SimpleData>
            <SimpleData name="Lote">D</SimpleData>
            <SimpleData name="Parametro">0.70000000000</SimpleData>
            <SimpleData name="Sup_Sig">0.71257641674</SimpleData>
            <SimpleData name="Situacion">Cumple</SimpleData>
            <SimpleData name="X">-55.99141406000</SimpleData>
            <SimpleData name="Y">-25.06438318000</SimpleData>
            <SimpleData name="Shape_Leng">424.74096743300</SimpleData>
            <SimpleData name="Shape_Area">7125.76416741000</SimpleData>
          </SchemaData>
        </ExtendedData>
        <Polygon>
          <outerBoundaryIs>
            <LinearRing>
              <coordinates>
                -55.9921072995495,-25.0639693998227,0
                -55.9917606993521,-25.0641547004048,0
                -55.9916097992227,-25.0641466998374,0
                -55.9913963991385,-25.0642569997439,0
                -55.9912987993391,-25.0640763999937,0
                -55.9906830997148,-25.0643558000038,0
                -55.9909768995929,-25.0648616003563,0
                -55.9923331993879,-25.0641909997093,0
                -55.9921072995495,-25.0639693998227,0
              </coordinates>
            </LinearRing>
          </outerBoundaryIs>
        </Polygon>
      </Placemark>
      <Placemark id="Lote_D.126">
        <ExtendedData>
          <SchemaData schemaUrl="#Lote_D.schema">
            <SimpleData name="Cédula">5123508.00000000000</SimpleData>
            <SimpleData name="Nombres_y_">MARINA ISABEL RAMIREZ BENITEZ</SimpleData>
            <SimpleData name="Sexo">Mujer</SimpleData>
            <SimpleData name="Cambio_de_">NO</SimpleData>
            <SimpleData name="Titular_se">NO</SimpleData>
            <SimpleData name="ci_UNIF">5123508.00000000000</SimpleData>
            <SimpleData name="Situación">NO</SimpleData>
            <SimpleData name="Comunidad">Campesina</SimpleData>
            <SimpleData name="Modelo_imp">Modelo 2</SimpleData>
            <SimpleData name="Departamen">CAAGUAZU</SimpleData>
            <SimpleData name="Distrito">YH?</SimpleData>
            <SimpleData name="Localidad">YATAITY</SimpleData>
            <SimpleData name="Teléfono">981975264</SimpleData>
            <SimpleData name="Vivienda_L">-25.06284710000</SimpleData>
            <SimpleData name="Vivienda_1">-55.96964170000</SimpleData>
            <SimpleData name="Superficie">0.80000000000</SimpleData>
            <SimpleData name="Situaci_1">Pol?gono</SimpleData>
            <SimpleData name="Plantado">SI</SimpleData>
            <SimpleData name="Plantado_f">2025/10/19</SimpleData>
            <SimpleData name="Jornales">0.00000000000</SimpleData>
            <SimpleData name="Monto">0.00000000000</SimpleData>
            <SimpleData name="Grupo_de_p">D-P3</SimpleData>
            <SimpleData name="Estado_del">Activo</SimpleData>
            <SimpleData name="Empresa">Unique Wood Paraguay SA</SimpleData>
            <SimpleData name="Lote">D</SimpleData>
            <SimpleData name="Parametro">0.80000000000</SimpleData>
            <SimpleData name="Sup_Sig">0.87871192712</SimpleData>
            <SimpleData name="Situacion">Cumple</SimpleData>
            <SimpleData name="X">-55.96972559000</SimpleData>
            <SimpleData name="Y">-25.06411922000</SimpleData>
            <SimpleData name="Shape_Leng">376.13277643300</SimpleData>
            <SimpleData name="Shape_Area">8787.11927117000</SimpleData>
          </SchemaData>
        </ExtendedData>
        <Polygon>
          <outerBoundaryIs>
            <LinearRing>
              <coordinates>
                -55.9691081991933,-25.0639306998576,0
                -55.9693218994774,-25.0646301998525,0
                -55.9703649993987,-25.0642933004597,0
                -55.9703149990681,-25.064095500323,0
                -55.9700585991165,-25.0636121002654,0
                -55.9691081991933,-25.0639306998576,0
              </coordinates>
            </LinearRing>
          </outerBoundaryIs>
        </Polygon>
      </Placemark>
      <Placemark id="Lote_D.127">
        <ExtendedData>
          <SchemaData schemaUrl="#Lote_D.schema">
            <SimpleData name="Cédula">6631480.00000000000</SimpleData>
            <SimpleData name="Nombres_y_">MIRNA PAOLA ROMERO LEGUIZAMON</SimpleData>
            <SimpleData name="Sexo">Mujer</SimpleData>
            <SimpleData name="Cambio_de_">NO</SimpleData>
            <SimpleData name="Titular_se">NO</SimpleData>
            <SimpleData name="ci_UNIF">6631480.00000000000</SimpleData>
            <SimpleData name="Situación">NO</SimpleData>
            <SimpleData name="Comunidad">Campesina</SimpleData>
            <SimpleData name="Modelo_imp">Modelo 5</SimpleData>
            <SimpleData name="Departamen">CAAGUAZU</SimpleData>
            <SimpleData name="Distrito">YH?</SimpleData>
            <SimpleData name="Localidad">YATAITY</SimpleData>
            <SimpleData name="Teléfono">976818860</SimpleData>
            <SimpleData name="Vivienda_L">-25.06477330000</SimpleData>
            <SimpleData name="Vivienda_1">-55.99056330000</SimpleData>
            <SimpleData name="Superficie">0.70000000000</SimpleData>
            <SimpleData name="Situaci_1">Pol?gono</SimpleData>
            <SimpleData name="Plantado">SI</SimpleData>
            <SimpleData name="Plantado_f">2025/10/19</SimpleData>
            <SimpleData name="Jornales">0.00000000000</SimpleData>
            <SimpleData name="Monto">0.00000000000</SimpleData>
            <SimpleData name="Grupo_de_p">D-P3</SimpleData>
            <SimpleData name="Estado_del">Activo</SimpleData>
            <SimpleData name="Empresa">Unique Wood Paraguay SA</SimpleData>
            <SimpleData name="Lote">D</SimpleData>
            <SimpleData name="Parametro">0.70000000000</SimpleData>
            <SimpleData name="Sup_Sig">0.71332363755</SimpleData>
            <SimpleData name="Situacion">Cumple</SimpleData>
            <SimpleData name="X">-55.99078559000</SimpleData>
            <SimpleData name="Y">-25.06380562000</SimpleData>
            <SimpleData name="Shape_Leng">338.52500238000</SimpleData>
            <SimpleData name="Shape_Area">7133.23637545000</SimpleData>
          </SchemaData>
        </ExtendedData>
        <Polygon>
          <outerBoundaryIs>
            <LinearRing>
              <coordinates>
                -55.9902669994945,-25.0635556003523,0
                -55.9906443999768,-25.0643533001568,0
                -55.9912850991248,-25.0640712003877,0
                -55.990970299439,-25.063280199862,0
                -55.9906659998272,-25.0633758003252,0
                -55.9902669994945,-25.0635556003523,0
              </coordinates>
            </LinearRing>
          </outerBoundaryIs>
        </Polygon>
      </Placemark>
      <Placemark id="Lote_D.128">
        <ExtendedData>
          <SchemaData schemaUrl="#Lote_D.schema">
            <SimpleData name="Cédula">2074808.00000000000</SimpleData>
            <SimpleData name="Nombres_y_">CARMEN VALDEZ GONZALEZ</SimpleData>
            <SimpleData name="Sexo">Mujer</SimpleData>
            <SimpleData name="Cambio_de_">NO</SimpleData>
            <SimpleData name="Titular_se">NO</SimpleData>
            <SimpleData name="ci_UNIF">2074808.00000000000</SimpleData>
            <SimpleData name="Situación">NO</SimpleData>
            <SimpleData name="Comunidad">Campesina</SimpleData>
            <SimpleData name="Modelo_imp">Modelo 1</SimpleData>
            <SimpleData name="Departamen">CAAGUAZU</SimpleData>
            <SimpleData name="Distrito">SAN JOAQUIN</SimpleData>
            <SimpleData name="Localidad">OLLA RUGUA</SimpleData>
            <SimpleData name="Teléfono">0982068333</SimpleData>
            <SimpleData name="Vivienda_L">-24.92390600000</SimpleData>
            <SimpleData name="Vivienda_1">-56.04445080000</SimpleData>
            <SimpleData name="Superficie">0.80000000000</SimpleData>
            <SimpleData name="Situaci_1">Pol?gono</SimpleData>
            <SimpleData name="Plantado">SI</SimpleData>
            <SimpleData name="Plantado_f">2026/01/28</SimpleData>
            <SimpleData name="Jornales">0.00000000000</SimpleData>
            <SimpleData name="Monto">0.00000000000</SimpleData>
            <SimpleData name="Grupo_de_p">D-P3</SimpleData>
            <SimpleData name="Estado_del">Activo</SimpleData>
            <SimpleData name="Empresa">Unique Wood Paraguay SA</SimpleData>
            <SimpleData name="Lote">D</SimpleData>
            <SimpleData name="Parametro">0.80000000000</SimpleData>
            <SimpleData name="Sup_Sig">0.90019631021</SimpleData>
            <SimpleData name="Situacion">Cumple</SimpleData>
            <SimpleData name="X">-56.04424054000</SimpleData>
            <SimpleData name="Y">-24.92472864000</SimpleData>
            <SimpleData name="Shape_Leng">397.47381291600</SimpleData>
            <SimpleData name="Shape_Area">9001.96310214000</SimpleData>
          </SchemaData>
        </ExtendedData>
        <Polygon>
          <outerBoundaryIs>
            <LinearRing>
              <coordinates>
                -56.0436617004226,-24.9243833000721,0
                -56.044136500211,-24.9253524002638,0
                -56.0448599004418,-24.9250273002038,0
                -56.0445173998629,-24.9243889999579,0
                -56.0443905997588,-24.9244299002995,0
                -56.044165999754,-24.9240779999801,0
                -56.0436617004226,-24.9243833000721,0
              </coordinates>
            </LinearRing>
          </outerBoundaryIs>
        </Polygon>
      </Placemark>
      <Placemark id="Lote_D.129">
        <ExtendedData>
          <SchemaData schemaUrl="#Lote_D.schema">
            <SimpleData name="Cédula">8278502.00000000000</SimpleData>
            <SimpleData name="Nombres_y_">ALEJANDRA ELIZABETH AGUILAR LEGUIZAMON</SimpleData>
            <SimpleData name="Sexo">Mujer</SimpleData>
            <SimpleData name="Cambio_de_">NO</SimpleData>
            <SimpleData name="Titular_se">NO</SimpleData>
            <SimpleData name="ci_UNIF">8278502.00000000000</SimpleData>
            <SimpleData name="Situación">NO</SimpleData>
            <SimpleData name="Comunidad">Campesina</SimpleData>
            <SimpleData name="Modelo_imp">Modelo 1</SimpleData>
            <SimpleData name="Departamen">CAAGUAZU</SimpleData>
            <SimpleData name="Distrito">SAN JOAQUIN</SimpleData>
            <SimpleData name="Localidad">ASENT. ARSENIO VAZQUEZ</SimpleData>
            <SimpleData name="Teléfono">0975482222</SimpleData>
            <SimpleData name="Vivienda_L">-24.93752190000</SimpleData>
            <SimpleData name="Vivienda_1">-56.08101550000</SimpleData>
            <SimpleData name="Superficie">0.80000000000</SimpleData>
            <SimpleData name="Situaci_1">Par?metro</SimpleData>
            <SimpleData name="Plantado">SI</SimpleData>
            <SimpleData name="Plantado_f">2026/01/28</SimpleData>
            <SimpleData name="Jornales">0.00000000000</SimpleData>
            <SimpleData name="Monto">0.00000000000</SimpleData>
            <SimpleData name="Grupo_de_p">D-P3</SimpleData>
            <SimpleData name="Estado_del">Activo</SimpleData>
            <SimpleData name="Empresa">Unique Wood Paraguay SA</SimpleData>
            <SimpleData name="Lote">D</SimpleData>
            <SimpleData name="Parametro">0.80000000000</SimpleData>
            <SimpleData name="Sup_Sig">0.88706572564</SimpleData>
            <SimpleData name="Situacion">Cumple</SimpleData>
            <SimpleData name="X">-56.08385564000</SimpleData>
            <SimpleData name="Y">-24.94004296000</SimpleData>
            <SimpleData name="Shape_Leng">396.12681277500</SimpleData>
            <SimpleData name="Shape_Area">8870.65725637000</SimpleData>
          </SchemaData>
        </ExtendedData>
        <Polygon>
          <outerBoundaryIs>
            <LinearRing>
              <coordinates>
                -56.0832200004595,-24.9398400000323,0
                -56.0839864998877,-24.940685199875,0
                -56.0845357001205,-24.9402778996158,0
                -56.0836432999826,-24.9393650003415,0
                -56.0832200004595,-24.9398400000323,0
              </coordinates>
            </LinearRing>
          </outerBoundaryIs>
        </Polygon>
      </Placemark>
      <Placemark id="Lote_D.130">
        <ExtendedData>
          <SchemaData schemaUrl="#Lote_D.schema">
            <SimpleData name="Cédula">5391373.00000000000</SimpleData>
            <SimpleData name="Nombres_y_">JUSTO VIDAL BOGADO</SimpleData>
            <SimpleData name="Sexo">Hombre</SimpleData>
            <SimpleData name="Cambio_de_">NO</SimpleData>
            <SimpleData name="Titular_se">NO</SimpleData>
            <SimpleData name="ci_UNIF">5391373.00000000000</SimpleData>
            <SimpleData name="Situación">NO</SimpleData>
            <SimpleData name="Comunidad">Campesina</SimpleData>
            <SimpleData name="Modelo_imp">Modelo 3</SimpleData>
            <SimpleData name="Departamen">CAAGUAZU</SimpleData>
            <SimpleData name="Distrito">CARAYAO</SimpleData>
            <SimpleData name="Localidad">SANTA CATALINA</SimpleData>
            <SimpleData name="Teléfono">0984949423</SimpleData>
            <SimpleData name="Vivienda_L">-25.17438620000</SimpleData>
            <SimpleData name="Vivienda_1">-56.31638110000</SimpleData>
            <SimpleData name="Superficie">1.00000000000</SimpleData>
            <SimpleData name="Situaci_1">Par?metro</SimpleData>
            <SimpleData name="Plantado">SI</SimpleData>
            <SimpleData name="Plantado_f">1899/12/30</SimpleData>
            <SimpleData name="Jornales">0.00000000000</SimpleData>
            <SimpleData name="Monto">0.00000000000</SimpleData>
            <SimpleData name="Grupo_de_p">D-P3</SimpleData>
            <SimpleData name="Estado_del">Activo</SimpleData>
            <SimpleData name="Empresa">Unique Wood Paraguay SA</SimpleData>
            <SimpleData name="Lote">D</SimpleData>
            <SimpleData name="Parametro">1.00000000000</SimpleData>
            <SimpleData name="Sup_Sig">1.46698824487</SimpleData>
            <SimpleData name="Situacion">Cumple</SimpleData>
            <SimpleData name="X">-56.31602029000</SimpleData>
            <SimpleData name="Y">-25.17519300000</SimpleData>
            <SimpleData name="Shape_Leng">576.67665339100</SimpleData>
            <SimpleData name="Shape_Area">14669.88244870000</SimpleData>
          </SchemaData>
        </ExtendedData>
        <Polygon>
          <outerBoundaryIs>
            <LinearRing>
              <coordinates>
                -56.3155469996229,-25.1744428001916,0
                -56.315723399706,-25.1760683003762,0
                -56.3164664998356,-25.1760218002734,0
                -56.3164167001028,-25.1756232996546,0
                -56.3164744004069,-25.1755655002525,0
                -56.3163454002778,-25.1750035002315,0
                -56.3165786002135,-25.1749555002598,0
                -56.3164877998344,-25.1746899004001,0
                -56.3161952995749,-25.1746858004283,0
                -56.3161349995746,-25.1741966999544,0
                -56.3155469996229,-25.1744428001916,0
              </coordinates>
            </LinearRing>
          </outerBoundaryIs>
        </Polygon>
      </Placemark>
      <Placemark id="Lote_D.131">
        <ExtendedData>
          <SchemaData schemaUrl="#Lote_D.schema">
            <SimpleData name="Cédula">4050551.00000000000</SimpleData>
            <SimpleData name="Nombres_y_">AMALIA GUERRERO BARRETO</SimpleData>
            <SimpleData name="Sexo">Mujer</SimpleData>
            <SimpleData name="Cambio_de_">NO</SimpleData>
            <SimpleData name="Titular_se">NO</SimpleData>
            <SimpleData name="ci_UNIF">4050551.00000000000</SimpleData>
            <SimpleData name="Situación">NO</SimpleData>
            <SimpleData name="Comunidad">Campesina</SimpleData>
            <SimpleData name="Modelo_imp">Modelo 5</SimpleData>
            <SimpleData name="Departamen">CAAGUAZU</SimpleData>
            <SimpleData name="Distrito">SAN JOAQUIN</SimpleData>
            <SimpleData name="Localidad">NACIENTE</SimpleData>
            <SimpleData name="Teléfono">0984573679</SimpleData>
            <SimpleData name="Vivienda_L">-25.01122360000</SimpleData>
            <SimpleData name="Vivienda_1">-56.04735780000</SimpleData>
            <SimpleData name="Superficie">0.70000000000</SimpleData>
            <SimpleData name="Situaci_1">Par?metro</SimpleData>
            <SimpleData name="Plantado">SI</SimpleData>
            <SimpleData name="Plantado_f">2026/02/06</SimpleData>
            <SimpleData name="Jornales">0.00000000000</SimpleData>
            <SimpleData name="Monto">0.00000000000</SimpleData>
            <SimpleData name="Grupo_de_p">D-P3</SimpleData>
            <SimpleData name="Estado_del">Activo</SimpleData>
            <SimpleData name="Empresa">Unique Wood Paraguay SA</SimpleData>
            <SimpleData name="Lote">D</SimpleData>
            <SimpleData name="Parametro">0.70000000000</SimpleData>
            <SimpleData name="Sup_Sig">0.72634708965</SimpleData>
            <SimpleData name="Situacion">Cumple</SimpleData>
            <SimpleData name="X">-56.04904108000</SimpleData>
            <SimpleData name="Y">-25.01353984000</SimpleData>
            <SimpleData name="Shape_Leng">512.54812511000</SimpleData>
            <SimpleData name="Shape_Area">7263.47089648000</SimpleData>
          </SchemaData>
        </ExtendedData>
        <MultiGeometry>
          <Polygon>
            <outerBoundaryIs>
              <LinearRing>
                <coordinates>
                  -56.0495180995983,-25.0138305997614,0
                  -56.0496136999395,-25.0134407996708,0
                  -56.048567799581,-25.0132540997928,0
                  -56.0484556001714,-25.0136297002841,0
                  -56.0495180995983,-25.0138305997614,0
                </coordinates>
              </LinearRing>
            </outerBoundaryIs>
          </Polygon>
          <Polygon>
            <outerBoundaryIs>
              <LinearRing>
                <coordinates>
                  -56.0465408003929,-25.0114484000543,0
                  -56.0465819001353,-25.0112769999579,0
                  -56.046531900387,-25.011126400333,0
                  -56.0458948995324,-25.0110008999107,0
                  -56.0458417998993,-25.011243499618,0
                  -56.0458869997856,-25.0113333997021,0
                  -56.0465408003929,-25.0114484000543,0
                </coordinates>
              </LinearRing>
            </outerBoundaryIs>
          </Polygon>
        </MultiGeometry>
      </Placemark>
      <Placemark id="Lote_D.132">
        <ExtendedData>
          <SchemaData schemaUrl="#Lote_D.schema">
            <SimpleData name="Cédula">5561127.00000000000</SimpleData>
            <SimpleData name="Nombres_y_">CLAUDELINA  SANCHEZ GONZALEZ</SimpleData>
            <SimpleData name="Sexo">Mujer</SimpleData>
            <SimpleData name="Cambio_de_">NO</SimpleData>
            <SimpleData name="Titular_se">NO</SimpleData>
            <SimpleData name="ci_UNIF">5561127.00000000000</SimpleData>
            <SimpleData name="Situación">NO</SimpleData>
            <SimpleData name="Comunidad">Campesina</SimpleData>
            <SimpleData name="Modelo_imp">Modelo 1</SimpleData>
            <SimpleData name="Departamen">CAAGUAZU</SimpleData>
            <SimpleData name="Distrito">YH?</SimpleData>
            <SimpleData name="Localidad">SAN RAMON</SimpleData>
            <SimpleData name="Teléfono">983497144</SimpleData>
            <SimpleData name="Vivienda_L">-25.09401330000</SimpleData>
            <SimpleData name="Vivienda_1">-55.99414330000</SimpleData>
            <SimpleData name="Superficie">0.80000000000</SimpleData>
            <SimpleData name="Situaci_1">Pol?gono</SimpleData>
            <SimpleData name="Plantado">SI</SimpleData>
            <SimpleData name="Plantado_f">2025/10/10</SimpleData>
            <SimpleData name="Jornales">0.00000000000</SimpleData>
            <SimpleData name="Monto">0.00000000000</SimpleData>
            <SimpleData name="Grupo_de_p">D-P3</SimpleData>
            <SimpleData name="Estado_del">Activo</SimpleData>
            <SimpleData name="Empresa">Unique Wood Paraguay SA</SimpleData>
            <SimpleData name="Lote">D</SimpleData>
            <SimpleData name="Parametro">0.80000000000</SimpleData>
            <SimpleData name="Sup_Sig">0.80272996277</SimpleData>
            <SimpleData name="Situacion">Cumple</SimpleData>
            <SimpleData name="X">-55.99175405000</SimpleData>
            <SimpleData name="Y">-25.08965992000</SimpleData>
            <SimpleData name="Shape_Leng">473.55585652800</SimpleData>
            <SimpleData name="Shape_Area">8027.29962769000</SimpleData>
          </SchemaData>
        </ExtendedData>
        <Polygon>
          <outerBoundaryIs>
            <LinearRing>
              <coordinates>
                -55.9911037996188,-25.0889496997431,0
                -55.99203799995,-25.0905285000822,0
                -55.9923909000803,-25.0903547998743,0
                -55.9914964000232,-25.0888203997144,0
                -55.9911037996188,-25.0889496997431,0
              </coordinates>
            </LinearRing>
          </outerBoundaryIs>
        </Polygon>
      </Placemark>
      <Placemark id="Lote_D.133">
        <ExtendedData>
          <SchemaData schemaUrl="#Lote_D.schema">
            <SimpleData name="Cédula">5636287.00000000000</SimpleData>
            <SimpleData name="Nombres_y_">MARIA AUXILIADORA CANTERO AGUERO</SimpleData>
            <SimpleData name="Sexo">Mujer</SimpleData>
            <SimpleData name="Cambio_de_">NO</SimpleData>
            <SimpleData name="Titular_se">NO</SimpleData>
            <SimpleData name="ci_UNIF">5636287.00000000000</SimpleData>
            <SimpleData name="Situación">NO</SimpleData>
            <SimpleData name="Comunidad">Campesina</SimpleData>
            <SimpleData name="Modelo_imp">Modelo 3</SimpleData>
            <SimpleData name="Departamen">CAAGUAZU</SimpleData>
            <SimpleData name="Distrito">CARAYAO</SimpleData>
            <SimpleData name="Localidad">CALLE 13 MIL</SimpleData>
            <SimpleData name="Teléfono">0986345291</SimpleData>
            <SimpleData name="Vivienda_L">-25.18992910000</SimpleData>
            <SimpleData name="Vivienda_1">-56.25594180000</SimpleData>
            <SimpleData name="Superficie">1.00000000000</SimpleData>
            <SimpleData name="Situaci_1">Par?metro</SimpleData>
            <SimpleData name="Plantado">SI</SimpleData>
            <SimpleData name="Plantado_f">1899/12/30</SimpleData>
            <SimpleData name="Jornales">0.00000000000</SimpleData>
            <SimpleData name="Monto">0.00000000000</SimpleData>
            <SimpleData name="Grupo_de_p">D-P3</SimpleData>
            <SimpleData name="Estado_del">Activo</SimpleData>
            <SimpleData name="Empresa">Unique Wood Paraguay SA</SimpleData>
            <SimpleData name="Lote">D</SimpleData>
            <SimpleData name="Parametro">1.00000000000</SimpleData>
            <SimpleData name="Sup_Sig">1.01284417632</SimpleData>
            <SimpleData name="Situacion">Cumple</SimpleData>
            <SimpleData name="X">-56.25580142000</SimpleData>
            <SimpleData name="Y">-25.19409397000</SimpleData>
            <SimpleData name="Shape_Leng">435.21515766300</SimpleData>
            <SimpleData name="Shape_Area">10128.44176320000</SimpleData>
          </SchemaData>
        </ExtendedData>
        <Polygon>
          <outerBoundaryIs>
            <LinearRing>
              <coordinates>
                -56.2554567002702,-25.1934415998139,0
                -56.2554750002514,-25.194803299604,0
                -56.2560923002892,-25.1947733000736,0
                -56.2561834997163,-25.1934314000068,0
                -56.2554567002702,-25.1934415998139,0
              </coordinates>
            </LinearRing>
          </outerBoundaryIs>
        </Polygon>
      </Placemark>
      <Placemark id="Lote_D.134">
        <ExtendedData>
          <SchemaData schemaUrl="#Lote_D.schema">
            <SimpleData name="Cédula">6969474.00000000000</SimpleData>
            <SimpleData name="Nombres_y_">EMILCE  FRUTOS CABRAL</SimpleData>
            <SimpleData name="Sexo">Mujer</SimpleData>
            <SimpleData name="Cambio_de_">NO</SimpleData>
            <SimpleData name="Titular_se">NO</SimpleData>
            <SimpleData name="ci_UNIF">6969474.00000000000</SimpleData>
            <SimpleData name="Situación">NO</SimpleData>
            <SimpleData name="Comunidad">Campesina</SimpleData>
            <SimpleData name="Modelo_imp">Modelo 5</SimpleData>
            <SimpleData name="Departamen">CAAGUAZU</SimpleData>
            <SimpleData name="Distrito">YH?</SimpleData>
            <SimpleData name="Localidad">YATAITY</SimpleData>
            <SimpleData name="Teléfono">983880928</SimpleData>
            <SimpleData name="Vivienda_L">-25.06570330000</SimpleData>
            <SimpleData name="Vivienda_1">-55.99134000000</SimpleData>
            <SimpleData name="Superficie">0.70000000000</SimpleData>
            <SimpleData name="Situaci_1">Pol?gono</SimpleData>
            <SimpleData name="Plantado">SI</SimpleData>
            <SimpleData name="Plantado_f">2025/10/19</SimpleData>
            <SimpleData name="Jornales">0.00000000000</SimpleData>
            <SimpleData name="Monto">0.00000000000</SimpleData>
            <SimpleData name="Grupo_de_p">D-P3</SimpleData>
            <SimpleData name="Estado_del">Activo</SimpleData>
            <SimpleData name="Empresa">Unique Wood Paraguay SA</SimpleData>
            <SimpleData name="Lote">D</SimpleData>
            <SimpleData name="Parametro">0.70000000000</SimpleData>
            <SimpleData name="Sup_Sig">0.80839480713</SimpleData>
            <SimpleData name="Situacion">Cumple</SimpleData>
            <SimpleData name="X">-55.99171714000</SimpleData>
            <SimpleData name="Y">-25.06587094000</SimpleData>
            <SimpleData name="Shape_Leng">367.34584263600</SimpleData>
            <SimpleData name="Shape_Area">8083.94807129000</SimpleData>
          </SchemaData>
        </ExtendedData>
        <Polygon>
          <outerBoundaryIs>
            <LinearRing>
              <coordinates>
                -55.9911706001498,-25.0659420995859,0
                -55.991508699598,-25.0664457997376,0
                -55.9923046996551,-25.0660035000385,0
                -55.9918630001389,-25.0652875001138,0
                -55.991347500477,-25.0655128001162,0
                -55.9914057996574,-25.0657640002416,0
                -55.9911706001498,-25.0659420995859,0
              </coordinates>
            </LinearRing>
          </outerBoundaryIs>
        </Polygon>
      </Placemark>
      <Placemark id="Lote_D.135">
        <ExtendedData>
          <SchemaData schemaUrl="#Lote_D.schema">
            <SimpleData name="Cédula">4071808.00000000000</SimpleData>
            <SimpleData name="Nombres_y_">LILIAN MERCEDES ENCINA GONZALEZ</SimpleData>
            <SimpleData name="Sexo">Mujer</SimpleData>
            <SimpleData name="Cambio_de_">NO</SimpleData>
            <SimpleData name="Titular_se">NO</SimpleData>
            <SimpleData name="ci_UNIF">4071808.00000000000</SimpleData>
            <SimpleData name="Situación">NO</SimpleData>
            <SimpleData name="Comunidad">Campesina</SimpleData>
            <SimpleData name="Modelo_imp">Modelo 5</SimpleData>
            <SimpleData name="Departamen">CAAGUAZU</SimpleData>
            <SimpleData name="Distrito">SAN JOAQUIN</SimpleData>
            <SimpleData name="Localidad">SEGUNDA TAYI</SimpleData>
            <SimpleData name="Teléfono">0971420158</SimpleData>
            <SimpleData name="Vivienda_L">-24.99251980000</SimpleData>
            <SimpleData name="Vivienda_1">-56.04162430000</SimpleData>
            <SimpleData name="Superficie">0.70000000000</SimpleData>
            <SimpleData name="Situaci_1">Par?metro</SimpleData>
            <SimpleData name="Plantado">SI</SimpleData>
            <SimpleData name="Plantado_f">1899/12/30</SimpleData>
            <SimpleData name="Jornales">0.00000000000</SimpleData>
            <SimpleData name="Monto">0.00000000000</SimpleData>
            <SimpleData name="Grupo_de_p">D-P3</SimpleData>
            <SimpleData name="Estado_del">Activo</SimpleData>
            <SimpleData name="Empresa">Unique Wood Paraguay SA</SimpleData>
            <SimpleData name="Lote">D</SimpleData>
            <SimpleData name="Parametro">0.70000000000</SimpleData>
            <SimpleData name="Sup_Sig">0.94543602173</SimpleData>
            <SimpleData name="Situacion">Cumple</SimpleData>
            <SimpleData name="X">-56.04016510000</SimpleData>
            <SimpleData name="Y">-24.99211044000</SimpleData>
            <SimpleData name="Shape_Leng">473.71394933600</SimpleData>
            <SimpleData name="Shape_Area">9454.36021732000</SimpleData>
          </SchemaData>
        </ExtendedData>
        <Polygon>
          <outerBoundaryIs>
            <LinearRing>
              <coordinates>
                -56.0391994000234,-24.9921461998126,0
                -56.0410115001908,-24.9925195002027,0
                -56.0411030003002,-24.9920549996772,0
                -56.0393141003813,-24.9917120999661,0
                -56.0391994000234,-24.9921461998126,0
              </coordinates>
            </LinearRing>
          </outerBoundaryIs>
        </Polygon>
      </Placemark>
      <Placemark id="Lote_D.136">
        <ExtendedData>
          <SchemaData schemaUrl="#Lote_D.schema">
            <SimpleData name="Cédula">4459946.00000000000</SimpleData>
            <SimpleData name="Nombres_y_">CRISTIAN RODRIGO BALMORI RIVEROS</SimpleData>
            <SimpleData name="Sexo">Hombre</SimpleData>
            <SimpleData name="Cambio_de_">NO</SimpleData>
            <SimpleData name="Titular_se">NO</SimpleData>
            <SimpleData name="ci_UNIF">4459946.00000000000</SimpleData>
            <SimpleData name="Situación">NO</SimpleData>
            <SimpleData name="Comunidad">Campesina</SimpleData>
            <SimpleData name="Modelo_imp">Modelo 2</SimpleData>
            <SimpleData name="Departamen">CAAGUAZU</SimpleData>
            <SimpleData name="Distrito">SAN JOAQUIN</SimpleData>
            <SimpleData name="Localidad">NOGUEIRA</SimpleData>
            <SimpleData name="Teléfono">0976405525</SimpleData>
            <SimpleData name="Vivienda_L">-25.03970440000</SimpleData>
            <SimpleData name="Vivienda_1">-56.10039390000</SimpleData>
            <SimpleData name="Superficie">0.80000000000</SimpleData>
            <SimpleData name="Situaci_1">Par?metro</SimpleData>
            <SimpleData name="Plantado">SI</SimpleData>
            <SimpleData name="Plantado_f">2026/01/30</SimpleData>
            <SimpleData name="Jornales">0.00000000000</SimpleData>
            <SimpleData name="Monto">0.00000000000</SimpleData>
            <SimpleData name="Grupo_de_p">D-P3</SimpleData>
            <SimpleData name="Estado_del">Activo</SimpleData>
            <SimpleData name="Empresa">Unique Wood Paraguay SA</SimpleData>
            <SimpleData name="Lote">D</SimpleData>
            <SimpleData name="Parametro">0.80000000000</SimpleData>
            <SimpleData name="Sup_Sig">0.80556236396</SimpleData>
            <SimpleData name="Situacion">Cumple</SimpleData>
            <SimpleData name="X">-56.10210930000</SimpleData>
            <SimpleData name="Y">-25.04344878000</SimpleData>
            <SimpleData name="Shape_Leng">363.06552224100</SimpleData>
            <SimpleData name="Shape_Area">8055.62363962000</SimpleData>
          </SchemaData>
        </ExtendedData>
        <Polygon>
          <outerBoundaryIs>
            <LinearRing>
              <coordinates>
                -56.1015238003579,-25.0437405997377,0
                -56.1023662002868,-25.0438955998682,0
                -56.1027652001158,-25.0433289001667,0
                -56.1018434003118,-25.042907299651,0
                -56.1015238003579,-25.0437405997377,0
              </coordinates>
            </LinearRing>
          </outerBoundaryIs>
        </Polygon>
      </Placemark>
      <Placemark id="Lote_D.137">
        <ExtendedData>
          <SchemaData schemaUrl="#Lote_D.schema">
            <SimpleData name="Cédula">6105409.00000000000</SimpleData>
            <SimpleData name="Nombres_y_">AIDA ROSSANA GONZALEZ NOGUERA</SimpleData>
            <SimpleData name="Sexo">Mujer</SimpleData>
            <SimpleData name="Cambio_de_">NO</SimpleData>
            <SimpleData name="Titular_se">NO</SimpleData>
            <SimpleData name="ci_UNIF">6105409.00000000000</SimpleData>
            <SimpleData name="Situación">NO</SimpleData>
            <SimpleData name="Comunidad">Campesina</SimpleData>
            <SimpleData name="Modelo_imp">Modelo 5</SimpleData>
            <SimpleData name="Departamen">CAAGUAZU</SimpleData>
            <SimpleData name="Distrito">SAN JOAQUIN</SimpleData>
            <SimpleData name="Localidad">SEGUNDA TAYI</SimpleData>
            <SimpleData name="Teléfono">0983236653</SimpleData>
            <SimpleData name="Vivienda_L">-24.99357830000</SimpleData>
            <SimpleData name="Vivienda_1">-56.04111440000</SimpleData>
            <SimpleData name="Superficie">0.70000000000</SimpleData>
            <SimpleData name="Situaci_1">Par?metro</SimpleData>
            <SimpleData name="Plantado">SI</SimpleData>
            <SimpleData name="Plantado_f">1899/12/30</SimpleData>
            <SimpleData name="Jornales">0.00000000000</SimpleData>
            <SimpleData name="Monto">0.00000000000</SimpleData>
            <SimpleData name="Grupo_de_p">D-P3</SimpleData>
            <SimpleData name="Estado_del">Activo</SimpleData>
            <SimpleData name="Empresa">Unique Wood Paraguay SA</SimpleData>
            <SimpleData name="Lote">D</SimpleData>
            <SimpleData name="Parametro">0.70000000000</SimpleData>
            <SimpleData name="Sup_Sig">0.71679997784</SimpleData>
            <SimpleData name="Situacion">Cumple</SimpleData>
            <SimpleData name="X">-56.04010854000</SimpleData>
            <SimpleData name="Y">-24.99359603000</SimpleData>
            <SimpleData name="Shape_Leng">648.95734030400</SimpleData>
            <SimpleData name="Shape_Area">7167.99977844000</SimpleData>
          </SchemaData>
        </ExtendedData>
        <MultiGeometry>
          <Polygon>
            <outerBoundaryIs>
              <LinearRing>
                <coordinates>
                  -56.0414695004525,-24.9942929999874,0
                  -56.0415935004072,-24.9939170004145,0
                  -56.0412139001755,-24.9938234002256,0
                  -56.0411406999086,-24.9941882999562,0
                  -56.0414695004525,-24.9942929999874,0
                </coordinates>
              </LinearRing>
            </outerBoundaryIs>
          </Polygon>
          <Polygon>
            <outerBoundaryIs>
              <LinearRing>
                <coordinates>
                  -56.0402520996268,-24.9933156002476,0
                  -56.0400983001358,-24.9932724998461,0
                  -56.03987710001,-24.9935606997861,0
                  -56.0395993995732,-24.9936335995724,0
                  -56.0395057996707,-24.9939315002116,0
                  -56.0395031995377,-24.9939471997212,0
                  -56.0401764995838,-24.9940912000525,0
                  -56.0402286002933,-24.9939857003929,0
                  -56.039850899589,-24.9938828999208,0
                  -56.0398277001792,-24.9937556002627,0
                  -56.0403037001927,-24.9938490997883,0
                  -56.0405571001754,-24.9932581996534,0
                  -56.0407513000251,-24.9932919003761,0
                  -56.0408318996846,-24.993193899647,0
                  -56.0403252996439,-24.9930819001005,0
                  -56.0402520996268,-24.9933156002476,0
                </coordinates>
              </LinearRing>
            </outerBoundaryIs>
          </Polygon>
        </MultiGeometry>
      </Placemark>
      <Placemark id="Lote_D.138">
        <ExtendedData>
          <SchemaData schemaUrl="#Lote_D.schema">
            <SimpleData name="Cédula">7097608.00000000000</SimpleData>
            <SimpleData name="Nombres_y_">ROSSANA RIQUELME GUERRERO</SimpleData>
            <SimpleData name="Sexo">Mujer</SimpleData>
            <SimpleData name="Cambio_de_">NO</SimpleData>
            <SimpleData name="Titular_se">NO</SimpleData>
            <SimpleData name="ci_UNIF">7097608.00000000000</SimpleData>
            <SimpleData name="Situación">NO</SimpleData>
            <SimpleData name="Comunidad">Campesina</SimpleData>
            <SimpleData name="Modelo_imp">Modelo 5</SimpleData>
            <SimpleData name="Departamen">CAAGUAZU</SimpleData>
            <SimpleData name="Distrito">SAN JOAQUIN</SimpleData>
            <SimpleData name="Localidad">TACUAPI I</SimpleData>
            <SimpleData name="Teléfono">0976453975</SimpleData>
            <SimpleData name="Vivienda_L">-24.98632400000</SimpleData>
            <SimpleData name="Vivienda_1">-56.05417630000</SimpleData>
            <SimpleData name="Superficie">0.70000000000</SimpleData>
            <SimpleData name="Situaci_1">Par?metro</SimpleData>
            <SimpleData name="Plantado">SI</SimpleData>
            <SimpleData name="Plantado_f">1899/12/30</SimpleData>
            <SimpleData name="Jornales">0.00000000000</SimpleData>
            <SimpleData name="Monto">0.00000000000</SimpleData>
            <SimpleData name="Grupo_de_p">D-P3</SimpleData>
            <SimpleData name="Estado_del">Activo</SimpleData>
            <SimpleData name="Empresa">Unique Wood Paraguay SA</SimpleData>
            <SimpleData name="Lote">D</SimpleData>
            <SimpleData name="Parametro">0.70000000000</SimpleData>
            <SimpleData name="Sup_Sig">0.71043179196</SimpleData>
            <SimpleData name="Situacion">Cumple</SimpleData>
            <SimpleData name="X">-56.05552706000</SimpleData>
            <SimpleData name="Y">-24.98733443000</SimpleData>
            <SimpleData name="Shape_Leng">358.55799969000</SimpleData>
            <SimpleData name="Shape_Area">7104.31791960000</SimpleData>
          </SchemaData>
        </ExtendedData>
        <Polygon>
          <outerBoundaryIs>
            <LinearRing>
              <coordinates>
                -56.0549649998907,-24.9874582999215,0
                -56.0560023003865,-24.9877769002758,0
                -56.0561637999308,-24.9872990995525,0
                -56.0550369003316,-24.9868446997988,0
                -56.0549649998907,-24.9874582999215,0
              </coordinates>
            </LinearRing>
          </outerBoundaryIs>
        </Polygon>
      </Placemark>
      <Placemark id="Lote_D.139">
        <ExtendedData>
          <SchemaData schemaUrl="#Lote_D.schema">
            <SimpleData name="Cédula">1920304.00000000000</SimpleData>
            <SimpleData name="Nombres_y_">ESTHER LOPEZ DE DIAZ</SimpleData>
            <SimpleData name="Sexo">Mujer</SimpleData>
            <SimpleData name="Cambio_de_">NO</SimpleData>
            <SimpleData name="Titular_se">NO</SimpleData>
            <SimpleData name="ci_UNIF">1920304.00000000000</SimpleData>
            <SimpleData name="Situación">NO</SimpleData>
            <SimpleData name="Comunidad">Campesina</SimpleData>
            <SimpleData name="Modelo_imp">Modelo 3</SimpleData>
            <SimpleData name="Departamen">CAAGUAZU</SimpleData>
            <SimpleData name="Distrito">CARAYAO</SimpleData>
            <SimpleData name="Localidad">CALLE 14 MIL</SimpleData>
            <SimpleData name="Teléfono">0973658669</SimpleData>
            <SimpleData name="Vivienda_L">-25.18991550000</SimpleData>
            <SimpleData name="Vivienda_1">-56.23819240000</SimpleData>
            <SimpleData name="Superficie">1.00000000000</SimpleData>
            <SimpleData name="Situaci_1">Par?metro</SimpleData>
            <SimpleData name="Plantado">SI</SimpleData>
            <SimpleData name="Plantado_f">1899/12/30</SimpleData>
            <SimpleData name="Jornales">0.00000000000</SimpleData>
            <SimpleData name="Monto">0.00000000000</SimpleData>
            <SimpleData name="Grupo_de_p">D-P3</SimpleData>
            <SimpleData name="Estado_del">Activo</SimpleData>
            <SimpleData name="Empresa">Unique Wood Paraguay SA</SimpleData>
            <SimpleData name="Lote">D</SimpleData>
            <SimpleData name="Parametro">1.00000000000</SimpleData>
            <SimpleData name="Sup_Sig">1.01588355834</SimpleData>
            <SimpleData name="Situacion">Cumple</SimpleData>
            <SimpleData name="X">-56.23839095000</SimpleData>
            <SimpleData name="Y">-25.18874306000</SimpleData>
            <SimpleData name="Shape_Leng">473.20622283800</SimpleData>
            <SimpleData name="Shape_Area">10158.83558340000</SimpleData>
          </SchemaData>
        </ExtendedData>
        <Polygon>
          <outerBoundaryIs>
            <LinearRing>
              <coordinates>
                -56.2374450002988,-25.1889967004381,0
                -56.2392282997765,-25.1890059997975,0
                -56.2392198998749,-25.1883966995676,0
                -56.2374422000955,-25.1885838997291,0
                -56.2374450002988,-25.1889967004381,0
              </coordinates>
            </LinearRing>
          </outerBoundaryIs>
        </Polygon>
      </Placemark>
      <Placemark id="Lote_D.140">
        <ExtendedData>
          <SchemaData schemaUrl="#Lote_D.schema">
            <SimpleData name="Cédula">6115549.00000000000</SimpleData>
            <SimpleData name="Nombres_y_">SONIA RAQUEL FERNANDEZ</SimpleData>
            <SimpleData name="Sexo">Mujer</SimpleData>
            <SimpleData name="Cambio_de_">NO</SimpleData>
            <SimpleData name="Titular_se">NO</SimpleData>
            <SimpleData name="ci_UNIF">6115549.00000000000</SimpleData>
            <SimpleData name="Situación">NO</SimpleData>
            <SimpleData name="Comunidad">Campesina</SimpleData>
            <SimpleData name="Modelo_imp">Modelo 3</SimpleData>
            <SimpleData name="Departamen">CAAGUAZU</SimpleData>
            <SimpleData name="Distrito">CARAYAO</SimpleData>
            <SimpleData name="Localidad">CRISTO REY</SimpleData>
            <SimpleData name="Teléfono">0972932449</SimpleData>
            <SimpleData name="Vivienda_L">-25.19038930000</SimpleData>
            <SimpleData name="Vivienda_1">-56.29368310000</SimpleData>
            <SimpleData name="Superficie">1.00000000000</SimpleData>
            <SimpleData name="Situaci_1">Par?metro</SimpleData>
            <SimpleData name="Plantado">SI</SimpleData>
            <SimpleData name="Plantado_f">1899/12/30</SimpleData>
            <SimpleData name="Jornales">0.00000000000</SimpleData>
            <SimpleData name="Monto">0.00000000000</SimpleData>
            <SimpleData name="Grupo_de_p">D-P3</SimpleData>
            <SimpleData name="Estado_del">Activo</SimpleData>
            <SimpleData name="Empresa">Unique Wood Paraguay SA</SimpleData>
            <SimpleData name="Lote">D</SimpleData>
            <SimpleData name="Parametro">1.00000000000</SimpleData>
            <SimpleData name="Sup_Sig">1.17549613615</SimpleData>
            <SimpleData name="Situacion">Cumple</SimpleData>
            <SimpleData name="X">-56.29336915000</SimpleData>
            <SimpleData name="Y">-25.19753344000</SimpleData>
            <SimpleData name="Shape_Leng">514.54927327700</SimpleData>
            <SimpleData name="Shape_Area">11754.96136150000</SimpleData>
          </SchemaData>
        </ExtendedData>
        <Polygon>
          <outerBoundaryIs>
            <LinearRing>
              <coordinates>
                -56.2927590002484,-25.1980350001906,0
                -56.2938440997548,-25.1980780999147,0
                -56.2938198000744,-25.1967624001222,0
                -56.293393399734,-25.1966549995845,0
                -56.293509000379,-25.1970076999265,0
                -56.2933183002696,-25.1972816999321,0
                -56.2927412999052,-25.1973135998174,0
                -56.2927590002484,-25.1980350001906,0
              </coordinates>
            </LinearRing>
          </outerBoundaryIs>
        </Polygon>
      </Placemark>
      <Placemark id="Lote_D.141">
        <ExtendedData>
          <SchemaData schemaUrl="#Lote_D.schema">
            <SimpleData name="Cédula">2117840.00000000000</SimpleData>
            <SimpleData name="Nombres_y_">AMELIA ESTER AGUERO DE AMARILLA</SimpleData>
            <SimpleData name="Sexo">Mujer</SimpleData>
            <SimpleData name="Cambio_de_">NO</SimpleData>
            <SimpleData name="Titular_se">NO</SimpleData>
            <SimpleData name="ci_UNIF">2117840.00000000000</SimpleData>
            <SimpleData name="Situación">NO</SimpleData>
            <SimpleData name="Comunidad">Campesina</SimpleData>
            <SimpleData name="Modelo_imp">Modelo 3</SimpleData>
            <SimpleData name="Departamen">CAAGUAZU</SimpleData>
            <SimpleData name="Distrito">CARAYAO</SimpleData>
            <SimpleData name="Localidad">TENIENTE MORALES-ALEMAN KUE</SimpleData>
            <SimpleData name="Teléfono">0971480426</SimpleData>
            <SimpleData name="Vivienda_L">-25.27269490000</SimpleData>
            <SimpleData name="Vivienda_1">-56.26843150000</SimpleData>
            <SimpleData name="Superficie">1.00000000000</SimpleData>
            <SimpleData name="Situaci_1">Par?metro</SimpleData>
            <SimpleData name="Plantado">SI</SimpleData>
            <SimpleData name="Plantado_f">1899/12/30</SimpleData>
            <SimpleData name="Jornales">0.00000000000</SimpleData>
            <SimpleData name="Monto">0.00000000000</SimpleData>
            <SimpleData name="Grupo_de_p">D-P3</SimpleData>
            <SimpleData name="Estado_del">Activo</SimpleData>
            <SimpleData name="Empresa">Unique Wood Paraguay SA</SimpleData>
            <SimpleData name="Lote">D</SimpleData>
            <SimpleData name="Parametro">1.00000000000</SimpleData>
            <SimpleData name="Sup_Sig">1.22644762322</SimpleData>
            <SimpleData name="Situacion">Cumple</SimpleData>
            <SimpleData name="X">-56.26828369000</SimpleData>
            <SimpleData name="Y">-25.27118022000</SimpleData>
            <SimpleData name="Shape_Leng">482.14105577100</SimpleData>
            <SimpleData name="Shape_Area">12264.47623220000</SimpleData>
          </SchemaData>
        </ExtendedData>
        <Polygon>
          <outerBoundaryIs>
            <LinearRing>
              <coordinates>
                -56.2680032998476,-25.2704666997767,0
                -56.2678133002275,-25.2719482997913,0
                -56.2685100003807,-25.2719266998652,0
                -56.2687980001882,-25.2704443002204,0
                -56.2680032998476,-25.2704666997767,0
              </coordinates>
            </LinearRing>
          </outerBoundaryIs>
        </Polygon>
      </Placemark>
      <Placemark id="Lote_D.142">
        <ExtendedData>
          <SchemaData schemaUrl="#Lote_D.schema">
            <SimpleData name="Cédula">6710851.00000000000</SimpleData>
            <SimpleData name="Nombres_y_">TANIA SOLEDAD CORONEL</SimpleData>
            <SimpleData name="Sexo">Mujer</SimpleData>
            <SimpleData name="Cambio_de_">NO</SimpleData>
            <SimpleData name="Titular_se">NO</SimpleData>
            <SimpleData name="ci_UNIF">6710851.00000000000</SimpleData>
            <SimpleData name="Situación">NO</SimpleData>
            <SimpleData name="Comunidad">Campesina</SimpleData>
            <SimpleData name="Modelo_imp">Modelo 5</SimpleData>
            <SimpleData name="Departamen">CAAGUAZU</SimpleData>
            <SimpleData name="Distrito">SAN JOAQUIN</SimpleData>
            <SimpleData name="Localidad">TACUAPI I</SimpleData>
            <SimpleData name="Teléfono">0983781294</SimpleData>
            <SimpleData name="Vivienda_L">-24.98295400000</SimpleData>
            <SimpleData name="Vivienda_1">-56.05464090000</SimpleData>
            <SimpleData name="Superficie">0.70000000000</SimpleData>
            <SimpleData name="Situaci_1">Par?metro</SimpleData>
            <SimpleData name="Plantado">SI</SimpleData>
            <SimpleData name="Plantado_f">1899/12/30</SimpleData>
            <SimpleData name="Jornales">0.00000000000</SimpleData>
            <SimpleData name="Monto">0.00000000000</SimpleData>
            <SimpleData name="Grupo_de_p">D-P3</SimpleData>
            <SimpleData name="Estado_del">Activo</SimpleData>
            <SimpleData name="Empresa">Unique Wood Paraguay SA</SimpleData>
            <SimpleData name="Lote">D</SimpleData>
            <SimpleData name="Parametro">0.70000000000</SimpleData>
            <SimpleData name="Sup_Sig">0.79126333001</SimpleData>
            <SimpleData name="Situacion">Cumple</SimpleData>
            <SimpleData name="X">-56.05321097000</SimpleData>
            <SimpleData name="Y">-24.98289272000</SimpleData>
            <SimpleData name="Shape_Leng">532.86324387400</SimpleData>
            <SimpleData name="Shape_Area">7912.63330010000</SimpleData>
          </SchemaData>
        </ExtendedData>
        <MultiGeometry>
          <Polygon>
            <outerBoundaryIs>
              <LinearRing>
                <coordinates>
                  -56.0539583003379,-24.9833683000738,0
                  -56.0540433001481,-24.9829833000883,0
                  -56.0527536996415,-24.9826994996566,0
                  -56.0526912995926,-24.983116399589,0
                  -56.0539583003379,-24.9833683000738,0
                </coordinates>
              </LinearRing>
            </outerBoundaryIs>
          </Polygon>
          <Polygon>
            <outerBoundaryIs>
              <LinearRing>
                <coordinates>
                  -56.0529336998059,-24.98269559997,0
                  -56.0530145002076,-24.9822791998559,0
                  -56.0526194995631,-24.9821881003929,0
                  -56.0525391996373,-24.9826294000286,0
                  -56.0529336998059,-24.98269559997,0
                </coordinates>
              </LinearRing>
            </outerBoundaryIs>
          </Polygon>
        </MultiGeometry>
      </Placemark>
      <Placemark id="Lote_D.143">
        <ExtendedData>
          <SchemaData schemaUrl="#Lote_D.schema">
            <SimpleData name="Cédula">2852980.00000000000</SimpleData>
            <SimpleData name="Nombres_y_">MARIA LUCILA AYALA SOSA</SimpleData>
            <SimpleData name="Sexo">Mujer</SimpleData>
            <SimpleData name="Cambio_de_">NO</SimpleData>
            <SimpleData name="Titular_se">NO</SimpleData>
            <SimpleData name="ci_UNIF">2852980.00000000000</SimpleData>
            <SimpleData name="Situación">NO</SimpleData>
            <SimpleData name="Comunidad">Campesina</SimpleData>
            <SimpleData name="Modelo_imp">Modelo 5</SimpleData>
            <SimpleData name="Departamen">CAAGUAZU</SimpleData>
            <SimpleData name="Distrito">SAN JOAQUIN</SimpleData>
            <SimpleData name="Localidad">TARUMA</SimpleData>
            <SimpleData name="Teléfono">0982945209</SimpleData>
            <SimpleData name="Vivienda_L">-25.11312570000</SimpleData>
            <SimpleData name="Vivienda_1">-56.02967290000</SimpleData>
            <SimpleData name="Superficie">0.70000000000</SimpleData>
            <SimpleData name="Situaci_1">Par?metro</SimpleData>
            <SimpleData name="Plantado">SI</SimpleData>
            <SimpleData name="Plantado_f">1899/12/30</SimpleData>
            <SimpleData name="Jornales">0.00000000000</SimpleData>
            <SimpleData name="Monto">0.00000000000</SimpleData>
            <SimpleData name="Grupo_de_p">D-P3</SimpleData>
            <SimpleData name="Estado_del">Activo</SimpleData>
            <SimpleData name="Empresa">Unique Wood Paraguay SA</SimpleData>
            <SimpleData name="Lote">D</SimpleData>
            <SimpleData name="Parametro">0.70000000000</SimpleData>
            <SimpleData name="Sup_Sig">0.70139345038</SimpleData>
            <SimpleData name="Situacion">Cumple</SimpleData>
            <SimpleData name="X">-56.03109873000</SimpleData>
            <SimpleData name="Y">-25.11522580000</SimpleData>
            <SimpleData name="Shape_Leng">487.83183762800</SimpleData>
            <SimpleData name="Shape_Area">7013.93450378000</SimpleData>
          </SchemaData>
        </ExtendedData>
        <MultiGeometry>
          <Polygon>
            <outerBoundaryIs>
              <LinearRing>
                <coordinates>
                  -56.0313243999604,-25.1162358995521,0
                  -56.0319745997432,-25.1158935001355,0
                  -56.0317425000094,-25.1156018999137,0
                  -56.0311368994733,-25.1160075992887,0
                  -56.0313243999604,-25.1162358995521,0
                </coordinates>
              </LinearRing>
            </outerBoundaryIs>
          </Polygon>
          <Polygon>
            <outerBoundaryIs>
              <LinearRing>
                <coordinates>
                  -56.0309716990909,-25.1156305992946,0
                  -56.0315394993768,-25.1152800994661,0
                  -56.0312715000069,-25.1148101999638,0
                  -56.0306271995246,-25.1151984998863,0
                  -56.0309716990909,-25.1156305992946,0
                </coordinates>
              </LinearRing>
            </outerBoundaryIs>
          </Polygon>
        </MultiGeometry>
      </Placemark>
      <Placemark id="Lote_D.144">
        <ExtendedData>
          <SchemaData schemaUrl="#Lote_D.schema">
            <SimpleData name="Cédula">4570879.00000000000</SimpleData>
            <SimpleData name="Nombres_y_">EMILIA  OCAMPO DE FLORES</SimpleData>
            <SimpleData name="Sexo">Mujer</SimpleData>
            <SimpleData name="Cambio_de_">NO</SimpleData>
            <SimpleData name="Titular_se">NO</SimpleData>
            <SimpleData name="ci_UNIF">4570879.00000000000</SimpleData>
            <SimpleData name="Situación">NO</SimpleData>
            <SimpleData name="Comunidad">Campesina</SimpleData>
            <SimpleData name="Modelo_imp">Modelo 5</SimpleData>
            <SimpleData name="Departamen">CAAGUAZU</SimpleData>
            <SimpleData name="Distrito">YH?</SimpleData>
            <SimpleData name="Localidad">CA?ADITA</SimpleData>
            <SimpleData name="Teléfono">981051094</SimpleData>
            <SimpleData name="Vivienda_L">-25.15962770000</SimpleData>
            <SimpleData name="Vivienda_1">-55.91685630000</SimpleData>
            <SimpleData name="Superficie">0.70000000000</SimpleData>
            <SimpleData name="Situaci_1">Pol?gono</SimpleData>
            <SimpleData name="Plantado">SI</SimpleData>
            <SimpleData name="Plantado_f">2025/10/24</SimpleData>
            <SimpleData name="Jornales">0.00000000000</SimpleData>
            <SimpleData name="Monto">0.00000000000</SimpleData>
            <SimpleData name="Grupo_de_p">D-P3</SimpleData>
            <SimpleData name="Estado_del">Activo</SimpleData>
            <SimpleData name="Empresa">Unique Wood Paraguay SA</SimpleData>
            <SimpleData name="Lote">D</SimpleData>
            <SimpleData name="Parametro">0.70000000000</SimpleData>
            <SimpleData name="Sup_Sig">0.79857039288</SimpleData>
            <SimpleData name="Situacion">Cumple</SimpleData>
            <SimpleData name="X">-55.91524011000</SimpleData>
            <SimpleData name="Y">-25.15941675000</SimpleData>
            <SimpleData name="Shape_Leng">358.42732568400</SimpleData>
            <SimpleData name="Shape_Area">7985.70392877000</SimpleData>
          </SchemaData>
        </ExtendedData>
        <Polygon>
          <outerBoundaryIs>
            <LinearRing>
              <coordinates>
                -55.9148030993978,-25.1598315994084,0
                -55.9156645995719,-25.1598530995051,0
                -55.9156488992105,-25.1590019998266,0
                -55.9148521994041,-25.1589582998536,0
                -55.9148030993978,-25.1598315994084,0
              </coordinates>
            </LinearRing>
          </outerBoundaryIs>
        </Polygon>
      </Placemark>
      <Placemark id="Lote_D.145">
        <ExtendedData>
          <SchemaData schemaUrl="#Lote_D.schema">
            <SimpleData name="Cédula">2419174.00000000000</SimpleData>
            <SimpleData name="Nombres_y_">BLANCA IRENE SOSA DE GONZALEZ</SimpleData>
            <SimpleData name="Sexo">Mujer</SimpleData>
            <SimpleData name="Cambio_de_">NO</SimpleData>
            <SimpleData name="Titular_se">NO</SimpleData>
            <SimpleData name="ci_UNIF">2419174.00000000000</SimpleData>
            <SimpleData name="Situación">NO</SimpleData>
            <SimpleData name="Comunidad">Campesina</SimpleData>
            <SimpleData name="Modelo_imp">Modelo 5</SimpleData>
            <SimpleData name="Departamen">CAAGUAZU</SimpleData>
            <SimpleData name="Distrito">SAN JOAQUIN</SimpleData>
            <SimpleData name="Localidad">TARUMA</SimpleData>
            <SimpleData name="Teléfono">0984554013</SimpleData>
            <SimpleData name="Vivienda_L">-25.11252600000</SimpleData>
            <SimpleData name="Vivienda_1">-56.03080090000</SimpleData>
            <SimpleData name="Superficie">0.70000000000</SimpleData>
            <SimpleData name="Situaci_1">Par?metro</SimpleData>
            <SimpleData name="Plantado">SI</SimpleData>
            <SimpleData name="Plantado_f">1899/12/30</SimpleData>
            <SimpleData name="Jornales">0.00000000000</SimpleData>
            <SimpleData name="Monto">0.00000000000</SimpleData>
            <SimpleData name="Grupo_de_p">D-P3</SimpleData>
            <SimpleData name="Estado_del">Activo</SimpleData>
            <SimpleData name="Empresa">Unique Wood Paraguay SA</SimpleData>
            <SimpleData name="Lote">D</SimpleData>
            <SimpleData name="Parametro">0.70000000000</SimpleData>
            <SimpleData name="Sup_Sig">0.70187884439</SimpleData>
            <SimpleData name="Situacion">Cumple</SimpleData>
            <SimpleData name="X">-56.03240132000</SimpleData>
            <SimpleData name="Y">-25.11547746000</SimpleData>
            <SimpleData name="Shape_Leng">350.94618941800</SimpleData>
            <SimpleData name="Shape_Area">7018.78844386000</SimpleData>
          </SchemaData>
        </ExtendedData>
        <Polygon>
          <outerBoundaryIs>
            <LinearRing>
              <coordinates>
                -56.0317600994589,-25.1155117001014,0
                -56.0320746991145,-25.1159805999709,0
                -56.0330415997386,-25.1154527996113,0
                -56.0327203991409,-25.1149698998752,0
                -56.0317600994589,-25.1155117001014,0
              </coordinates>
            </LinearRing>
          </outerBoundaryIs>
        </Polygon>
      </Placemark>
      <Placemark id="Lote_D.146">
        <ExtendedData>
          <SchemaData schemaUrl="#Lote_D.schema">
            <SimpleData name="Cédula">7379193.00000000000</SimpleData>
            <SimpleData name="Nombres_y_">ROSA SAUCEDO OJEDA</SimpleData>
            <SimpleData name="Sexo">Mujer</SimpleData>
            <SimpleData name="Cambio_de_">NO</SimpleData>
            <SimpleData name="Titular_se">NO</SimpleData>
            <SimpleData name="ci_UNIF">7379193.00000000000</SimpleData>
            <SimpleData name="Situación">NO</SimpleData>
            <SimpleData name="Comunidad">Ind?gena</SimpleData>
            <SimpleData name="Modelo_imp">Modelo 5</SimpleData>
            <SimpleData name="Departamen">CAAGUAZU</SimpleData>
            <SimpleData name="Distrito">SAN JOAQUIN</SimpleData>
            <SimpleData name="Localidad">COM INDIG TEKOHA MIRI</SimpleData>
            <SimpleData name="Teléfono">0984938349</SimpleData>
            <SimpleData name="Vivienda_L">-25.10173820000</SimpleData>
            <SimpleData name="Vivienda_1">-56.01648040000</SimpleData>
            <SimpleData name="Superficie">0.70000000000</SimpleData>
            <SimpleData name="Situaci_1">Par?metro</SimpleData>
            <SimpleData name="Plantado">SI</SimpleData>
            <SimpleData name="Plantado_f">1899/12/30</SimpleData>
            <SimpleData name="Jornales">0.00000000000</SimpleData>
            <SimpleData name="Monto">0.00000000000</SimpleData>
            <SimpleData name="Grupo_de_p">D-P3</SimpleData>
            <SimpleData name="Estado_del">Activo</SimpleData>
            <SimpleData name="Empresa">Unique Wood Paraguay SA</SimpleData>
            <SimpleData name="Lote">D</SimpleData>
            <SimpleData name="Parametro">0.70000000000</SimpleData>
            <SimpleData name="Sup_Sig">0.79981173960</SimpleData>
            <SimpleData name="Situacion">Cumple</SimpleData>
            <SimpleData name="X">-56.01754562000</SimpleData>
            <SimpleData name="Y">-25.10201261000</SimpleData>
            <SimpleData name="Shape_Leng">357.16927123900</SimpleData>
            <SimpleData name="Shape_Area">7998.11739596000</SimpleData>
          </SchemaData>
        </ExtendedData>
        <Polygon>
          <outerBoundaryIs>
            <LinearRing>
              <coordinates>
                -56.0170191993518,-25.1020947996117,0
                -56.0172405999592,-25.1024656995778,0
                -56.0174499993811,-25.1023682993961,0
                -56.017566299192,-25.1024730001137,0
                -56.0181842999755,-25.102192599833,0
                -56.0177857997773,-25.1016338001411,0
                -56.0175365992454,-25.101504099849,0
                -56.0170801994987,-25.1017070996276,0
                -56.0171191994703,-25.1019771995116,0
                -56.0170191993518,-25.1020947996117,0
              </coordinates>
            </LinearRing>
          </outerBoundaryIs>
        </Polygon>
      </Placemark>
      <Placemark id="Lote_D.147">
        <ExtendedData>
          <SchemaData schemaUrl="#Lote_D.schema">
            <SimpleData name="Cédula">6112334.00000000000</SimpleData>
            <SimpleData name="Nombres_y_">BRUNO  MIRANDA AQUINO</SimpleData>
            <SimpleData name="Sexo">Hombre</SimpleData>
            <SimpleData name="Cambio_de_">NO</SimpleData>
            <SimpleData name="Titular_se">NO</SimpleData>
            <SimpleData name="ci_UNIF">6112334.00000000000</SimpleData>
            <SimpleData name="Situación">NO</SimpleData>
            <SimpleData name="Comunidad">Campesina</SimpleData>
            <SimpleData name="Modelo_imp">Modelo 1</SimpleData>
            <SimpleData name="Departamen">CAAGUAZU</SimpleData>
            <SimpleData name="Distrito">YH?</SimpleData>
            <SimpleData name="Localidad">JUAN SINFORIANO BOGARIN</SimpleData>
            <SimpleData name="Teléfono">986238190</SimpleData>
            <SimpleData name="Vivienda_L">-25.16479360000</SimpleData>
            <SimpleData name="Vivienda_1">-55.93560120000</SimpleData>
            <SimpleData name="Superficie">0.80000000000</SimpleData>
            <SimpleData name="Situaci_1">Pol?gono</SimpleData>
            <SimpleData name="Plantado">SI</SimpleData>
            <SimpleData name="Plantado_f">2025/10/21</SimpleData>
            <SimpleData name="Jornales">0.00000000000</SimpleData>
            <SimpleData name="Monto">0.00000000000</SimpleData>
            <SimpleData name="Grupo_de_p">D-P3</SimpleData>
            <SimpleData name="Estado_del">Activo</SimpleData>
            <SimpleData name="Empresa">Unique Wood Paraguay SA</SimpleData>
            <SimpleData name="Lote">D</SimpleData>
            <SimpleData name="Parametro">0.80000000000</SimpleData>
            <SimpleData name="Sup_Sig">1.00349220703</SimpleData>
            <SimpleData name="Situacion">Cumple</SimpleData>
            <SimpleData name="X">-55.92918129000</SimpleData>
            <SimpleData name="Y">-25.16431220000</SimpleData>
            <SimpleData name="Shape_Leng">400.86607209200</SimpleData>
            <SimpleData name="Shape_Area">10034.92207030000</SimpleData>
          </SchemaData>
        </ExtendedData>
        <Polygon>
          <outerBoundaryIs>
            <LinearRing>
              <coordinates>
                -55.9286166999361,-25.1646958997626,0
                -55.9296126997926,-25.1648068995211,0
                -55.9297622997906,-25.1639413998492,0
                -55.9287368998012,-25.1638141993141,0
                -55.9286166999361,-25.1646958997626,0
              </coordinates>
            </LinearRing>
          </outerBoundaryIs>
        </Polygon>
      </Placemark>
      <Placemark id="Lote_D.148">
        <ExtendedData>
          <SchemaData schemaUrl="#Lote_D.schema">
            <SimpleData name="Cédula">5912731.00000000000</SimpleData>
            <SimpleData name="Nombres_y_">MYRIAN  MARTINEZ CAZAL</SimpleData>
            <SimpleData name="Sexo">Mujer</SimpleData>
            <SimpleData name="Cambio_de_">NO</SimpleData>
            <SimpleData name="Titular_se">NO</SimpleData>
            <SimpleData name="ci_UNIF">5912731.00000000000</SimpleData>
            <SimpleData name="Situación">NO</SimpleData>
            <SimpleData name="Comunidad">Campesina</SimpleData>
            <SimpleData name="Modelo_imp">Modelo 1</SimpleData>
            <SimpleData name="Departamen">CAAGUAZU</SimpleData>
            <SimpleData name="Distrito">SAN JOAQUIN</SimpleData>
            <SimpleData name="Localidad">TARUMA</SimpleData>
            <SimpleData name="Teléfono">985392564</SimpleData>
            <SimpleData name="Vivienda_L">-25.08884670000</SimpleData>
            <SimpleData name="Vivienda_1">-56.01074330000</SimpleData>
            <SimpleData name="Superficie">0.80000000000</SimpleData>
            <SimpleData name="Situaci_1">Parametro</SimpleData>
            <SimpleData name="Plantado">SI</SimpleData>
            <SimpleData name="Plantado_f">1899/12/30</SimpleData>
            <SimpleData name="Jornales">0.00000000000</SimpleData>
            <SimpleData name="Monto">0.00000000000</SimpleData>
            <SimpleData name="Grupo_de_p">D-P3</SimpleData>
            <SimpleData name="Estado_del">Activo</SimpleData>
            <SimpleData name="Empresa">Unique Wood Paraguay SA</SimpleData>
            <SimpleData name="Lote">D</SimpleData>
            <SimpleData name="Parametro">0.80000000000</SimpleData>
            <SimpleData name="Sup_Sig">0.85902184276</SimpleData>
            <SimpleData name="Situacion">Cumple</SimpleData>
            <SimpleData name="X">-56.01748172000</SimpleData>
            <SimpleData name="Y">-25.09476215000</SimpleData>
            <SimpleData name="Shape_Leng">371.77587583800</SimpleData>
            <SimpleData name="Shape_Area">8590.21842759000</SimpleData>
          </SchemaData>
        </ExtendedData>
        <Polygon>
          <outerBoundaryIs>
            <LinearRing>
              <coordinates>
                -56.0168378999628,-25.0946081999809,0
                -56.0172513993752,-25.0953145001123,0
                -56.018126399936,-25.0948919000605,0
                -56.0177247998525,-25.0942247995271,0
                -56.0168378999628,-25.0946081999809,0
              </coordinates>
            </LinearRing>
          </outerBoundaryIs>
        </Polygon>
      </Placemark>
      <Placemark id="Lote_D.149">
        <ExtendedData>
          <SchemaData schemaUrl="#Lote_D.schema">
            <SimpleData name="Cédula">5739801.00000000000</SimpleData>
            <SimpleData name="Nombres_y_">DIGNA BENITEZ FERNANDEZ</SimpleData>
            <SimpleData name="Sexo">Mujer</SimpleData>
            <SimpleData name="Cambio_de_">NO</SimpleData>
            <SimpleData name="Titular_se">NO</SimpleData>
            <SimpleData name="ci_UNIF">5739801.00000000000</SimpleData>
            <SimpleData name="Situación">NO</SimpleData>
            <SimpleData name="Comunidad">Ind?gena</SimpleData>
            <SimpleData name="Modelo_imp">Modelo 1</SimpleData>
            <SimpleData name="Departamen">CAAGUAZU</SimpleData>
            <SimpleData name="Distrito">SAN JOAQUIN</SimpleData>
            <SimpleData name="Localidad">COM INDIG TEKOHA MIRI</SimpleData>
            <SimpleData name="Teléfono">ND</SimpleData>
            <SimpleData name="Vivienda_L">-25.10416920000</SimpleData>
            <SimpleData name="Vivienda_1">-56.01885210000</SimpleData>
            <SimpleData name="Superficie">0.80000000000</SimpleData>
            <SimpleData name="Situaci_1">Par?metro</SimpleData>
            <SimpleData name="Plantado">SI</SimpleData>
            <SimpleData name="Plantado_f">1899/12/30</SimpleData>
            <SimpleData name="Jornales">0.00000000000</SimpleData>
            <SimpleData name="Monto">0.00000000000</SimpleData>
            <SimpleData name="Grupo_de_p">D-P3</SimpleData>
            <SimpleData name="Estado_del">Activo</SimpleData>
            <SimpleData name="Empresa">Unique Wood Paraguay SA</SimpleData>
            <SimpleData name="Lote">D</SimpleData>
            <SimpleData name="Parametro">0.80000000000</SimpleData>
            <SimpleData name="Sup_Sig">0.94653919597</SimpleData>
            <SimpleData name="Situacion">Cumple</SimpleData>
            <SimpleData name="X">-56.01949204000</SimpleData>
            <SimpleData name="Y">-25.10060488000</SimpleData>
            <SimpleData name="Shape_Leng">392.77298509300</SimpleData>
            <SimpleData name="Shape_Area">9465.39195974000</SimpleData>
          </SchemaData>
        </ExtendedData>
        <Polygon>
          <outerBoundaryIs>
            <LinearRing>
              <coordinates>
                -56.0188015990755,-25.1004461999244,0
                -56.0191799993286,-25.1011581999619,0
                -56.0201660993949,-25.1007517995107,0
                -56.0198432991985,-25.1000643998067,0
                -56.0188015990755,-25.1004461999244,0
              </coordinates>
            </LinearRing>
          </outerBoundaryIs>
        </Polygon>
      </Placemark>
      <Placemark id="Lote_D.150">
        <ExtendedData>
          <SchemaData schemaUrl="#Lote_D.schema">
            <SimpleData name="Cédula">3425486.00000000000</SimpleData>
            <SimpleData name="Nombres_y_">ASCENCION  DUARTE FERREIRA</SimpleData>
            <SimpleData name="Sexo">Mujer</SimpleData>
            <SimpleData name="Cambio_de_">NO</SimpleData>
            <SimpleData name="Titular_se">NO</SimpleData>
            <SimpleData name="ci_UNIF">3425486.00000000000</SimpleData>
            <SimpleData name="Situación">NO</SimpleData>
            <SimpleData name="Comunidad">Campesina</SimpleData>
            <SimpleData name="Modelo_imp">Modelo 2</SimpleData>
            <SimpleData name="Departamen">CAAGUAZU</SimpleData>
            <SimpleData name="Distrito">SAN JOAQUIN</SimpleData>
            <SimpleData name="Localidad">TARUMA</SimpleData>
            <SimpleData name="Teléfono">986471174</SimpleData>
            <SimpleData name="Vivienda_L">-25.09115410000</SimpleData>
            <SimpleData name="Vivienda_1">-56.00965380000</SimpleData>
            <SimpleData name="Superficie">0.80000000000</SimpleData>
            <SimpleData name="Situaci_1">Parametro</SimpleData>
            <SimpleData name="Plantado">SI</SimpleData>
            <SimpleData name="Plantado_f">1899/12/30</SimpleData>
            <SimpleData name="Jornales">0.00000000000</SimpleData>
            <SimpleData name="Monto">0.00000000000</SimpleData>
            <SimpleData name="Grupo_de_p">D-P3</SimpleData>
            <SimpleData name="Estado_del">Activo</SimpleData>
            <SimpleData name="Empresa">Unique Wood Paraguay SA</SimpleData>
            <SimpleData name="Lote">D</SimpleData>
            <SimpleData name="Parametro">0.80000000000</SimpleData>
            <SimpleData name="Sup_Sig">0.80811402306</SimpleData>
            <SimpleData name="Situacion">Cumple</SimpleData>
            <SimpleData name="X">-56.01257613000</SimpleData>
            <SimpleData name="Y">-25.09595493000</SimpleData>
            <SimpleData name="Shape_Leng">362.87127597100</SimpleData>
            <SimpleData name="Shape_Area">8081.14023059000</SimpleData>
          </SchemaData>
        </ExtendedData>
        <Polygon>
          <outerBoundaryIs>
            <LinearRing>
              <coordinates>
                -56.0119581996141,-25.0958916995468,0
                -56.0123181994872,-25.0965030993933,0
                -56.013202199664,-25.0960345995354,0
                -56.0128079994546,-25.0953959993744,0
                -56.0119581996141,-25.0958916995468,0
              </coordinates>
            </LinearRing>
          </outerBoundaryIs>
        </Polygon>
      </Placemark>
      <Placemark id="Lote_D.151">
        <ExtendedData>
          <SchemaData schemaUrl="#Lote_D.schema">
            <SimpleData name="Cédula">3320217.00000000000</SimpleData>
            <SimpleData name="Nombres_y_">RAQUEL BRITEZ TORALES</SimpleData>
            <SimpleData name="Sexo">Mujer</SimpleData>
            <SimpleData name="Cambio_de_">NO</SimpleData>
            <SimpleData name="Titular_se">NO</SimpleData>
            <SimpleData name="ci_UNIF">3320217.00000000000</SimpleData>
            <SimpleData name="Situación">NO</SimpleData>
            <SimpleData name="Comunidad">Campesina</SimpleData>
            <SimpleData name="Modelo_imp">Modelo 5</SimpleData>
            <SimpleData name="Departamen">CAAGUAZU</SimpleData>
            <SimpleData name="Distrito">SAN JOAQUIN</SimpleData>
            <SimpleData name="Localidad">TARUMA</SimpleData>
            <SimpleData name="Teléfono">0982730276</SimpleData>
            <SimpleData name="Vivienda_L">-25.11375860000</SimpleData>
            <SimpleData name="Vivienda_1">-56.02869630000</SimpleData>
            <SimpleData name="Superficie">0.70000000000</SimpleData>
            <SimpleData name="Situaci_1">Par?metro</SimpleData>
            <SimpleData name="Plantado">SI</SimpleData>
            <SimpleData name="Plantado_f">1899/12/30</SimpleData>
            <SimpleData name="Jornales">0.00000000000</SimpleData>
            <SimpleData name="Monto">0.00000000000</SimpleData>
            <SimpleData name="Grupo_de_p">D-P3</SimpleData>
            <SimpleData name="Estado_del">Activo</SimpleData>
            <SimpleData name="Empresa">Unique Wood Paraguay SA</SimpleData>
            <SimpleData name="Lote">D</SimpleData>
            <SimpleData name="Parametro">0.70000000000</SimpleData>
            <SimpleData name="Sup_Sig">0.72049605488</SimpleData>
            <SimpleData name="Situacion">Cumple</SimpleData>
            <SimpleData name="X">-56.02944248000</SimpleData>
            <SimpleData name="Y">-25.11434797000</SimpleData>
            <SimpleData name="Shape_Leng">340.95157615800</SimpleData>
            <SimpleData name="Shape_Area">7204.96054884000</SimpleData>
          </SchemaData>
        </ExtendedData>
        <Polygon>
          <outerBoundaryIs>
            <LinearRing>
              <coordinates>
                -56.0288353996265,-25.1142402994825,0
                -56.029251499192,-25.1148535996141,0
                -56.0300271991628,-25.1144563000531,0
                -56.0296753992855,-25.1138475992808,0
                -56.0288353996265,-25.1142402994825,0
              </coordinates>
            </LinearRing>
          </outerBoundaryIs>
        </Polygon>
      </Placemark>
      <Placemark id="Lote_D.152">
        <ExtendedData>
          <SchemaData schemaUrl="#Lote_D.schema">
            <SimpleData name="Cédula">6663463.00000000000</SimpleData>
            <SimpleData name="Nombres_y_">ISABEL  LEIVA ESQUIVEL</SimpleData>
            <SimpleData name="Sexo">Mujer</SimpleData>
            <SimpleData name="Cambio_de_">NO</SimpleData>
            <SimpleData name="Titular_se">NO</SimpleData>
            <SimpleData name="ci_UNIF">6663463.00000000000</SimpleData>
            <SimpleData name="Situación">NO</SimpleData>
            <SimpleData name="Comunidad">Campesina</SimpleData>
            <SimpleData name="Modelo_imp">Modelo 5</SimpleData>
            <SimpleData name="Departamen">CAAGUAZU</SimpleData>
            <SimpleData name="Distrito">YH?</SimpleData>
            <SimpleData name="Localidad">SAN RAMON</SimpleData>
            <SimpleData name="Teléfono">9913016811</SimpleData>
            <SimpleData name="Vivienda_L">-25.09651490000</SimpleData>
            <SimpleData name="Vivienda_1">-55.97417770000</SimpleData>
            <SimpleData name="Superficie">0.70000000000</SimpleData>
            <SimpleData name="Situaci_1">Parametro</SimpleData>
            <SimpleData name="Plantado">SI</SimpleData>
            <SimpleData name="Plantado_f">2025/10/19</SimpleData>
            <SimpleData name="Jornales">0.00000000000</SimpleData>
            <SimpleData name="Monto">0.00000000000</SimpleData>
            <SimpleData name="Grupo_de_p">D-P3</SimpleData>
            <SimpleData name="Estado_del">Activo</SimpleData>
            <SimpleData name="Empresa">Unique Wood Paraguay SA</SimpleData>
            <SimpleData name="Lote">D</SimpleData>
            <SimpleData name="Parametro">0.70000000000</SimpleData>
            <SimpleData name="Sup_Sig">0.73521654575</SimpleData>
            <SimpleData name="Situacion">Cumple</SimpleData>
            <SimpleData name="X">-55.97354634000</SimpleData>
            <SimpleData name="Y">-25.09613077000</SimpleData>
            <SimpleData name="Shape_Leng">589.34909706600</SimpleData>
            <SimpleData name="Shape_Area">7352.16545750000</SimpleData>
          </SchemaData>
        </ExtendedData>
        <MultiGeometry>
          <Polygon>
            <outerBoundaryIs>
              <LinearRing>
                <coordinates>
                  -55.9732493990497,-25.0963974000082,0
                  -55.9735343992277,-25.0963107995333,0
                  -55.9736774991544,-25.0963820000949,0
                  -55.9737187993184,-25.0967040000202,0
                  -55.9739277993677,-25.0966691993296,0
                  -55.9738207993827,-25.0959261996518,0
                  -55.9731616997437,-25.0959729995915,0
                  -55.9732493990497,-25.0963974000082,0
                </coordinates>
              </LinearRing>
            </outerBoundaryIs>
          </Polygon>
          <Polygon>
            <outerBoundaryIs>
              <LinearRing>
                <coordinates>
                  -55.9737316999899,-25.0958616993007,0
                  -55.9738954992819,-25.0958553998449,0
                  -55.9735946999974,-25.0955285000334,0
                  -55.9731403992887,-25.0950321999774,0
                  -55.9728949994903,-25.0951454994904,0
                  -55.9732799993309,-25.095746899861,0
                  -55.9735566998154,-25.0958432997568,0
                  -55.9737316999899,-25.0958616993007,0
                </coordinates>
              </LinearRing>
            </outerBoundaryIs>
          </Polygon>
        </MultiGeometry>
      </Placemark>
      <Placemark id="Lote_D.153">
        <ExtendedData>
          <SchemaData schemaUrl="#Lote_D.schema">
            <SimpleData name="Cédula">6342172.00000000000</SimpleData>
            <SimpleData name="Nombres_y_">LORENA  LUGO VILLAR</SimpleData>
            <SimpleData name="Sexo">Mujer</SimpleData>
            <SimpleData name="Cambio_de_">NO</SimpleData>
            <SimpleData name="Titular_se">NO</SimpleData>
            <SimpleData name="ci_UNIF">6342172.00000000000</SimpleData>
            <SimpleData name="Situación">NO</SimpleData>
            <SimpleData name="Comunidad">Campesina</SimpleData>
            <SimpleData name="Modelo_imp">Modelo 5</SimpleData>
            <SimpleData name="Departamen">CAAGUAZU</SimpleData>
            <SimpleData name="Distrito">YH?</SimpleData>
            <SimpleData name="Localidad">SAN MIGUEL I</SimpleData>
            <SimpleData name="Teléfono">985694091</SimpleData>
            <SimpleData name="Vivienda_L">-25.11511460000</SimpleData>
            <SimpleData name="Vivienda_1">-55.97479430000</SimpleData>
            <SimpleData name="Superficie">0.70000000000</SimpleData>
            <SimpleData name="Situaci_1">Pol?gono</SimpleData>
            <SimpleData name="Plantado">SI</SimpleData>
            <SimpleData name="Plantado_f">2025/10/10</SimpleData>
            <SimpleData name="Jornales">0.00000000000</SimpleData>
            <SimpleData name="Monto">0.00000000000</SimpleData>
            <SimpleData name="Grupo_de_p">D-P3</SimpleData>
            <SimpleData name="Estado_del">Activo</SimpleData>
            <SimpleData name="Empresa">Unique Wood Paraguay SA</SimpleData>
            <SimpleData name="Lote">D</SimpleData>
            <SimpleData name="Parametro">0.70000000000</SimpleData>
            <SimpleData name="Sup_Sig">0.74717235535</SimpleData>
            <SimpleData name="Situacion">Cumple</SimpleData>
            <SimpleData name="X">-55.97501925000</SimpleData>
            <SimpleData name="Y">-25.11434120000</SimpleData>
            <SimpleData name="Shape_Leng">349.57803105800</SimpleData>
            <SimpleData name="Shape_Area">7471.72355351000</SimpleData>
          </SchemaData>
        </ExtendedData>
        <Polygon>
          <outerBoundaryIs>
            <LinearRing>
              <coordinates>
                -55.9752595999122,-25.1138447994621,0
                -55.9750834992505,-25.1139140000925,0
                -55.9750547995709,-25.1138674993402,0
                -55.9744511995088,-25.1142172000606,0
                -55.9748898992305,-25.1149431993062,0
                -55.9755806990986,-25.1143520993485,0
                -55.9752595999122,-25.1138447994621,0
              </coordinates>
            </LinearRing>
          </outerBoundaryIs>
        </Polygon>
      </Placemark>
      <Placemark id="Lote_D.154">
        <ExtendedData>
          <SchemaData schemaUrl="#Lote_D.schema">
            <SimpleData name="Cédula">7358466.00000000000</SimpleData>
            <SimpleData name="Nombres_y_">CAROLINA RUIZ DIAZ AQUINO</SimpleData>
            <SimpleData name="Sexo">Mujer</SimpleData>
            <SimpleData name="Cambio_de_">NO</SimpleData>
            <SimpleData name="Titular_se">NO</SimpleData>
            <SimpleData name="ci_UNIF">7358466.00000000000</SimpleData>
            <SimpleData name="Situación">NO</SimpleData>
            <SimpleData name="Comunidad">Ind?gena</SimpleData>
            <SimpleData name="Modelo_imp">Modelo 1</SimpleData>
            <SimpleData name="Departamen">CAAGUAZU</SimpleData>
            <SimpleData name="Distrito">SAN JOAQUIN</SimpleData>
            <SimpleData name="Localidad">COM INDIG TEKOHA MIRI</SimpleData>
            <SimpleData name="Teléfono">0983016092</SimpleData>
            <SimpleData name="Vivienda_L">-25.10058230000</SimpleData>
            <SimpleData name="Vivienda_1">-56.01619130000</SimpleData>
            <SimpleData name="Superficie">0.80000000000</SimpleData>
            <SimpleData name="Situaci_1">Par?metro</SimpleData>
            <SimpleData name="Plantado">SI</SimpleData>
            <SimpleData name="Plantado_f">1899/12/30</SimpleData>
            <SimpleData name="Jornales">0.00000000000</SimpleData>
            <SimpleData name="Monto">0.00000000000</SimpleData>
            <SimpleData name="Grupo_de_p">D-P3</SimpleData>
            <SimpleData name="Estado_del">Activo</SimpleData>
            <SimpleData name="Empresa">Unique Wood Paraguay SA</SimpleData>
            <SimpleData name="Lote">D</SimpleData>
            <SimpleData name="Parametro">0.80000000000</SimpleData>
            <SimpleData name="Sup_Sig">1.05557715609</SimpleData>
            <SimpleData name="Situacion">Cumple</SimpleData>
            <SimpleData name="X">-56.01744955000</SimpleData>
            <SimpleData name="Y">-25.10034888000</SimpleData>
            <SimpleData name="Shape_Leng">447.92297163500</SimpleData>
            <SimpleData name="Shape_Area">10555.77156090000</SimpleData>
          </SchemaData>
        </ExtendedData>
        <Polygon>
          <outerBoundaryIs>
            <LinearRing>
              <coordinates>
                -56.016610699994,-25.1004779997018,0
                -56.0168111990814,-25.1009261001011,0
                -56.0175233997036,-25.1006824996311,0
                -56.0182847997815,-25.1002532993701,0
                -56.0179432998832,-25.0997166995457,0
                -56.016610699994,-25.1004779997018,0
              </coordinates>
            </LinearRing>
          </outerBoundaryIs>
        </Polygon>
      </Placemark>
      <Placemark id="Lote_D.155">
        <ExtendedData>
          <SchemaData schemaUrl="#Lote_D.schema">
            <SimpleData name="Cédula">5340619.00000000000</SimpleData>
            <SimpleData name="Nombres_y_">DAHIANA PATRICIA JARA GARAY</SimpleData>
            <SimpleData name="Sexo">Mujer</SimpleData>
            <SimpleData name="Cambio_de_">NO</SimpleData>
            <SimpleData name="Titular_se">NO</SimpleData>
            <SimpleData name="ci_UNIF">5340619.00000000000</SimpleData>
            <SimpleData name="Situación">NO</SimpleData>
            <SimpleData name="Comunidad">Campesina</SimpleData>
            <SimpleData name="Modelo_imp">Modelo 1</SimpleData>
            <SimpleData name="Departamen">CAAGUAZU</SimpleData>
            <SimpleData name="Distrito">YH?</SimpleData>
            <SimpleData name="Localidad">SAN RAMON</SimpleData>
            <SimpleData name="Teléfono">986974761</SimpleData>
            <SimpleData name="Vivienda_L">-25.09428670000</SimpleData>
            <SimpleData name="Vivienda_1">-55.99088830000</SimpleData>
            <SimpleData name="Superficie">0.80000000000</SimpleData>
            <SimpleData name="Situaci_1">Pol?gono</SimpleData>
            <SimpleData name="Plantado">SI</SimpleData>
            <SimpleData name="Plantado_f">2025/10/10</SimpleData>
            <SimpleData name="Jornales">0.00000000000</SimpleData>
            <SimpleData name="Monto">0.00000000000</SimpleData>
            <SimpleData name="Grupo_de_p">D-P3</SimpleData>
            <SimpleData name="Estado_del">Activo</SimpleData>
            <SimpleData name="Empresa">Unique Wood Paraguay SA</SimpleData>
            <SimpleData name="Lote">D</SimpleData>
            <SimpleData name="Parametro">0.80000000000</SimpleData>
            <SimpleData name="Sup_Sig">0.92783369053</SimpleData>
            <SimpleData name="Situacion">Cumple</SimpleData>
            <SimpleData name="X">-55.98603327000</SimpleData>
            <SimpleData name="Y">-25.08717794000</SimpleData>
            <SimpleData name="Shape_Leng">388.68255568200</SimpleData>
            <SimpleData name="Shape_Area">9278.33690532000</SimpleData>
          </SchemaData>
        </ExtendedData>
        <Polygon>
          <outerBoundaryIs>
            <LinearRing>
              <coordinates>
                -55.9853594993698,-25.0868687993983,0
                -55.9858344992154,-25.0877360000942,0
                -55.9867006992594,-25.0874093994075,0
                -55.9862857996637,-25.086679099737,0
                -55.9853594993698,-25.0868687993983,0
              </coordinates>
            </LinearRing>
          </outerBoundaryIs>
        </Polygon>
      </Placemark>
      <Placemark id="Lote_D.156">
        <ExtendedData>
          <SchemaData schemaUrl="#Lote_D.schema">
            <SimpleData name="Cédula">6212852.00000000000</SimpleData>
            <SimpleData name="Nombres_y_">DORA KUNEGI DUARTE</SimpleData>
            <SimpleData name="Sexo">Mujer</SimpleData>
            <SimpleData name="Cambio_de_">NO</SimpleData>
            <SimpleData name="Titular_se">NO</SimpleData>
            <SimpleData name="ci_UNIF">6212852.00000000000</SimpleData>
            <SimpleData name="Situación">NO</SimpleData>
            <SimpleData name="Comunidad">Ind?gena</SimpleData>
            <SimpleData name="Modelo_imp">Modelo 1</SimpleData>
            <SimpleData name="Departamen">CAAGUAZU</SimpleData>
            <SimpleData name="Distrito">SAN JOAQUIN</SimpleData>
            <SimpleData name="Localidad">COM INDIG CERRO MOROTI</SimpleData>
            <SimpleData name="Teléfono">0986498187</SimpleData>
            <SimpleData name="Vivienda_L">-25.01740990000</SimpleData>
            <SimpleData name="Vivienda_1">-56.14267840000</SimpleData>
            <SimpleData name="Superficie">0.80000000000</SimpleData>
            <SimpleData name="Situaci_1">Par?metro</SimpleData>
            <SimpleData name="Plantado">SI</SimpleData>
            <SimpleData name="Plantado_f">2026/02/05</SimpleData>
            <SimpleData name="Jornales">0.00000000000</SimpleData>
            <SimpleData name="Monto">0.00000000000</SimpleData>
            <SimpleData name="Grupo_de_p">D-P3</SimpleData>
            <SimpleData name="Estado_del">Activo</SimpleData>
            <SimpleData name="Empresa">Unique Wood Paraguay SA</SimpleData>
            <SimpleData name="Lote">D</SimpleData>
            <SimpleData name="Parametro">0.80000000000</SimpleData>
            <SimpleData name="Sup_Sig">1.08260823772</SimpleData>
            <SimpleData name="Situacion">Cumple</SimpleData>
            <SimpleData name="X">-56.14278270000</SimpleData>
            <SimpleData name="Y">-25.01473727000</SimpleData>
            <SimpleData name="Shape_Leng">539.11039475300</SimpleData>
            <SimpleData name="Shape_Area">10826.08237720000</SimpleData>
          </SchemaData>
        </ExtendedData>
        <Polygon>
          <outerBoundaryIs>
            <LinearRing>
              <coordinates>
                -56.1429051999517,-25.0156837000518,0
                -56.1432297997031,-25.0156932999794,0
                -56.1430557992315,-25.0139967996018,0
                -56.1426850998454,-25.0140507994457,0
                -56.1426816999857,-25.0142182995731,0
                -56.1421826994569,-25.0142284994898,0
                -56.1421947995033,-25.0148231998704,0
                -56.1427198995833,-25.0148728993182,0
                -56.1429051999517,-25.0156837000518,0
              </coordinates>
            </LinearRing>
          </outerBoundaryIs>
        </Polygon>
      </Placemark>
      <Placemark id="Lote_D.157">
        <ExtendedData>
          <SchemaData schemaUrl="#Lote_D.schema">
            <SimpleData name="Cédula">6644702.00000000000</SimpleData>
            <SimpleData name="Nombres_y_">CARMELO FLORES MARTINEZ</SimpleData>
            <SimpleData name="Sexo">Hombre</SimpleData>
            <SimpleData name="Cambio_de_">NO</SimpleData>
            <SimpleData name="Titular_se">NO</SimpleData>
            <SimpleData name="ci_UNIF">6644702.00000000000</SimpleData>
            <SimpleData name="Situación">NO</SimpleData>
            <SimpleData name="Comunidad">Ind?gena</SimpleData>
            <SimpleData name="Modelo_imp">Modelo 5</SimpleData>
            <SimpleData name="Departamen">CAAGUAZU</SimpleData>
            <SimpleData name="Distrito">SAN JOAQUIN</SimpleData>
            <SimpleData name="Localidad">COM INDIG TEKOHA MIRI</SimpleData>
            <SimpleData name="Teléfono">0982967165</SimpleData>
            <SimpleData name="Vivienda_L">-25.10327350000</SimpleData>
            <SimpleData name="Vivienda_1">-56.01752580000</SimpleData>
            <SimpleData name="Superficie">0.70000000000</SimpleData>
            <SimpleData name="Situaci_1">Par?metro</SimpleData>
            <SimpleData name="Plantado">SI</SimpleData>
            <SimpleData name="Plantado_f">1899/12/30</SimpleData>
            <SimpleData name="Jornales">0.00000000000</SimpleData>
            <SimpleData name="Monto">0.00000000000</SimpleData>
            <SimpleData name="Grupo_de_p">D-P3</SimpleData>
            <SimpleData name="Estado_del">Activo</SimpleData>
            <SimpleData name="Empresa">Unique Wood Paraguay SA</SimpleData>
            <SimpleData name="Lote">D</SimpleData>
            <SimpleData name="Parametro">0.70000000000</SimpleData>
            <SimpleData name="Sup_Sig">0.72042749894</SimpleData>
            <SimpleData name="Situacion">Cumple</SimpleData>
            <SimpleData name="X">-56.01829345000</SimpleData>
            <SimpleData name="Y">-25.10271603000</SimpleData>
            <SimpleData name="Shape_Leng">346.14125823100</SimpleData>
            <SimpleData name="Shape_Area">7204.27498938000</SimpleData>
          </SchemaData>
        </ExtendedData>
        <Polygon>
          <outerBoundaryIs>
            <LinearRing>
              <coordinates>
                -56.0178571993567,-25.1023847999937,0
                -56.0180617990481,-25.103279799994,0
                -56.0187708995623,-25.1030102993603,0
                -56.0184709998292,-25.1021478001032,0
                -56.0178571993567,-25.1023847999937,0
              </coordinates>
            </LinearRing>
          </outerBoundaryIs>
        </Polygon>
      </Placemark>
      <Placemark id="Lote_D.158">
        <ExtendedData>
          <SchemaData schemaUrl="#Lote_D.schema">
            <SimpleData name="Cédula">5786700.00000000000</SimpleData>
            <SimpleData name="Nombres_y_">RUMILDA SOSA AYALA</SimpleData>
            <SimpleData name="Sexo">Mujer</SimpleData>
            <SimpleData name="Cambio_de_">NO</SimpleData>
            <SimpleData name="Titular_se">NO</SimpleData>
            <SimpleData name="ci_UNIF">5786700.00000000000</SimpleData>
            <SimpleData name="Situación">NO</SimpleData>
            <SimpleData name="Comunidad">Campesina</SimpleData>
            <SimpleData name="Modelo_imp">Modelo 5</SimpleData>
            <SimpleData name="Departamen">CAAGUAZU</SimpleData>
            <SimpleData name="Distrito">SAN JOAQUIN</SimpleData>
            <SimpleData name="Localidad">TARUMA</SimpleData>
            <SimpleData name="Teléfono">0981399675</SimpleData>
            <SimpleData name="Vivienda_L">-25.11298450000</SimpleData>
            <SimpleData name="Vivienda_1">-56.02888470000</SimpleData>
            <SimpleData name="Superficie">0.70000000000</SimpleData>
            <SimpleData name="Situaci_1">Par?metro</SimpleData>
            <SimpleData name="Plantado">SI</SimpleData>
            <SimpleData name="Plantado_f">1899/12/30</SimpleData>
            <SimpleData name="Jornales">0.00000000000</SimpleData>
            <SimpleData name="Monto">0.00000000000</SimpleData>
            <SimpleData name="Grupo_de_p">D-P3</SimpleData>
            <SimpleData name="Estado_del">Activo</SimpleData>
            <SimpleData name="Empresa">Unique Wood Paraguay SA</SimpleData>
            <SimpleData name="Lote">D</SimpleData>
            <SimpleData name="Parametro">0.70000000000</SimpleData>
            <SimpleData name="Sup_Sig">0.71368153178</SimpleData>
            <SimpleData name="Situacion">Cumple</SimpleData>
            <SimpleData name="X">-56.02433912000</SimpleData>
            <SimpleData name="Y">-25.11724340000</SimpleData>
            <SimpleData name="Shape_Leng">339.68801449800</SimpleData>
            <SimpleData name="Shape_Area">7136.81531781000</SimpleData>
          </SchemaData>
        </ExtendedData>
        <Polygon>
          <outerBoundaryIs>
            <LinearRing>
              <coordinates>
                -56.0237347994362,-25.1171313998534,0
                -56.0241573990875,-25.1177584000815,0
                -56.0249306991249,-25.117317899692,0
                -56.0245666998366,-25.1167532996224,0
                -56.0237347994362,-25.1171313998534,0
              </coordinates>
            </LinearRing>
          </outerBoundaryIs>
        </Polygon>
      </Placemark>
      <Placemark id="Lote_D.159">
        <ExtendedData>
          <SchemaData schemaUrl="#Lote_D.schema">
            <SimpleData name="Cédula">4732201.00000000000</SimpleData>
            <SimpleData name="Nombres_y_">CRISTINO  BENITEZ TROCHE</SimpleData>
            <SimpleData name="Sexo">Hombre</SimpleData>
            <SimpleData name="Cambio_de_">NO</SimpleData>
            <SimpleData name="Titular_se">NO</SimpleData>
            <SimpleData name="ci_UNIF">4732201.00000000000</SimpleData>
            <SimpleData name="Situación">NO</SimpleData>
            <SimpleData name="Comunidad">Campesina</SimpleData>
            <SimpleData name="Modelo_imp">Modelo 2</SimpleData>
            <SimpleData name="Departamen">CAAGUAZU</SimpleData>
            <SimpleData name="Distrito">SAN JOAQUIN</SimpleData>
            <SimpleData name="Localidad">TARUMA</SimpleData>
            <SimpleData name="Teléfono">984974705</SimpleData>
            <SimpleData name="Vivienda_L">-25.08895040000</SimpleData>
            <SimpleData name="Vivienda_1">-56.01284860000</SimpleData>
            <SimpleData name="Superficie">0.80000000000</SimpleData>
            <SimpleData name="Situaci_1">Parametro</SimpleData>
            <SimpleData name="Plantado">SI</SimpleData>
            <SimpleData name="Plantado_f">1899/12/30</SimpleData>
            <SimpleData name="Jornales">0.00000000000</SimpleData>
            <SimpleData name="Monto">0.00000000000</SimpleData>
            <SimpleData name="Grupo_de_p">D-P3</SimpleData>
            <SimpleData name="Estado_del">Activo</SimpleData>
            <SimpleData name="Empresa">Unique Wood Paraguay SA</SimpleData>
            <SimpleData name="Lote">D</SimpleData>
            <SimpleData name="Parametro">0.80000000000</SimpleData>
            <SimpleData name="Sup_Sig">0.93492071206</SimpleData>
            <SimpleData name="Situacion">Cumple</SimpleData>
            <SimpleData name="X">-56.01539332000</SimpleData>
            <SimpleData name="Y">-25.09317001000</SimpleData>
            <SimpleData name="Shape_Leng">585.16596839100</SimpleData>
            <SimpleData name="Shape_Area">9349.20712059000</SimpleData>
          </SchemaData>
        </ExtendedData>
        <MultiGeometry>
          <Polygon>
            <outerBoundaryIs>
              <LinearRing>
                <coordinates>
                  -56.0152462994345,-25.0938603995948,0
                  -56.0161299999114,-25.0934766993324,0
                  -56.0160045997005,-25.0932464998335,0
                  -56.0151094993053,-25.0936154994282,0
                  -56.0152462994345,-25.0938603995948,0
                </coordinates>
              </LinearRing>
            </outerBoundaryIs>
          </Polygon>
          <Polygon>
            <outerBoundaryIs>
              <LinearRing>
                <coordinates>
                  -56.0150090992006,-25.0934600999409,0
                  -56.0158891991388,-25.0930444999085,0
                  -56.0155870997587,-25.0925483998749,0
                  -56.0146995998138,-25.0929259999802,0
                  -56.0150090992006,-25.0934600999409,0
                </coordinates>
              </LinearRing>
            </outerBoundaryIs>
          </Polygon>
        </MultiGeometry>
      </Placemark>
      <Placemark id="Lote_D.160">
        <ExtendedData>
          <SchemaData schemaUrl="#Lote_D.schema">
            <SimpleData name="Cédula">5427781.00000000000</SimpleData>
            <SimpleData name="Nombres_y_">MARIA SOLEDAD ORTEGA NU?EZ</SimpleData>
            <SimpleData name="Sexo">Mujer</SimpleData>
            <SimpleData name="Cambio_de_">NO</SimpleData>
            <SimpleData name="Titular_se">NO</SimpleData>
            <SimpleData name="ci_UNIF">5427781.00000000000</SimpleData>
            <SimpleData name="Situación">NO</SimpleData>
            <SimpleData name="Comunidad">Campesina</SimpleData>
            <SimpleData name="Modelo_imp">Modelo 5</SimpleData>
            <SimpleData name="Departamen">CAAGUAZU</SimpleData>
            <SimpleData name="Distrito">SAN JOAQUIN</SimpleData>
            <SimpleData name="Localidad">TACUAPI I</SimpleData>
            <SimpleData name="Teléfono">0983850951</SimpleData>
            <SimpleData name="Vivienda_L">-24.98266000000</SimpleData>
            <SimpleData name="Vivienda_1">-56.05487940000</SimpleData>
            <SimpleData name="Superficie">0.70000000000</SimpleData>
            <SimpleData name="Situaci_1">Par?metro</SimpleData>
            <SimpleData name="Plantado">SI</SimpleData>
            <SimpleData name="Plantado_f">1899/12/30</SimpleData>
            <SimpleData name="Jornales">0.00000000000</SimpleData>
            <SimpleData name="Monto">0.00000000000</SimpleData>
            <SimpleData name="Grupo_de_p">D-P3</SimpleData>
            <SimpleData name="Estado_del">Activo</SimpleData>
            <SimpleData name="Empresa">Unique Wood Paraguay SA</SimpleData>
            <SimpleData name="Lote">D</SimpleData>
            <SimpleData name="Parametro">0.70000000000</SimpleData>
            <SimpleData name="Sup_Sig">0.76587130407</SimpleData>
            <SimpleData name="Situacion">Cumple</SimpleData>
            <SimpleData name="X">-56.03833138000</SimpleData>
            <SimpleData name="Y">-24.99671685000</SimpleData>
            <SimpleData name="Shape_Leng">386.51883384000</SimpleData>
            <SimpleData name="Shape_Area">7658.71304074000</SimpleData>
          </SchemaData>
        </ExtendedData>
        <Polygon>
          <outerBoundaryIs>
            <LinearRing>
              <coordinates>
                -56.0375975995167,-24.9968440995325,0
                -56.0388932991964,-24.9970782998131,0
                -56.0390981998428,-24.9966010993095,0
                -56.0377353995071,-24.9963524997751,0
                -56.0375975995167,-24.9968440995325,0
              </coordinates>
            </LinearRing>
          </outerBoundaryIs>
        </Polygon>
      </Placemark>
      <Placemark id="Lote_D.161">
        <ExtendedData>
          <SchemaData schemaUrl="#Lote_D.schema">
            <SimpleData name="Cédula">5311042.00000000000</SimpleData>
            <SimpleData name="Nombres_y_">PERLA PATRICIA ALONSO</SimpleData>
            <SimpleData name="Sexo">Mujer</SimpleData>
            <SimpleData name="Cambio_de_">NO</SimpleData>
            <SimpleData name="Titular_se">NO</SimpleData>
            <SimpleData name="ci_UNIF">5311042.00000000000</SimpleData>
            <SimpleData name="Situación">NO</SimpleData>
            <SimpleData name="Comunidad">Campesina</SimpleData>
            <SimpleData name="Modelo_imp">Modelo 1</SimpleData>
            <SimpleData name="Departamen">CAAGUAZU</SimpleData>
            <SimpleData name="Distrito">YH?</SimpleData>
            <SimpleData name="Localidad">JUAN SINFORIANO BOGARIN</SimpleData>
            <SimpleData name="Teléfono">983448373</SimpleData>
            <SimpleData name="Vivienda_L">-25.17340170000</SimpleData>
            <SimpleData name="Vivienda_1">-55.93566170000</SimpleData>
            <SimpleData name="Superficie">0.80000000000</SimpleData>
            <SimpleData name="Situaci_1">Pol?gono</SimpleData>
            <SimpleData name="Plantado">SI</SimpleData>
            <SimpleData name="Plantado_f">2025/10/22</SimpleData>
            <SimpleData name="Jornales">0.00000000000</SimpleData>
            <SimpleData name="Monto">0.00000000000</SimpleData>
            <SimpleData name="Grupo_de_p">D-P3</SimpleData>
            <SimpleData name="Estado_del">Activo</SimpleData>
            <SimpleData name="Empresa">Unique Wood Paraguay SA</SimpleData>
            <SimpleData name="Lote">D</SimpleData>
            <SimpleData name="Parametro">0.80000000000</SimpleData>
            <SimpleData name="Sup_Sig">0.85718278116</SimpleData>
            <SimpleData name="Situacion">Cumple</SimpleData>
            <SimpleData name="X">-55.92872575000</SimpleData>
            <SimpleData name="Y">-25.16504694000</SimpleData>
            <SimpleData name="Shape_Leng">540.27294661600</SimpleData>
            <SimpleData name="Shape_Area">8571.82781164000</SimpleData>
          </SchemaData>
        </ExtendedData>
        <Polygon>
          <outerBoundaryIs>
            <LinearRing>
              <coordinates>
                -55.9275288991624,-25.1650874993547,0
                -55.9298671992013,-25.1653292993371,0
                -55.9299073996973,-25.1651575996426,0
                -55.9298278994194,-25.1649872993447,0
                -55.9275830997005,-25.1647696999927,0
                -55.9275288991624,-25.1650874993547,0
              </coordinates>
            </LinearRing>
          </outerBoundaryIs>
        </Polygon>
      </Placemark>
      <Placemark id="Lote_D.162">
        <ExtendedData>
          <SchemaData schemaUrl="#Lote_D.schema">
            <SimpleData name="Cédula">1606614.00000000000</SimpleData>
            <SimpleData name="Nombres_y_">EPIFANIO CORONEL PERALTA</SimpleData>
            <SimpleData name="Sexo">Hombre</SimpleData>
            <SimpleData name="Cambio_de_">NO</SimpleData>
            <SimpleData name="Titular_se">NO</SimpleData>
            <SimpleData name="ci_UNIF">1606614.00000000000</SimpleData>
            <SimpleData name="Situación">NO</SimpleData>
            <SimpleData name="Comunidad">Campesina</SimpleData>
            <SimpleData name="Modelo_imp">Modelo 5</SimpleData>
            <SimpleData name="Departamen">CAAGUAZU</SimpleData>
            <SimpleData name="Distrito">SAN JOAQUIN</SimpleData>
            <SimpleData name="Localidad">MALVINAS</SimpleData>
            <SimpleData name="Teléfono">0982222600</SimpleData>
            <SimpleData name="Vivienda_L">-24.97537370000</SimpleData>
            <SimpleData name="Vivienda_1">-56.07633020000</SimpleData>
            <SimpleData name="Superficie">0.70000000000</SimpleData>
            <SimpleData name="Situaci_1">Par?metro</SimpleData>
            <SimpleData name="Plantado">SI</SimpleData>
            <SimpleData name="Plantado_f">1899/12/30</SimpleData>
            <SimpleData name="Jornales">0.00000000000</SimpleData>
            <SimpleData name="Monto">0.00000000000</SimpleData>
            <SimpleData name="Grupo_de_p">D-GN</SimpleData>
            <SimpleData name="Estado_del">Activo</SimpleData>
            <SimpleData name="Empresa">Unique Wood Paraguay SA</SimpleData>
            <SimpleData name="Lote">D</SimpleData>
            <SimpleData name="Parametro">0.70000000000</SimpleData>
            <SimpleData name="Sup_Sig">0.81624406519</SimpleData>
            <SimpleData name="Situacion">Cumple</SimpleData>
            <SimpleData name="X">-56.07680016000</SimpleData>
            <SimpleData name="Y">-24.97436176000</SimpleData>
            <SimpleData name="Shape_Leng">448.82736262300</SimpleData>
            <SimpleData name="Shape_Area">8162.44065187000</SimpleData>
          </SchemaData>
        </ExtendedData>
        <Polygon>
          <outerBoundaryIs>
            <LinearRing>
              <coordinates>
                -56.0768445997856,-24.9739027992485,0
                -56.0767398999278,-24.9741921998141,0
                -56.0764939004991,-24.9739473995333,0
                -56.0760512993794,-24.9748527003366,0
                -56.076636799675,-24.9746252995402,0
                -56.0772816997498,-24.9747447993932,0
                -56.0773376002859,-24.973953499867,0
                -56.0768445997856,-24.9739027992485,0
              </coordinates>
            </LinearRing>
          </outerBoundaryIs>
        </Polygon>
      </Placemark>
      <Placemark id="Lote_D.163">
        <ExtendedData>
          <SchemaData schemaUrl="#Lote_D.schema">
            <SimpleData name="Cédula">1727904.00000000000</SimpleData>
            <SimpleData name="Nombres_y_">SANTIAGO ROJAS</SimpleData>
            <SimpleData name="Sexo">Hombre</SimpleData>
            <SimpleData name="Cambio_de_">NO</SimpleData>
            <SimpleData name="Titular_se">NO</SimpleData>
            <SimpleData name="ci_UNIF">1727904.00000000000</SimpleData>
            <SimpleData name="Situación">NO</SimpleData>
            <SimpleData name="Comunidad">Campesina</SimpleData>
            <SimpleData name="Modelo_imp">Modelo 5</SimpleData>
            <SimpleData name="Departamen">CAAGUAZU</SimpleData>
            <SimpleData name="Distrito">SAN JOAQUIN</SimpleData>
            <SimpleData name="Localidad">MALVINAS</SimpleData>
            <SimpleData name="Teléfono">0982247333</SimpleData>
            <SimpleData name="Vivienda_L">-24.97617740000</SimpleData>
            <SimpleData name="Vivienda_1">-56.07554280000</SimpleData>
            <SimpleData name="Superficie">0.70000000000</SimpleData>
            <SimpleData name="Situaci_1">Par?metro</SimpleData>
            <SimpleData name="Plantado">SI</SimpleData>
            <SimpleData name="Plantado_f">1899/12/30</SimpleData>
            <SimpleData name="Jornales">0.00000000000</SimpleData>
            <SimpleData name="Monto">0.00000000000</SimpleData>
            <SimpleData name="Grupo_de_p">D-GN</SimpleData>
            <SimpleData name="Estado_del">Activo</SimpleData>
            <SimpleData name="Empresa">Unique Wood Paraguay SA</SimpleData>
            <SimpleData name="Lote">D</SimpleData>
            <SimpleData name="Parametro">0.70000000000</SimpleData>
            <SimpleData name="Sup_Sig">0.71634176928</SimpleData>
            <SimpleData name="Situacion">Cumple</SimpleData>
            <SimpleData name="X">-56.07759838000</SimpleData>
            <SimpleData name="Y">-24.97642411000</SimpleData>
            <SimpleData name="Shape_Leng">411.10272256100</SimpleData>
            <SimpleData name="Shape_Area">7163.41769275000</SimpleData>
          </SchemaData>
        </ExtendedData>
        <Polygon>
          <outerBoundaryIs>
            <LinearRing>
              <coordinates>
                -56.0767894003083,-24.9765185006395,0
                -56.0783697001105,-24.9767307000209,0
                -56.0783956000692,-24.9763206001143,0
                -56.0768198000186,-24.976123699362,0
                -56.0767894003083,-24.9765185006395,0
              </coordinates>
            </LinearRing>
          </outerBoundaryIs>
        </Polygon>
      </Placemark>
      <Placemark id="Lote_D.164">
        <ExtendedData>
          <SchemaData schemaUrl="#Lote_D.schema">
            <SimpleData name="Cédula">2189737.00000000000</SimpleData>
            <SimpleData name="Nombres_y_">BENIGNO  MENDOZA BENITEZ</SimpleData>
            <SimpleData name="Sexo">Hombre</SimpleData>
            <SimpleData name="Cambio_de_">NO</SimpleData>
            <SimpleData name="Titular_se">NO</SimpleData>
            <SimpleData name="ci_UNIF">2189737.00000000000</SimpleData>
            <SimpleData name="Situación">NO</SimpleData>
            <SimpleData name="Comunidad">Campesina</SimpleData>
            <SimpleData name="Modelo_imp">Modelo 1</SimpleData>
            <SimpleData name="Departamen">CAAGUAZU</SimpleData>
            <SimpleData name="Distrito">SAN JOAQUIN</SimpleData>
            <SimpleData name="Localidad">NACIENTE</SimpleData>
            <SimpleData name="Teléfono">982136459</SimpleData>
            <SimpleData name="Vivienda_L">-25.00145780000</SimpleData>
            <SimpleData name="Vivienda_1">-56.04927150000</SimpleData>
            <SimpleData name="Superficie">0.80000000000</SimpleData>
            <SimpleData name="Situaci_1">Par?metro</SimpleData>
            <SimpleData name="Plantado">SI</SimpleData>
            <SimpleData name="Plantado_f">1899/12/30</SimpleData>
            <SimpleData name="Jornales">0.00000000000</SimpleData>
            <SimpleData name="Monto">0.00000000000</SimpleData>
            <SimpleData name="Grupo_de_p">D-GN</SimpleData>
            <SimpleData name="Estado_del">Activo</SimpleData>
            <SimpleData name="Empresa">Unique Wood Paraguay SA</SimpleData>
            <SimpleData name="Lote">D</SimpleData>
            <SimpleData name="Parametro">0.80000000000</SimpleData>
            <SimpleData name="Sup_Sig">0.93266433245</SimpleData>
            <SimpleData name="Situacion">Cumple</SimpleData>
            <SimpleData name="X">-56.04788390000</SimpleData>
            <SimpleData name="Y">-25.00119870000</SimpleData>
            <SimpleData name="Shape_Leng">386.38222066600</SimpleData>
            <SimpleData name="Shape_Area">9326.64332447000</SimpleData>
          </SchemaData>
        </ExtendedData>
        <Polygon>
          <outerBoundaryIs>
            <LinearRing>
              <coordinates>
                -56.0473278992564,-25.0015394003239,0
                -56.0482693997325,-25.001719399454,0
                -56.0484272999301,-25.00084380023,0
                -56.0475068993118,-25.0006837001165,0
                -56.0473278992564,-25.0015394003239,0
              </coordinates>
            </LinearRing>
          </outerBoundaryIs>
        </Polygon>
      </Placemark>
      <Placemark id="Lote_D.165">
        <ExtendedData>
          <SchemaData schemaUrl="#Lote_D.schema">
            <SimpleData name="Cédula">2970033.00000000000</SimpleData>
            <SimpleData name="Nombres_y_">AURELIA  CABALLERO DE GUERRERO</SimpleData>
            <SimpleData name="Sexo">Mujer</SimpleData>
            <SimpleData name="Cambio_de_">NO</SimpleData>
            <SimpleData name="Titular_se">NO</SimpleData>
            <SimpleData name="ci_UNIF">2970033.00000000000</SimpleData>
            <SimpleData name="Situación">NO</SimpleData>
            <SimpleData name="Comunidad">Campesina</SimpleData>
            <SimpleData name="Modelo_imp">Modelo 1</SimpleData>
            <SimpleData name="Departamen">CAAGUAZU</SimpleData>
            <SimpleData name="Distrito">SAN JOAQUIN</SimpleData>
            <SimpleData name="Localidad">TARUMA</SimpleData>
            <SimpleData name="Teléfono">983892422</SimpleData>
            <SimpleData name="Vivienda_L">-25.10877330000</SimpleData>
            <SimpleData name="Vivienda_1">-56.00378670000</SimpleData>
            <SimpleData name="Superficie">0.80000000000</SimpleData>
            <SimpleData name="Situaci_1">Parametro</SimpleData>
            <SimpleData name="Plantado">SI</SimpleData>
            <SimpleData name="Plantado_f">1899/12/30</SimpleData>
            <SimpleData name="Jornales">0.00000000000</SimpleData>
            <SimpleData name="Monto">0.00000000000</SimpleData>
            <SimpleData name="Grupo_de_p">D-GN</SimpleData>
            <SimpleData name="Estado_del">Activo</SimpleData>
            <SimpleData name="Empresa">Unique Wood Paraguay SA</SimpleData>
            <SimpleData name="Lote">D</SimpleData>
            <SimpleData name="Parametro">0.80000000000</SimpleData>
            <SimpleData name="Sup_Sig">0.79637406490</SimpleData>
            <SimpleData name="Situacion">Cumple</SimpleData>
            <SimpleData name="X">-56.00626243000</SimpleData>
            <SimpleData name="Y">-25.11111677000</SimpleData>
            <SimpleData name="Shape_Leng">474.61937946500</SimpleData>
            <SimpleData name="Shape_Area">7963.74064902000</SimpleData>
          </SchemaData>
        </ExtendedData>
        <Polygon>
          <outerBoundaryIs>
            <LinearRing>
              <coordinates>
                -56.0056537415206,-25.1103960566588,0
                -56.0062226137102,-25.1114591154223,0
                -56.0065043006094,-25.1119855001224,0
                -56.0068725993317,-25.1118606000402,0
                -56.0060453002884,-25.1102703004184,0
                -56.0056444003571,-25.1103786002714,0
                -56.0056537415206,-25.1103960566588,0
              </coordinates>
            </LinearRing>
          </outerBoundaryIs>
        </Polygon>
      </Placemark>
      <Placemark id="Lote_D.166">
        <ExtendedData>
          <SchemaData schemaUrl="#Lote_D.schema">
            <SimpleData name="Cédula">4579078.00000000000</SimpleData>
            <SimpleData name="Nombres_y_">GRISELDA VIERA GARAY</SimpleData>
            <SimpleData name="Sexo">Mujer</SimpleData>
            <SimpleData name="Cambio_de_">NO</SimpleData>
            <SimpleData name="Titular_se">NO</SimpleData>
            <SimpleData name="ci_UNIF">4579078.00000000000</SimpleData>
            <SimpleData name="Situación">NO</SimpleData>
            <SimpleData name="Comunidad">Campesina</SimpleData>
            <SimpleData name="Modelo_imp">Modelo 5</SimpleData>
            <SimpleData name="Departamen">CAAGUAZU</SimpleData>
            <SimpleData name="Distrito">SAN JOAQUIN</SimpleData>
            <SimpleData name="Localidad">TACUAPI GUAZU</SimpleData>
            <SimpleData name="Teléfono">0975962495</SimpleData>
            <SimpleData name="Vivienda_L">-24.96414460000</SimpleData>
            <SimpleData name="Vivienda_1">-56.01907580000</SimpleData>
            <SimpleData name="Superficie">0.70000000000</SimpleData>
            <SimpleData name="Situaci_1">Par?metro</SimpleData>
            <SimpleData name="Plantado">SI</SimpleData>
            <SimpleData name="Plantado_f">1899/12/30</SimpleData>
            <SimpleData name="Jornales">0.00000000000</SimpleData>
            <SimpleData name="Monto">0.00000000000</SimpleData>
            <SimpleData name="Grupo_de_p">D-GN</SimpleData>
            <SimpleData name="Estado_del">Activo</SimpleData>
            <SimpleData name="Empresa">Unique Wood Paraguay SA</SimpleData>
            <SimpleData name="Lote">D</SimpleData>
            <SimpleData name="Parametro">0.70000000000</SimpleData>
            <SimpleData name="Sup_Sig">0.72252077359</SimpleData>
            <SimpleData name="Situacion">Cumple</SimpleData>
            <SimpleData name="X">-56.01737108000</SimpleData>
            <SimpleData name="Y">-24.96388187000</SimpleData>
            <SimpleData name="Shape_Leng">340.96867778000</SimpleData>
            <SimpleData name="Shape_Area">7225.20773590000</SimpleData>
          </SchemaData>
        </ExtendedData>
        <Polygon>
          <outerBoundaryIs>
            <LinearRing>
              <coordinates>
                -56.016852100085,-24.9641594996608,0
                -56.0176118996656,-24.9643846001342,0
                -56.0178759002728,-24.9635954998545,0
                -56.0171494996551,-24.963376799772,0
                -56.016852100085,-24.9641594996608,0
              </coordinates>
            </LinearRing>
          </outerBoundaryIs>
        </Polygon>
      </Placemark>
      <Placemark id="Lote_D.167">
        <ExtendedData>
          <SchemaData schemaUrl="#Lote_D.schema">
            <SimpleData name="Cédula">4782282.00000000000</SimpleData>
            <SimpleData name="Nombres_y_">GRACIELA MELGAREJO DE AYALA</SimpleData>
            <SimpleData name="Sexo">Mujer</SimpleData>
            <SimpleData name="Cambio_de_">NO</SimpleData>
            <SimpleData name="Titular_se">NO</SimpleData>
            <SimpleData name="ci_UNIF">4782282.00000000000</SimpleData>
            <SimpleData name="Situación">NO</SimpleData>
            <SimpleData name="Comunidad">Campesina</SimpleData>
            <SimpleData name="Modelo_imp">Modelo 5</SimpleData>
            <SimpleData name="Departamen">CAAGUAZU</SimpleData>
            <SimpleData name="Distrito">SAN JOAQUIN</SimpleData>
            <SimpleData name="Localidad">TACUAPI GUAZU</SimpleData>
            <SimpleData name="Teléfono">0975954748</SimpleData>
            <SimpleData name="Vivienda_L">-24.96012500000</SimpleData>
            <SimpleData name="Vivienda_1">-56.02060260000</SimpleData>
            <SimpleData name="Superficie">0.70000000000</SimpleData>
            <SimpleData name="Situaci_1">Par?metro</SimpleData>
            <SimpleData name="Plantado">SI</SimpleData>
            <SimpleData name="Plantado_f">1899/12/30</SimpleData>
            <SimpleData name="Jornales">0.00000000000</SimpleData>
            <SimpleData name="Monto">0.00000000000</SimpleData>
            <SimpleData name="Grupo_de_p">D-GN</SimpleData>
            <SimpleData name="Estado_del">Activo</SimpleData>
            <SimpleData name="Empresa">Unique Wood Paraguay SA</SimpleData>
            <SimpleData name="Lote">D</SimpleData>
            <SimpleData name="Parametro">0.70000000000</SimpleData>
            <SimpleData name="Sup_Sig">0.72611258990</SimpleData>
            <SimpleData name="Situacion">Cumple</SimpleData>
            <SimpleData name="X">-56.02149228000</SimpleData>
            <SimpleData name="Y">-24.96040335000</SimpleData>
            <SimpleData name="Shape_Leng">480.08974070000</SimpleData>
            <SimpleData name="Shape_Area">7261.12589904000</SimpleData>
          </SchemaData>
        </ExtendedData>
        <MultiGeometry>
          <Polygon>
            <outerBoundaryIs>
              <LinearRing>
                <coordinates>
                  -56.0212839995356,-24.9610526998448,0
                  -56.0213765998223,-24.9606363006354,0
                  -56.0210258997237,-24.960525299895,0
                  -56.0208722006384,-24.961029199761,0
                  -56.0212839995356,-24.9610526998448,0
                </coordinates>
              </LinearRing>
            </outerBoundaryIs>
          </Polygon>
          <Polygon>
            <outerBoundaryIs>
              <LinearRing>
                <coordinates>
                  -56.0217667000504,-24.9607217002511,0
                  -56.0220400000053,-24.9599317006792,0
                  -56.021469000032,-24.9597788003021,0
                  -56.0212482991,-24.9605532999257,0
                  -56.0217667000504,-24.9607217002511,0
                </coordinates>
              </LinearRing>
            </outerBoundaryIs>
          </Polygon>
        </MultiGeometry>
      </Placemark>
      <Placemark id="Lote_D.168">
        <ExtendedData>
          <SchemaData schemaUrl="#Lote_D.schema">
            <SimpleData name="Cédula">5020620.00000000000</SimpleData>
            <SimpleData name="Nombres_y_">JORGE MANCUELLO BAEZ</SimpleData>
            <SimpleData name="Sexo">Hombre</SimpleData>
            <SimpleData name="Cambio_de_">NO</SimpleData>
            <SimpleData name="Titular_se">NO</SimpleData>
            <SimpleData name="ci_UNIF">5020620.00000000000</SimpleData>
            <SimpleData name="Situación">NO</SimpleData>
            <SimpleData name="Comunidad">Campesina</SimpleData>
            <SimpleData name="Modelo_imp">Modelo 5</SimpleData>
            <SimpleData name="Departamen">CAAGUAZU</SimpleData>
            <SimpleData name="Distrito">SAN JOAQUIN</SimpleData>
            <SimpleData name="Localidad">TACUAPI I</SimpleData>
            <SimpleData name="Teléfono">0971405328</SimpleData>
            <SimpleData name="Vivienda_L">-24.97384150000</SimpleData>
            <SimpleData name="Vivienda_1">-56.05315480000</SimpleData>
            <SimpleData name="Superficie">0.70000000000</SimpleData>
            <SimpleData name="Situaci_1">Par?metro</SimpleData>
            <SimpleData name="Plantado">SI</SimpleData>
            <SimpleData name="Plantado_f">1899/12/30</SimpleData>
            <SimpleData name="Jornales">0.00000000000</SimpleData>
            <SimpleData name="Monto">0.00000000000</SimpleData>
            <SimpleData name="Grupo_de_p">D-GN</SimpleData>
            <SimpleData name="Estado_del">Activo</SimpleData>
            <SimpleData name="Empresa">Unique Wood Paraguay SA</SimpleData>
            <SimpleData name="Lote">D</SimpleData>
            <SimpleData name="Parametro">0.70000000000</SimpleData>
            <SimpleData name="Sup_Sig">0.75750050826</SimpleData>
            <SimpleData name="Situacion">Cumple</SimpleData>
            <SimpleData name="X">-56.05111627000</SimpleData>
            <SimpleData name="Y">-24.97286454000</SimpleData>
            <SimpleData name="Shape_Leng">401.28342002200</SimpleData>
            <SimpleData name="Shape_Area">7575.00508261000</SimpleData>
          </SchemaData>
        </ExtendedData>
        <Polygon>
          <outerBoundaryIs>
            <LinearRing>
              <coordinates>
                -56.0503523991973,-24.972949900216,0
                -56.0517950003344,-24.9732299999875,0
                -56.0519066003307,-24.9728224001692,0
                -56.0515477002638,-24.9727486001984,0
                -56.0515307998273,-24.9726921992937,0
                -56.0504433000807,-24.9725017001555,0
                -56.0503523991973,-24.972949900216,0
              </coordinates>
            </LinearRing>
          </outerBoundaryIs>
        </Polygon>
      </Placemark>
      <Placemark id="Lote_D.169">
        <ExtendedData>
          <SchemaData schemaUrl="#Lote_D.schema">
            <SimpleData name="Cédula">5594516.00000000000</SimpleData>
            <SimpleData name="Nombres_y_">BASILIA FLORENTIN CUENCA</SimpleData>
            <SimpleData name="Sexo">Mujer</SimpleData>
            <SimpleData name="Cambio_de_">NO</SimpleData>
            <SimpleData name="Titular_se">NO</SimpleData>
            <SimpleData name="ci_UNIF">5594516.00000000000</SimpleData>
            <SimpleData name="Situación">NO</SimpleData>
            <SimpleData name="Comunidad">Campesina</SimpleData>
            <SimpleData name="Modelo_imp">Modelo 5</SimpleData>
            <SimpleData name="Departamen">CAAGUAZU</SimpleData>
            <SimpleData name="Distrito">SAN JOAQUIN</SimpleData>
            <SimpleData name="Localidad">TACUAPI GUAZU</SimpleData>
            <SimpleData name="Teléfono">0981145578</SimpleData>
            <SimpleData name="Vivienda_L">-24.96971200000</SimpleData>
            <SimpleData name="Vivienda_1">-56.01710810000</SimpleData>
            <SimpleData name="Superficie">0.70000000000</SimpleData>
            <SimpleData name="Situaci_1">Par?metro</SimpleData>
            <SimpleData name="Plantado">SI</SimpleData>
            <SimpleData name="Plantado_f">1899/12/30</SimpleData>
            <SimpleData name="Jornales">0.00000000000</SimpleData>
            <SimpleData name="Monto">0.00000000000</SimpleData>
            <SimpleData name="Grupo_de_p">D-GN</SimpleData>
            <SimpleData name="Estado_del">Activo</SimpleData>
            <SimpleData name="Empresa">Unique Wood Paraguay SA</SimpleData>
            <SimpleData name="Lote">D</SimpleData>
            <SimpleData name="Parametro">0.70000000000</SimpleData>
            <SimpleData name="Sup_Sig">0.80457569320</SimpleData>
            <SimpleData name="Situacion">Cumple</SimpleData>
            <SimpleData name="X">-56.01406182000</SimpleData>
            <SimpleData name="Y">-24.96888509000</SimpleData>
            <SimpleData name="Shape_Leng">541.40963068100</SimpleData>
            <SimpleData name="Shape_Area">8045.75693202000</SimpleData>
          </SchemaData>
        </ExtendedData>
        <MultiGeometry>
          <Polygon>
            <outerBoundaryIs>
              <LinearRing>
                <coordinates>
                  -56.0157239000795,-24.9696599992824,0
                  -56.0158821993573,-24.9688522996046,0
                  -56.0154710002613,-24.9687999001472,0
                  -56.0153281004852,-24.969609900049,0
                  -56.0157239000795,-24.9696599992824,0
                </coordinates>
              </LinearRing>
            </outerBoundaryIs>
          </Polygon>
          <Polygon>
            <outerBoundaryIs>
              <LinearRing>
                <coordinates>
                  -56.0142352004695,-24.9693400000904,0
                  -56.0143481999884,-24.9685312004157,0
                  -56.0139279002851,-24.9684105002017,0
                  -56.0137465005181,-24.969221000136,0
                  -56.0142352004695,-24.9693400000904,0
                </coordinates>
              </LinearRing>
            </outerBoundaryIs>
          </Polygon>
        </MultiGeometry>
      </Placemark>
      <Placemark id="Lote_D.170">
        <ExtendedData>
          <SchemaData schemaUrl="#Lote_D.schema">
            <SimpleData name="Cédula">6811799.00000000000</SimpleData>
            <SimpleData name="Nombres_y_">ADA RAQUEL CACERES LOPEZ</SimpleData>
            <SimpleData name="Sexo">Mujer</SimpleData>
            <SimpleData name="Cambio_de_">NO</SimpleData>
            <SimpleData name="Titular_se">NO</SimpleData>
            <SimpleData name="ci_UNIF">6811799.00000000000</SimpleData>
            <SimpleData name="Situación">NO</SimpleData>
            <SimpleData name="Comunidad">Campesina</SimpleData>
            <SimpleData name="Modelo_imp">Modelo 1</SimpleData>
            <SimpleData name="Departamen">CAAGUAZU</SimpleData>
            <SimpleData name="Distrito">SAN JOAQUIN</SimpleData>
            <SimpleData name="Localidad">POTRERO APUA</SimpleData>
            <SimpleData name="Teléfono">0984698830</SimpleData>
            <SimpleData name="Vivienda_L">-25.00018590000</SimpleData>
            <SimpleData name="Vivienda_1">-56.04975720000</SimpleData>
            <SimpleData name="Superficie">0.80000000000</SimpleData>
            <SimpleData name="Situaci_1">Par?metro</SimpleData>
            <SimpleData name="Plantado">SI</SimpleData>
            <SimpleData name="Plantado_f">1899/12/30</SimpleData>
            <SimpleData name="Jornales">0.00000000000</SimpleData>
            <SimpleData name="Monto">0.00000000000</SimpleData>
            <SimpleData name="Grupo_de_p">D-GN</SimpleData>
            <SimpleData name="Estado_del">Activo</SimpleData>
            <SimpleData name="Empresa">Unique Wood Paraguay SA</SimpleData>
            <SimpleData name="Lote">D</SimpleData>
            <SimpleData name="Parametro">0.80000000000</SimpleData>
            <SimpleData name="Sup_Sig">0.95125601858</SimpleData>
            <SimpleData name="Situacion">Cumple</SimpleData>
            <SimpleData name="X">-56.04491107000</SimpleData>
            <SimpleData name="Y">-25.00243365000</SimpleData>
            <SimpleData name="Shape_Leng">595.42747956500</SimpleData>
            <SimpleData name="Shape_Area">9512.56018580000</SimpleData>
          </SchemaData>
        </ExtendedData>
        <MultiGeometry>
          <Polygon>
            <outerBoundaryIs>
              <LinearRing>
                <coordinates>
                  -56.0450224002664,-25.0029286998669,0
                  -56.0452777992454,-25.0020308000549,0
                  -56.0447943001711,-25.0019587000313,0
                  -56.0445429992773,-25.0028092000636,0
                  -56.0450224002664,-25.0029286998669,0
                </coordinates>
              </LinearRing>
            </outerBoundaryIs>
          </Polygon>
          <Polygon>
            <outerBoundaryIs>
              <LinearRing>
                <coordinates>
                  -56.0440418996461,-25.0027574994576,0
                  -56.0442764999323,-25.001840800442,0
                  -56.0438696994853,-25.0017814000704,0
                  -56.0435932999431,-25.0026836999459,0
                  -56.0440418996461,-25.0027574994576,0
                </coordinates>
              </LinearRing>
            </outerBoundaryIs>
          </Polygon>
        </MultiGeometry>
      </Placemark>
      <Placemark id="Lote_D.171">
        <ExtendedData>
          <SchemaData schemaUrl="#Lote_D.schema">
            <SimpleData name="Cédula">7205601.00000000000</SimpleData>
            <SimpleData name="Nombres_y_">DAIHANA BEATRIZ ADORNO GOMEZ</SimpleData>
            <SimpleData name="Sexo">Mujer</SimpleData>
            <SimpleData name="Cambio_de_">NO</SimpleData>
            <SimpleData name="Titular_se">NO</SimpleData>
            <SimpleData name="ci_UNIF">7205601.00000000000</SimpleData>
            <SimpleData name="Situación">NO</SimpleData>
            <SimpleData name="Comunidad">Campesina</SimpleData>
            <SimpleData name="Modelo_imp">Modelo 5</SimpleData>
            <SimpleData name="Departamen">CAAGUAZU</SimpleData>
            <SimpleData name="Distrito">SAN JOAQUIN</SimpleData>
            <SimpleData name="Localidad">NACIENTE</SimpleData>
            <SimpleData name="Teléfono">985281947</SimpleData>
            <SimpleData name="Vivienda_L">-25.00814310000</SimpleData>
            <SimpleData name="Vivienda_1">-56.04814870000</SimpleData>
            <SimpleData name="Superficie">0.70000000000</SimpleData>
            <SimpleData name="Situaci_1">Par?metro</SimpleData>
            <SimpleData name="Plantado">SI</SimpleData>
            <SimpleData name="Plantado_f">1899/12/30</SimpleData>
            <SimpleData name="Jornales">0.00000000000</SimpleData>
            <SimpleData name="Monto">0.00000000000</SimpleData>
            <SimpleData name="Grupo_de_p">D-GN</SimpleData>
            <SimpleData name="Estado_del">Activo</SimpleData>
            <SimpleData name="Empresa">Unique Wood Paraguay SA</SimpleData>
            <SimpleData name="Lote">D</SimpleData>
            <SimpleData name="Parametro">0.70000000000</SimpleData>
            <SimpleData name="Sup_Sig">0.71817545603</SimpleData>
            <SimpleData name="Situacion">Cumple</SimpleData>
            <SimpleData name="X">-56.05252956000</SimpleData>
            <SimpleData name="Y">-25.00757643000</SimpleData>
            <SimpleData name="Shape_Leng">342.64011276700</SimpleData>
            <SimpleData name="Shape_Area">7181.75456034000</SimpleData>
          </SchemaData>
        </ExtendedData>
        <Polygon>
          <outerBoundaryIs>
            <LinearRing>
              <coordinates>
                -56.0521200994583,-25.0079493997321,0
                -56.0527997007457,-25.0080880001591,0
                -56.0529704999498,-25.0072001006263,0
                -56.052210700367,-25.0070956003643,0
                -56.0521200994583,-25.0079493997321,0
              </coordinates>
            </LinearRing>
          </outerBoundaryIs>
        </Polygon>
      </Placemark>
      <Placemark id="Lote_D.172">
        <ExtendedData>
          <SchemaData schemaUrl="#Lote_D.schema">
            <SimpleData name="Cédula">2658867.00000000000</SimpleData>
            <SimpleData name="Nombres_y_">JOSE RUBEN GONZALEZ ROJAS</SimpleData>
            <SimpleData name="Sexo">Hombre</SimpleData>
            <SimpleData name="Cambio_de_">NO</SimpleData>
            <SimpleData name="Titular_se">NO</SimpleData>
            <SimpleData name="ci_UNIF">2658867.00000000000</SimpleData>
            <SimpleData name="Situación">NO</SimpleData>
            <SimpleData name="Comunidad">Campesina</SimpleData>
            <SimpleData name="Modelo_imp">Modelo 1</SimpleData>
            <SimpleData name="Departamen">CAAGUAZU</SimpleData>
            <SimpleData name="Distrito">SAN JOAQUIN</SimpleData>
            <SimpleData name="Localidad">TEJAS KUE</SimpleData>
            <SimpleData name="Teléfono">975482011</SimpleData>
            <SimpleData name="Vivienda_L">-25.05942430000</SimpleData>
            <SimpleData name="Vivienda_1">-56.00336310000</SimpleData>
            <SimpleData name="Superficie">0.80000000000</SimpleData>
            <SimpleData name="Situaci_1">Parametro</SimpleData>
            <SimpleData name="Plantado">SI</SimpleData>
            <SimpleData name="Plantado_f">1899/12/30</SimpleData>
            <SimpleData name="Jornales">0.00000000000</SimpleData>
            <SimpleData name="Monto">0.00000000000</SimpleData>
            <SimpleData name="Grupo_de_p">D-GN</SimpleData>
            <SimpleData name="Estado_del">Activo</SimpleData>
            <SimpleData name="Empresa">Unique Wood Paraguay SA</SimpleData>
            <SimpleData name="Lote">D</SimpleData>
            <SimpleData name="Parametro">0.80000000000</SimpleData>
            <SimpleData name="Sup_Sig">0.93868515457</SimpleData>
            <SimpleData name="Situacion">Cumple</SimpleData>
            <SimpleData name="X">-56.00674091000</SimpleData>
            <SimpleData name="Y">-25.05125389000</SimpleData>
            <SimpleData name="Shape_Leng">396.77601515900</SimpleData>
            <SimpleData name="Shape_Area">9386.85154569000</SimpleData>
          </SchemaData>
        </ExtendedData>
        <Polygon>
          <outerBoundaryIs>
            <LinearRing>
              <coordinates>
                -56.0060160997866,-25.0509334004005,0
                -56.0064461995914,-25.0516928008146,0
                -56.0073879004289,-25.0516303001328,0
                -56.0071132994739,-25.0508066998972,0
                -56.0060160997866,-25.0509334004005,0
              </coordinates>
            </LinearRing>
          </outerBoundaryIs>
        </Polygon>
      </Placemark>
      <Placemark id="Lote_D.173">
        <ExtendedData>
          <SchemaData schemaUrl="#Lote_D.schema">
            <SimpleData name="Cédula">3354746.00000000000</SimpleData>
            <SimpleData name="Nombres_y_">ANA CRISTINA RAMIREZ DE FLECHA</SimpleData>
            <SimpleData name="Sexo">Mujer</SimpleData>
            <SimpleData name="Cambio_de_">NO</SimpleData>
            <SimpleData name="Titular_se">NO</SimpleData>
            <SimpleData name="ci_UNIF">3354746.00000000000</SimpleData>
            <SimpleData name="Situación">NO</SimpleData>
            <SimpleData name="Comunidad">Campesina</SimpleData>
            <SimpleData name="Modelo_imp">Modelo 1</SimpleData>
            <SimpleData name="Departamen">CAAGUAZU</SimpleData>
            <SimpleData name="Distrito">SAN JOAQUIN</SimpleData>
            <SimpleData name="Localidad">PIRI POTY</SimpleData>
            <SimpleData name="Teléfono">986212138</SimpleData>
            <SimpleData name="Vivienda_L">-25.04271030000</SimpleData>
            <SimpleData name="Vivienda_1">-56.05939550000</SimpleData>
            <SimpleData name="Superficie">0.80000000000</SimpleData>
            <SimpleData name="Situaci_1">Par?metro</SimpleData>
            <SimpleData name="Plantado">SI</SimpleData>
            <SimpleData name="Plantado_f">1899/12/30</SimpleData>
            <SimpleData name="Jornales">0.00000000000</SimpleData>
            <SimpleData name="Monto">0.00000000000</SimpleData>
            <SimpleData name="Grupo_de_p">D-GN</SimpleData>
            <SimpleData name="Estado_del">Activo</SimpleData>
            <SimpleData name="Empresa">Unique Wood Paraguay SA</SimpleData>
            <SimpleData name="Lote">D</SimpleData>
            <SimpleData name="Parametro">0.80000000000</SimpleData>
            <SimpleData name="Sup_Sig">0.92373630023</SimpleData>
            <SimpleData name="Situacion">Cumple</SimpleData>
            <SimpleData name="X">-56.07091684000</SimpleData>
            <SimpleData name="Y">-25.03726536000</SimpleData>
            <SimpleData name="Shape_Leng">415.71395532500</SimpleData>
            <SimpleData name="Shape_Area">9237.36300233000</SimpleData>
          </SchemaData>
        </ExtendedData>
        <Polygon>
          <outerBoundaryIs>
            <LinearRing>
              <coordinates>
                -56.070446299973,-25.0378404002261,0
                -56.0710967000911,-25.0378809996487,0
                -56.0714394998151,-25.0365726002363,0
                -56.0706102992491,-25.0368369998981,0
                -56.070446299973,-25.0378404002261,0
              </coordinates>
            </LinearRing>
          </outerBoundaryIs>
        </Polygon>
      </Placemark>
      <Placemark id="Lote_D.174">
        <ExtendedData>
          <SchemaData schemaUrl="#Lote_D.schema">
            <SimpleData name="Cédula">4071792.00000000000</SimpleData>
            <SimpleData name="Nombres_y_">RAFAELA GUERRERO FRANCO</SimpleData>
            <SimpleData name="Sexo">Mujer</SimpleData>
            <SimpleData name="Cambio_de_">NO</SimpleData>
            <SimpleData name="Titular_se">NO</SimpleData>
            <SimpleData name="ci_UNIF">4071792.00000000000</SimpleData>
            <SimpleData name="Situación">NO</SimpleData>
            <SimpleData name="Comunidad">Campesina</SimpleData>
            <SimpleData name="Modelo_imp">Modelo 5</SimpleData>
            <SimpleData name="Departamen">CAAGUAZU</SimpleData>
            <SimpleData name="Distrito">SAN JOAQUIN</SimpleData>
            <SimpleData name="Localidad">TACUAPI GUAZU</SimpleData>
            <SimpleData name="Teléfono">0971569526</SimpleData>
            <SimpleData name="Vivienda_L">-24.98904850000</SimpleData>
            <SimpleData name="Vivienda_1">-56.02826610000</SimpleData>
            <SimpleData name="Superficie">0.70000000000</SimpleData>
            <SimpleData name="Situaci_1">Par?metro</SimpleData>
            <SimpleData name="Plantado">SI</SimpleData>
            <SimpleData name="Plantado_f">1899/12/30</SimpleData>
            <SimpleData name="Jornales">0.00000000000</SimpleData>
            <SimpleData name="Monto">0.00000000000</SimpleData>
            <SimpleData name="Grupo_de_p">D-GN</SimpleData>
            <SimpleData name="Estado_del">Activo</SimpleData>
            <SimpleData name="Empresa">Unique Wood Paraguay SA</SimpleData>
            <SimpleData name="Lote">D</SimpleData>
            <SimpleData name="Parametro">0.70000000000</SimpleData>
            <SimpleData name="Sup_Sig">0.78627136605</SimpleData>
            <SimpleData name="Situacion">Cumple</SimpleData>
            <SimpleData name="X">-56.02713641000</SimpleData>
            <SimpleData name="Y">-24.98900290000</SimpleData>
            <SimpleData name="Shape_Leng">362.05577808300</SimpleData>
            <SimpleData name="Shape_Area">7862.71366050000</SimpleData>
          </SchemaData>
        </ExtendedData>
        <Polygon>
          <outerBoundaryIs>
            <LinearRing>
              <coordinates>
                -56.0267916994152,-24.9893466993272,0
                -56.0275770999213,-24.9895199000108,0
                -56.0275057001657,-24.9885581997891,0
                -56.0265911992267,-24.9886382000345,0
                -56.0267916994152,-24.9893466993272,0
              </coordinates>
            </LinearRing>
          </outerBoundaryIs>
        </Polygon>
      </Placemark>
      <Placemark id="Lote_D.175">
        <ExtendedData>
          <SchemaData schemaUrl="#Lote_D.schema">
            <SimpleData name="Cédula">4393559.00000000000</SimpleData>
            <SimpleData name="Nombres_y_">GESSICA GRACIELA ALMADA ALVAREZ</SimpleData>
            <SimpleData name="Sexo">Mujer</SimpleData>
            <SimpleData name="Cambio_de_">NO</SimpleData>
            <SimpleData name="Titular_se">NO</SimpleData>
            <SimpleData name="ci_UNIF">4393559.00000000000</SimpleData>
            <SimpleData name="Situación">NO</SimpleData>
            <SimpleData name="Comunidad">Campesina</SimpleData>
            <SimpleData name="Modelo_imp">Modelo 1</SimpleData>
            <SimpleData name="Departamen">CAAGUAZU</SimpleData>
            <SimpleData name="Distrito">YH?</SimpleData>
            <SimpleData name="Localidad">SAN RAMON</SimpleData>
            <SimpleData name="Teléfono">983238673</SimpleData>
            <SimpleData name="Vivienda_L">-25.09479830000</SimpleData>
            <SimpleData name="Vivienda_1">-55.98959670000</SimpleData>
            <SimpleData name="Superficie">0.80000000000</SimpleData>
            <SimpleData name="Situaci_1">Parametro</SimpleData>
            <SimpleData name="Plantado">SI</SimpleData>
            <SimpleData name="Plantado_f">1899/12/30</SimpleData>
            <SimpleData name="Jornales">0.00000000000</SimpleData>
            <SimpleData name="Monto">0.00000000000</SimpleData>
            <SimpleData name="Grupo_de_p">D-GN</SimpleData>
            <SimpleData name="Estado_del">Activo</SimpleData>
            <SimpleData name="Empresa">Unique Wood Paraguay SA</SimpleData>
            <SimpleData name="Lote">D</SimpleData>
            <SimpleData name="Parametro">0.80000000000</SimpleData>
            <SimpleData name="Sup_Sig">0.85941005211</SimpleData>
            <SimpleData name="Situacion">Cumple</SimpleData>
            <SimpleData name="X">-56.00585714000</SimpleData>
            <SimpleData name="Y">-25.11124636000</SimpleData>
            <SimpleData name="Shape_Leng">472.58244922200</SimpleData>
            <SimpleData name="Shape_Area">8594.10052114000</SimpleData>
          </SchemaData>
        </ExtendedData>
        <Polygon>
          <outerBoundaryIs>
            <LinearRing>
              <coordinates>
                -56.0062226137102,-25.1114591154223,0
                -56.0056537415206,-25.1103960566588,0
                -56.0052610004708,-25.1104705004095,0
                -56.0059570998725,-25.1120166000725,0
                -56.0064740997195,-25.1119888005193,0
                -56.0062226137102,-25.1114591154223,0
              </coordinates>
            </LinearRing>
          </outerBoundaryIs>
        </Polygon>
      </Placemark>
      <Placemark id="Lote_D.176">
        <ExtendedData>
          <SchemaData schemaUrl="#Lote_D.schema">
            <SimpleData name="Cédula">4443125.00000000000</SimpleData>
            <SimpleData name="Nombres_y_">MAGDALENA ORREGO GAVILAN</SimpleData>
            <SimpleData name="Sexo">Mujer</SimpleData>
            <SimpleData name="Cambio_de_">NO</SimpleData>
            <SimpleData name="Titular_se">NO</SimpleData>
            <SimpleData name="ci_UNIF">4443125.00000000000</SimpleData>
            <SimpleData name="Situación">NO</SimpleData>
            <SimpleData name="Comunidad">Campesina</SimpleData>
            <SimpleData name="Modelo_imp">Modelo 1</SimpleData>
            <SimpleData name="Departamen">CAAGUAZU</SimpleData>
            <SimpleData name="Distrito">SAN JOAQUIN</SimpleData>
            <SimpleData name="Localidad">VIRGEN DEL CARMEN</SimpleData>
            <SimpleData name="Teléfono">0986180066</SimpleData>
            <SimpleData name="Vivienda_L">-25.05123940000</SimpleData>
            <SimpleData name="Vivienda_1">-56.10401950000</SimpleData>
            <SimpleData name="Superficie">0.80000000000</SimpleData>
            <SimpleData name="Situaci_1">Par?metro</SimpleData>
            <SimpleData name="Plantado">SI</SimpleData>
            <SimpleData name="Plantado_f">1899/12/30</SimpleData>
            <SimpleData name="Jornales">0.00000000000</SimpleData>
            <SimpleData name="Monto">0.00000000000</SimpleData>
            <SimpleData name="Grupo_de_p">D-GN</SimpleData>
            <SimpleData name="Estado_del">Activo</SimpleData>
            <SimpleData name="Empresa">Unique Wood Paraguay SA</SimpleData>
            <SimpleData name="Lote">D</SimpleData>
            <SimpleData name="Parametro">0.80000000000</SimpleData>
            <SimpleData name="Sup_Sig">0.81000403347</SimpleData>
            <SimpleData name="Situacion">Cumple</SimpleData>
            <SimpleData name="X">-56.00615742000</SimpleData>
            <SimpleData name="Y">-25.08585426000</SimpleData>
            <SimpleData name="Shape_Leng">524.43869548200</SimpleData>
            <SimpleData name="Shape_Area">8100.04033469000</SimpleData>
          </SchemaData>
        </ExtendedData>
        <Polygon>
          <outerBoundaryIs>
            <LinearRing>
              <coordinates>
                -56.0054647002687,-25.0851077998626,0
                -56.0066102000935,-25.0868708999419,0
                -56.0068350002079,-25.0865775996857,0
                -56.0057263000515,-25.0848643005922,0
                -56.0054647002687,-25.0851077998626,0
              </coordinates>
            </LinearRing>
          </outerBoundaryIs>
        </Polygon>
      </Placemark>
      <Placemark id="Lote_D.177">
        <ExtendedData>
          <SchemaData schemaUrl="#Lote_D.schema">
            <SimpleData name="Cédula">4617212.00000000000</SimpleData>
            <SimpleData name="Nombres_y_">LUISA ROMERO DE VILLALBA</SimpleData>
            <SimpleData name="Sexo">Mujer</SimpleData>
            <SimpleData name="Cambio_de_">NO</SimpleData>
            <SimpleData name="Titular_se">NO</SimpleData>
            <SimpleData name="ci_UNIF">4617212.00000000000</SimpleData>
            <SimpleData name="Situación">NO</SimpleData>
            <SimpleData name="Comunidad">Campesina</SimpleData>
            <SimpleData name="Modelo_imp">Modelo 5</SimpleData>
            <SimpleData name="Departamen">CAAGUAZU</SimpleData>
            <SimpleData name="Distrito">SAN JOAQUIN</SimpleData>
            <SimpleData name="Localidad">?UAI</SimpleData>
            <SimpleData name="Teléfono">0982488094</SimpleData>
            <SimpleData name="Vivienda_L">-25.01219900000</SimpleData>
            <SimpleData name="Vivienda_1">-56.06781520000</SimpleData>
            <SimpleData name="Superficie">0.70000000000</SimpleData>
            <SimpleData name="Situaci_1">Par?metro</SimpleData>
            <SimpleData name="Plantado">SI</SimpleData>
            <SimpleData name="Plantado_f">1899/12/30</SimpleData>
            <SimpleData name="Jornales">0.00000000000</SimpleData>
            <SimpleData name="Monto">0.00000000000</SimpleData>
            <SimpleData name="Grupo_de_p">D-GN</SimpleData>
            <SimpleData name="Estado_del">Activo</SimpleData>
            <SimpleData name="Empresa">Unique Wood Paraguay SA</SimpleData>
            <SimpleData name="Lote">D</SimpleData>
            <SimpleData name="Parametro">0.70000000000</SimpleData>
            <SimpleData name="Sup_Sig">0.74547625744</SimpleData>
            <SimpleData name="Situacion">Cumple</SimpleData>
            <SimpleData name="X">-56.06700522000</SimpleData>
            <SimpleData name="Y">-25.01315057000</SimpleData>
            <SimpleData name="Shape_Leng">356.45751727800</SimpleData>
            <SimpleData name="Shape_Area">7454.76257442000</SimpleData>
          </SchemaData>
        </ExtendedData>
        <Polygon>
          <outerBoundaryIs>
            <LinearRing>
              <coordinates>
                -56.0666067007771,-25.0128517001728,0
                -56.0664955003293,-25.0136164997987,0
                -56.067397299422,-25.0134397004773,0
                -56.0675323999985,-25.0127000999675,0
                -56.0666067007771,-25.0128517001728,0
              </coordinates>
            </LinearRing>
          </outerBoundaryIs>
        </Polygon>
      </Placemark>
      <Placemark id="Lote_D.178">
        <ExtendedData>
          <SchemaData schemaUrl="#Lote_D.schema">
            <SimpleData name="Cédula">5177344.00000000000</SimpleData>
            <SimpleData name="Nombres_y_">CELINA  RUIZ DIAZ</SimpleData>
            <SimpleData name="Sexo">Mujer</SimpleData>
            <SimpleData name="Cambio_de_">NO</SimpleData>
            <SimpleData name="Titular_se">NO</SimpleData>
            <SimpleData name="ci_UNIF">5177344.00000000000</SimpleData>
            <SimpleData name="Situación">NO</SimpleData>
            <SimpleData name="Comunidad">Campesina</SimpleData>
            <SimpleData name="Modelo_imp">Modelo 5</SimpleData>
            <SimpleData name="Departamen">CAAGUAZU</SimpleData>
            <SimpleData name="Distrito">SAN JOAQUIN</SimpleData>
            <SimpleData name="Localidad">TARUMA</SimpleData>
            <SimpleData name="Teléfono">982167509</SimpleData>
            <SimpleData name="Vivienda_L">-25.10933000000</SimpleData>
            <SimpleData name="Vivienda_1">-56.00407500000</SimpleData>
            <SimpleData name="Superficie">0.70000000000</SimpleData>
            <SimpleData name="Situaci_1">Parametro</SimpleData>
            <SimpleData name="Plantado">SI</SimpleData>
            <SimpleData name="Plantado_f">1899/12/30</SimpleData>
            <SimpleData name="Jornales">0.00000000000</SimpleData>
            <SimpleData name="Monto">0.00000000000</SimpleData>
            <SimpleData name="Grupo_de_p">D-GN</SimpleData>
            <SimpleData name="Estado_del">Activo</SimpleData>
            <SimpleData name="Empresa">Unique Wood Paraguay SA</SimpleData>
            <SimpleData name="Lote">D</SimpleData>
            <SimpleData name="Parametro">0.70000000000</SimpleData>
            <SimpleData name="Sup_Sig">0.78291432904</SimpleData>
            <SimpleData name="Situacion">Cumple</SimpleData>
            <SimpleData name="X">-56.00542572000</SimpleData>
            <SimpleData name="Y">-25.10911684000</SimpleData>
            <SimpleData name="Shape_Leng">547.98839885500</SimpleData>
            <SimpleData name="Shape_Area">7829.14329043000</SimpleData>
          </SchemaData>
        </ExtendedData>
        <MultiGeometry>
          <Polygon>
            <outerBoundaryIs>
              <LinearRing>
                <coordinates>
                  -56.0051920995565,-25.109479000248,0
                  -56.0058964994291,-25.1091634996537,0
                  -56.0056645992585,-25.1087333002223,0
                  -56.0049323998656,-25.1091123005862,0
                  -56.0051920995565,-25.109479000248,0
                </coordinates>
              </LinearRing>
            </outerBoundaryIs>
          </Polygon>
          <Polygon>
            <outerBoundaryIs>
              <LinearRing>
                <coordinates>
                  -56.0072951998677,-25.0997257003692,0
                  -56.0075907999545,-25.099569900151,0
                  -56.0071097999325,-25.0987039003102,0
                  -56.0068196004017,-25.0988744006632,0
                  -56.0072951998677,-25.0997257003692,0
                </coordinates>
              </LinearRing>
            </outerBoundaryIs>
          </Polygon>
        </MultiGeometry>
      </Placemark>
      <Placemark id="Lote_D.179">
        <ExtendedData>
          <SchemaData schemaUrl="#Lote_D.schema">
            <SimpleData name="Cédula">5484970.00000000000</SimpleData>
            <SimpleData name="Nombres_y_">ARCENIA PORTILLO CENTURION</SimpleData>
            <SimpleData name="Sexo">Mujer</SimpleData>
            <SimpleData name="Cambio_de_">NO</SimpleData>
            <SimpleData name="Titular_se">NO</SimpleData>
            <SimpleData name="ci_UNIF">5484970.00000000000</SimpleData>
            <SimpleData name="Situación">NO</SimpleData>
            <SimpleData name="Comunidad">Ind?gena</SimpleData>
            <SimpleData name="Modelo_imp">Modelo 1</SimpleData>
            <SimpleData name="Departamen">CAAGUAZU</SimpleData>
            <SimpleData name="Distrito">YH?</SimpleData>
            <SimpleData name="Localidad">COM INDIG ARROYO GUAZU - GUAYAYVI</SimpleData>
            <SimpleData name="Teléfono">ND</SimpleData>
            <SimpleData name="Vivienda_L">-24.89180850000</SimpleData>
            <SimpleData name="Vivienda_1">-55.82081910000</SimpleData>
            <SimpleData name="Superficie">0.80000000000</SimpleData>
            <SimpleData name="Situaci_1">Pol?gono</SimpleData>
            <SimpleData name="Plantado">SI</SimpleData>
            <SimpleData name="Plantado_f">2025/10/29</SimpleData>
            <SimpleData name="Jornales">0.00000000000</SimpleData>
            <SimpleData name="Monto">0.00000000000</SimpleData>
            <SimpleData name="Grupo_de_p">D-GN</SimpleData>
            <SimpleData name="Estado_del">Activo</SimpleData>
            <SimpleData name="Empresa">Unique Wood Paraguay SA</SimpleData>
            <SimpleData name="Lote">D</SimpleData>
            <SimpleData name="Parametro">0.80000000000</SimpleData>
            <SimpleData name="Sup_Sig">0.82049476211</SimpleData>
            <SimpleData name="Situacion">Cumple</SimpleData>
            <SimpleData name="X">-55.82131527000</SimpleData>
            <SimpleData name="Y">-24.89142641000</SimpleData>
            <SimpleData name="Shape_Leng">552.67992628600</SimpleData>
            <SimpleData name="Shape_Area">8204.94762110000</SimpleData>
          </SchemaData>
        </ExtendedData>
        <MultiGeometry>
          <Polygon>
            <outerBoundaryIs>
              <LinearRing>
                <coordinates>
                  -55.8215885998375,-24.8919835003395,0
                  -55.8217913994402,-24.8912562007238,0
                  -55.8208266994906,-24.8909900006638,0
                  -55.8206849992895,-24.8912769001973,0
                  -55.8211399004281,-24.8914209000798,0
                  -55.8211412000545,-24.8914620003726,0
                  -55.8211973006941,-24.8914826002951,0
                  -55.8212061996594,-24.8918178002763,0
                  -55.8215885998375,-24.8919835003395,0
                </coordinates>
              </LinearRing>
            </outerBoundaryIs>
          </Polygon>
          <Polygon>
            <outerBoundaryIs>
              <LinearRing>
                <coordinates>
                  -55.8207552996706,-24.8898540002503,0
                  -55.8208130997575,-24.8894229005991,0
                  -55.8203599997602,-24.8893402006307,0
                  -55.8202727996392,-24.8897801003321,0
                  -55.8207552996706,-24.8898540002503,0
                </coordinates>
              </LinearRing>
            </outerBoundaryIs>
          </Polygon>
        </MultiGeometry>
      </Placemark>
      <Placemark id="Lote_D.180">
        <ExtendedData>
          <SchemaData schemaUrl="#Lote_D.schema">
            <SimpleData name="Cédula">5912728.00000000000</SimpleData>
            <SimpleData name="Nombres_y_">CARMEN  ESTIGARRIBIA MARTINEZ</SimpleData>
            <SimpleData name="Sexo">Mujer</SimpleData>
            <SimpleData name="Cambio_de_">NO</SimpleData>
            <SimpleData name="Titular_se">NO</SimpleData>
            <SimpleData name="ci_UNIF">5912728.00000000000</SimpleData>
            <SimpleData name="Situación">NO</SimpleData>
            <SimpleData name="Comunidad">Campesina</SimpleData>
            <SimpleData name="Modelo_imp">Modelo 2</SimpleData>
            <SimpleData name="Departamen">CAAGUAZU</SimpleData>
            <SimpleData name="Distrito">SAN JOAQUIN</SimpleData>
            <SimpleData name="Localidad">TARUMA</SimpleData>
            <SimpleData name="Teléfono">985527988</SimpleData>
            <SimpleData name="Vivienda_L">-25.09044140000</SimpleData>
            <SimpleData name="Vivienda_1">-56.00865230000</SimpleData>
            <SimpleData name="Superficie">0.80000000000</SimpleData>
            <SimpleData name="Situaci_1">Parametro</SimpleData>
            <SimpleData name="Plantado">SI</SimpleData>
            <SimpleData name="Plantado_f">1899/12/30</SimpleData>
            <SimpleData name="Jornales">0.00000000000</SimpleData>
            <SimpleData name="Monto">0.00000000000</SimpleData>
            <SimpleData name="Grupo_de_p">D-GN</SimpleData>
            <SimpleData name="Estado_del">Activo</SimpleData>
            <SimpleData name="Empresa">Unique Wood Paraguay SA</SimpleData>
            <SimpleData name="Lote">D</SimpleData>
            <SimpleData name="Parametro">0.80000000000</SimpleData>
            <SimpleData name="Sup_Sig">0.81822650404</SimpleData>
            <SimpleData name="Situacion">Cumple</SimpleData>
            <SimpleData name="X">-56.00640971000</SimpleData>
            <SimpleData name="Y">-25.08563727000</SimpleData>
            <SimpleData name="Shape_Leng">743.23303936500</SimpleData>
            <SimpleData name="Shape_Area">8182.26504044000</SimpleData>
          </SchemaData>
        </ExtendedData>
        <MultiGeometry>
          <Polygon>
            <outerBoundaryIs>
              <LinearRing>
                <coordinates>
                  -56.0080282997654,-25.0909858996984,0
                  -56.0081199993845,-25.0911016999778,0
                  -56.0086418998292,-25.0908173003483,0
                  -56.0088005995769,-25.0910562002926,0
                  -56.0090539992643,-25.0909000007024,0
                  -56.0088416992398,-25.090515000555,0
                  -56.0080282997654,-25.0909858996984,0
                </coordinates>
              </LinearRing>
            </outerBoundaryIs>
          </Polygon>
          <Polygon>
            <outerBoundaryIs>
              <LinearRing>
                <coordinates>
                  -56.0068566996102,-25.0865649998308,0
                  -56.0070014998882,-25.0863786997911,0
                  -56.0060881997432,-25.0848152995531,0
                  -56.0058133001159,-25.0849753001301,0
                  -56.0068566996102,-25.0865649998308,0
                </coordinates>
              </LinearRing>
            </outerBoundaryIs>
          </Polygon>
        </MultiGeometry>
      </Placemark>
      <Placemark id="Lote_D.181">
        <ExtendedData>
          <SchemaData schemaUrl="#Lote_D.schema">
            <SimpleData name="Cédula">6233522.00000000000</SimpleData>
            <SimpleData name="Nombres_y_">LIZ NOELIA CACERES FERNANDEZ</SimpleData>
            <SimpleData name="Sexo">Mujer</SimpleData>
            <SimpleData name="Cambio_de_">NO</SimpleData>
            <SimpleData name="Titular_se">NO</SimpleData>
            <SimpleData name="ci_UNIF">6233522.00000000000</SimpleData>
            <SimpleData name="Situación">NO</SimpleData>
            <SimpleData name="Comunidad">Campesina</SimpleData>
            <SimpleData name="Modelo_imp">Modelo 5</SimpleData>
            <SimpleData name="Departamen">CAAGUAZU</SimpleData>
            <SimpleData name="Distrito">SAN JOAQUIN</SimpleData>
            <SimpleData name="Localidad">?UAI</SimpleData>
            <SimpleData name="Teléfono">0982363797</SimpleData>
            <SimpleData name="Vivienda_L">-25.00172600000</SimpleData>
            <SimpleData name="Vivienda_1">-56.09620070000</SimpleData>
            <SimpleData name="Superficie">0.70000000000</SimpleData>
            <SimpleData name="Situaci_1">Par?metro</SimpleData>
            <SimpleData name="Plantado">SI</SimpleData>
            <SimpleData name="Plantado_f">1899/12/30</SimpleData>
            <SimpleData name="Jornales">0.00000000000</SimpleData>
            <SimpleData name="Monto">0.00000000000</SimpleData>
            <SimpleData name="Grupo_de_p">D-GN</SimpleData>
            <SimpleData name="Estado_del">Activo</SimpleData>
            <SimpleData name="Empresa">Unique Wood Paraguay SA</SimpleData>
            <SimpleData name="Lote">D</SimpleData>
            <SimpleData name="Parametro">0.70000000000</SimpleData>
            <SimpleData name="Sup_Sig">1.02091965928</SimpleData>
            <SimpleData name="Situacion">Cumple</SimpleData>
            <SimpleData name="X">-56.09627678000</SimpleData>
            <SimpleData name="Y">-25.00236092000</SimpleData>
            <SimpleData name="Shape_Leng">412.08405001400</SimpleData>
            <SimpleData name="Shape_Area">10209.19659280000</SimpleData>
          </SchemaData>
        </ExtendedData>
        <Polygon>
          <outerBoundaryIs>
            <LinearRing>
              <coordinates>
                -56.0959590001042,-25.0018355003972,0
                -56.0957145007569,-25.0029223000552,0
                -56.0966599997592,-25.0028000002259,0
                -56.0968232996558,-25.0020732999536,0
                -56.0967182999831,-25.0020517001722,0
                -56.0966967003258,-25.0018233003757,0
                -56.0959590001042,-25.0018355003972,0
              </coordinates>
            </LinearRing>
          </outerBoundaryIs>
        </Polygon>
      </Placemark>
      <Placemark id="Lote_D.182">
        <ExtendedData>
          <SchemaData schemaUrl="#Lote_D.schema">
            <SimpleData name="Cédula">6252879.00000000000</SimpleData>
            <SimpleData name="Nombres_y_">EFIGENIA  LUGO GIMENEZ</SimpleData>
            <SimpleData name="Sexo">Mujer</SimpleData>
            <SimpleData name="Cambio_de_">NO</SimpleData>
            <SimpleData name="Titular_se">NO</SimpleData>
            <SimpleData name="ci_UNIF">6252879.00000000000</SimpleData>
            <SimpleData name="Situación">NO</SimpleData>
            <SimpleData name="Comunidad">Campesina</SimpleData>
            <SimpleData name="Modelo_imp">Modelo 5</SimpleData>
            <SimpleData name="Departamen">CAAGUAZU</SimpleData>
            <SimpleData name="Distrito">YH?</SimpleData>
            <SimpleData name="Localidad">YATAITY</SimpleData>
            <SimpleData name="Teléfono">971605749</SimpleData>
            <SimpleData name="Vivienda_L">-25.06792420000</SimpleData>
            <SimpleData name="Vivienda_1">-55.99907610000</SimpleData>
            <SimpleData name="Superficie">0.70000000000</SimpleData>
            <SimpleData name="Situaci_1">Parametro</SimpleData>
            <SimpleData name="Plantado">SI</SimpleData>
            <SimpleData name="Plantado_f">1899/12/30</SimpleData>
            <SimpleData name="Jornales">0.00000000000</SimpleData>
            <SimpleData name="Monto">0.00000000000</SimpleData>
            <SimpleData name="Grupo_de_p">D-GN</SimpleData>
            <SimpleData name="Estado_del">Activo</SimpleData>
            <SimpleData name="Empresa">Unique Wood Paraguay SA</SimpleData>
            <SimpleData name="Lote">D</SimpleData>
            <SimpleData name="Parametro">0.70000000000</SimpleData>
            <SimpleData name="Sup_Sig">0.81875843901</SimpleData>
            <SimpleData name="Situacion">Cumple</SimpleData>
            <SimpleData name="X">-56.00213101000</SimpleData>
            <SimpleData name="Y">-25.06683528000</SimpleData>
            <SimpleData name="Shape_Leng">364.09047188100</SimpleData>
            <SimpleData name="Shape_Area">8187.58439012000</SimpleData>
          </SchemaData>
        </ExtendedData>
        <Polygon>
          <outerBoundaryIs>
            <LinearRing>
              <coordinates>
                -56.001510200601,-25.0667430998553,0
                -56.0018927996758,-25.0673896993755,0
                -56.0027528995699,-25.06692769989,0
                -56.0023669997026,-25.0662804996562,0
                -56.001510200601,-25.0667430998553,0
              </coordinates>
            </LinearRing>
          </outerBoundaryIs>
        </Polygon>
      </Placemark>
      <Placemark id="Lote_D.183">
        <ExtendedData>
          <SchemaData schemaUrl="#Lote_D.schema">
            <SimpleData name="Cédula">6253628.00000000000</SimpleData>
            <SimpleData name="Nombres_y_">GLADYS AYALA PERALTA</SimpleData>
            <SimpleData name="Sexo">Mujer</SimpleData>
            <SimpleData name="Cambio_de_">NO</SimpleData>
            <SimpleData name="Titular_se">NO</SimpleData>
            <SimpleData name="ci_UNIF">6253628.00000000000</SimpleData>
            <SimpleData name="Situación">NO</SimpleData>
            <SimpleData name="Comunidad">Campesina</SimpleData>
            <SimpleData name="Modelo_imp">Modelo 1</SimpleData>
            <SimpleData name="Departamen">CAAGUAZU</SimpleData>
            <SimpleData name="Distrito">YH?</SimpleData>
            <SimpleData name="Localidad">1RA LINEA - KAIHO</SimpleData>
            <SimpleData name="Teléfono">0985451746</SimpleData>
            <SimpleData name="Vivienda_L">-24.93895570000</SimpleData>
            <SimpleData name="Vivienda_1">-55.87727340000</SimpleData>
            <SimpleData name="Superficie">0.80000000000</SimpleData>
            <SimpleData name="Situaci_1">Pol?gono</SimpleData>
            <SimpleData name="Plantado">SI</SimpleData>
            <SimpleData name="Plantado_f">2025/10/29</SimpleData>
            <SimpleData name="Jornales">0.00000000000</SimpleData>
            <SimpleData name="Monto">0.00000000000</SimpleData>
            <SimpleData name="Grupo_de_p">D-GN</SimpleData>
            <SimpleData name="Estado_del">Activo</SimpleData>
            <SimpleData name="Empresa">Unique Wood Paraguay SA</SimpleData>
            <SimpleData name="Lote">D</SimpleData>
            <SimpleData name="Parametro">0.80000000000</SimpleData>
            <SimpleData name="Sup_Sig">1.00944141749</SimpleData>
            <SimpleData name="Situacion">Cumple</SimpleData>
            <SimpleData name="X">-55.87458056000</SimpleData>
            <SimpleData name="Y">-24.92516453000</SimpleData>
            <SimpleData name="Shape_Leng">539.14527709300</SimpleData>
            <SimpleData name="Shape_Area">10094.41417490000</SimpleData>
          </SchemaData>
        </ExtendedData>
        <Polygon>
          <outerBoundaryIs>
            <LinearRing>
              <coordinates>
                -55.8734086993913,-24.9250057998869,0
                -55.8756501001689,-24.9257180000631,0
                -55.8755643999408,-24.9252527998392,0
                -55.8737178003625,-24.9246591999446,0
                -55.8734086993913,-24.9250057998869,0
              </coordinates>
            </LinearRing>
          </outerBoundaryIs>
        </Polygon>
      </Placemark>
      <Placemark id="Lote_D.184">
        <ExtendedData>
          <SchemaData schemaUrl="#Lote_D.schema">
            <SimpleData name="Cédula">6625737.00000000000</SimpleData>
            <SimpleData name="Nombres_y_">NAIDA FABIOLA MERCADO CABRERA</SimpleData>
            <SimpleData name="Sexo">Mujer</SimpleData>
            <SimpleData name="Cambio_de_">NO</SimpleData>
            <SimpleData name="Titular_se">NO</SimpleData>
            <SimpleData name="ci_UNIF">6625737.00000000000</SimpleData>
            <SimpleData name="Situación">NO</SimpleData>
            <SimpleData name="Comunidad">Campesina</SimpleData>
            <SimpleData name="Modelo_imp">Modelo 6</SimpleData>
            <SimpleData name="Departamen">CAAGUAZU</SimpleData>
            <SimpleData name="Distrito">SAN JOAQUIN</SimpleData>
            <SimpleData name="Localidad">?UAI</SimpleData>
            <SimpleData name="Teléfono">0983968774</SimpleData>
            <SimpleData name="Vivienda_L">-25.01016640000</SimpleData>
            <SimpleData name="Vivienda_1">-56.09843340000</SimpleData>
            <SimpleData name="Superficie">0.90000000000</SimpleData>
            <SimpleData name="Situaci_1">Par?metro</SimpleData>
            <SimpleData name="Plantado">SI</SimpleData>
            <SimpleData name="Plantado_f">1899/12/30</SimpleData>
            <SimpleData name="Jornales">0.00000000000</SimpleData>
            <SimpleData name="Monto">0.00000000000</SimpleData>
            <SimpleData name="Grupo_de_p">D-GN</SimpleData>
            <SimpleData name="Estado_del">Activo</SimpleData>
            <SimpleData name="Empresa">Unique Wood Paraguay SA</SimpleData>
            <SimpleData name="Lote">D</SimpleData>
            <SimpleData name="Parametro">0.90000000000</SimpleData>
            <SimpleData name="Sup_Sig">1.08024513210</SimpleData>
            <SimpleData name="Situacion">Cumple</SimpleData>
            <SimpleData name="X">-56.09269301000</SimpleData>
            <SimpleData name="Y">-25.00482658000</SimpleData>
            <SimpleData name="Shape_Leng">794.16305037800</SimpleData>
            <SimpleData name="Shape_Area">10802.45132100000</SimpleData>
          </SchemaData>
        </ExtendedData>
        <Polygon>
          <outerBoundaryIs>
            <LinearRing>
              <coordinates>
                -56.0921287000396,-25.0065369000744,0
                -56.0923636007022,-25.0065551998029,0
                -56.0932649998179,-25.0033167004474,0
                -56.0929015999633,-25.0033291996159,0
                -56.0921287000396,-25.0065369000744,0
              </coordinates>
            </LinearRing>
          </outerBoundaryIs>
        </Polygon>
      </Placemark>
      <Placemark id="Lote_D.185">
        <ExtendedData>
          <SchemaData schemaUrl="#Lote_D.schema">
            <SimpleData name="Cédula">6885288.00000000000</SimpleData>
            <SimpleData name="Nombres_y_">MONICA ESPINOLA SANTACRUZ</SimpleData>
            <SimpleData name="Sexo">Mujer</SimpleData>
            <SimpleData name="Cambio_de_">NO</SimpleData>
            <SimpleData name="Titular_se">NO</SimpleData>
            <SimpleData name="ci_UNIF">6885288.00000000000</SimpleData>
            <SimpleData name="Situación">NO</SimpleData>
            <SimpleData name="Comunidad">Campesina</SimpleData>
            <SimpleData name="Modelo_imp">Modelo 5</SimpleData>
            <SimpleData name="Departamen">CAAGUAZU</SimpleData>
            <SimpleData name="Distrito">YH?</SimpleData>
            <SimpleData name="Localidad">YATAITY</SimpleData>
            <SimpleData name="Teléfono">984762156</SimpleData>
            <SimpleData name="Vivienda_L">-25.07729500000</SimpleData>
            <SimpleData name="Vivienda_1">-55.98456170000</SimpleData>
            <SimpleData name="Superficie">0.70000000000</SimpleData>
            <SimpleData name="Situaci_1">Parametro</SimpleData>
            <SimpleData name="Plantado">SI</SimpleData>
            <SimpleData name="Plantado_f">1899/12/30</SimpleData>
            <SimpleData name="Jornales">0.00000000000</SimpleData>
            <SimpleData name="Monto">0.00000000000</SimpleData>
            <SimpleData name="Grupo_de_p">D-GN</SimpleData>
            <SimpleData name="Estado_del">Activo</SimpleData>
            <SimpleData name="Empresa">Unique Wood Paraguay SA</SimpleData>
            <SimpleData name="Lote">D</SimpleData>
            <SimpleData name="Parametro">0.70000000000</SimpleData>
            <SimpleData name="Sup_Sig">0.77631283725</SimpleData>
            <SimpleData name="Situacion">Cumple</SimpleData>
            <SimpleData name="X">-55.98172762000</SimpleData>
            <SimpleData name="Y">-25.07796158000</SimpleData>
            <SimpleData name="Shape_Leng">443.56344927800</SimpleData>
            <SimpleData name="Shape_Area">7763.12837252000</SimpleData>
          </SchemaData>
        </ExtendedData>
        <Polygon>
          <outerBoundaryIs>
            <LinearRing>
              <coordinates>
                -55.9808137001574,-25.0778568999126,0
                -55.9809267001427,-25.0782650000146,0
                -55.9826515001516,-25.0780425995456,0
                -55.982589999691,-25.0776766999511,0
                -55.9808137001574,-25.0778568999126,0
              </coordinates>
            </LinearRing>
          </outerBoundaryIs>
        </Polygon>
      </Placemark>
      <Placemark id="Lote_D.186">
        <ExtendedData>
          <SchemaData schemaUrl="#Lote_D.schema">
            <SimpleData name="Cédula">7023376.00000000000</SimpleData>
            <SimpleData name="Nombres_y_">MARINA RIVAS CENTURION</SimpleData>
            <SimpleData name="Sexo">Mujer</SimpleData>
            <SimpleData name="Cambio_de_">NO</SimpleData>
            <SimpleData name="Titular_se">NO</SimpleData>
            <SimpleData name="ci_UNIF">7023376.00000000000</SimpleData>
            <SimpleData name="Situación">NO</SimpleData>
            <SimpleData name="Comunidad">Ind?gena</SimpleData>
            <SimpleData name="Modelo_imp">Modelo 5</SimpleData>
            <SimpleData name="Departamen">CAAGUAZU</SimpleData>
            <SimpleData name="Distrito">YH?</SimpleData>
            <SimpleData name="Localidad">COM INDIG ARROYO GUAZU - GUAYAYVI</SimpleData>
            <SimpleData name="Teléfono">0985533560</SimpleData>
            <SimpleData name="Vivienda_L">-24.88425960000</SimpleData>
            <SimpleData name="Vivienda_1">-55.81335230000</SimpleData>
            <SimpleData name="Superficie">0.70000000000</SimpleData>
            <SimpleData name="Situaci_1">Par?metro</SimpleData>
            <SimpleData name="Plantado">SI</SimpleData>
            <SimpleData name="Plantado_f">2025/09/25</SimpleData>
            <SimpleData name="Jornales">0.00000000000</SimpleData>
            <SimpleData name="Monto">0.00000000000</SimpleData>
            <SimpleData name="Grupo_de_p">D-GN</SimpleData>
            <SimpleData name="Estado_del">Activo</SimpleData>
            <SimpleData name="Empresa">Unique Wood Paraguay SA</SimpleData>
            <SimpleData name="Lote">D</SimpleData>
            <SimpleData name="Parametro">0.70000000000</SimpleData>
            <SimpleData name="Sup_Sig">0.69733714708</SimpleData>
            <SimpleData name="Situacion">Cumple</SimpleData>
            <SimpleData name="X">-55.81347820000</SimpleData>
            <SimpleData name="Y">-24.88466630000</SimpleData>
            <SimpleData name="Shape_Leng">557.01390519700</SimpleData>
            <SimpleData name="Shape_Area">6973.37147075000</SimpleData>
          </SchemaData>
        </ExtendedData>
        <MultiGeometry>
          <Polygon>
            <outerBoundaryIs>
              <LinearRing>
                <coordinates>
                  -55.8122510002676,-24.8857944003164,0
                  -55.8126165000838,-24.8856964006033,0
                  -55.8126146991571,-24.8856957009004,0
                  -55.8122314002692,-24.884834999727,0
                  -55.8120267996968,-24.8848564997482,0
                  -55.8120654996365,-24.8851498004899,0
                  -55.8122510002676,-24.8857944003164,0
                </coordinates>
              </LinearRing>
            </outerBoundaryIs>
          </Polygon>
          <Polygon>
            <outerBoundaryIs>
              <LinearRing>
                <coordinates>
                  -55.8129919000163,-24.88492550027,0
                  -55.8140233997005,-24.8847158000988,0
                  -55.8139211996898,-24.8843689006553,0
                  -55.8128648004055,-24.8846897001647,0
                  -55.8129919000163,-24.88492550027,0
                </coordinates>
              </LinearRing>
            </outerBoundaryIs>
          </Polygon>
        </MultiGeometry>
      </Placemark>
      <Placemark id="Lote_D.187">
        <ExtendedData>
          <SchemaData schemaUrl="#Lote_D.schema">
            <SimpleData name="Cédula">7110914.00000000000</SimpleData>
            <SimpleData name="Nombres_y_">GLORIA ESTER GONZALEZ ORREGO</SimpleData>
            <SimpleData name="Sexo">Mujer</SimpleData>
            <SimpleData name="Cambio_de_">NO</SimpleData>
            <SimpleData name="Titular_se">NO</SimpleData>
            <SimpleData name="ci_UNIF">7110914.00000000000</SimpleData>
            <SimpleData name="Situación">NO</SimpleData>
            <SimpleData name="Comunidad">Campesina</SimpleData>
            <SimpleData name="Modelo_imp">Modelo 1</SimpleData>
            <SimpleData name="Departamen">CAAGUAZU</SimpleData>
            <SimpleData name="Distrito">SAN JOAQUIN</SimpleData>
            <SimpleData name="Localidad">TARUMA</SimpleData>
            <SimpleData name="Teléfono">981055850</SimpleData>
            <SimpleData name="Vivienda_L">-25.09048490000</SimpleData>
            <SimpleData name="Vivienda_1">-56.00867390000</SimpleData>
            <SimpleData name="Superficie">0.80000000000</SimpleData>
            <SimpleData name="Situaci_1">Parametro</SimpleData>
            <SimpleData name="Plantado">SI</SimpleData>
            <SimpleData name="Plantado_f">1899/12/30</SimpleData>
            <SimpleData name="Jornales">0.00000000000</SimpleData>
            <SimpleData name="Monto">0.00000000000</SimpleData>
            <SimpleData name="Grupo_de_p">D-GN</SimpleData>
            <SimpleData name="Estado_del">Activo</SimpleData>
            <SimpleData name="Empresa">Unique Wood Paraguay SA</SimpleData>
            <SimpleData name="Lote">D</SimpleData>
            <SimpleData name="Parametro">0.80000000000</SimpleData>
            <SimpleData name="Sup_Sig">0.82586012876</SimpleData>
            <SimpleData name="Situacion">Cumple</SimpleData>
            <SimpleData name="X">-56.00591189000</SimpleData>
            <SimpleData name="Y">-25.08615706000</SimpleData>
            <SimpleData name="Shape_Leng">546.74576296600</SimpleData>
            <SimpleData name="Shape_Area">8258.60128760000</SimpleData>
          </SchemaData>
        </ExtendedData>
        <Polygon>
          <outerBoundaryIs>
            <LinearRing>
              <coordinates>
                -56.0051603999006,-25.0852633995113,0
                -56.0063640996772,-25.0872009000272,0
                -56.0066079000252,-25.0868947998893,0
                -56.0054446000078,-25.0851429006326,0
                -56.0051603999006,-25.0852633995113,0
              </coordinates>
            </LinearRing>
          </outerBoundaryIs>
        </Polygon>
      </Placemark>
      <Placemark id="Lote_D.188">
        <ExtendedData>
          <SchemaData schemaUrl="#Lote_D.schema">
            <SimpleData name="Cédula">7208507.00000000000</SimpleData>
            <SimpleData name="Nombres_y_">CELINA GONZALEZ AQUINO</SimpleData>
            <SimpleData name="Sexo">Mujer</SimpleData>
            <SimpleData name="Cambio_de_">NO</SimpleData>
            <SimpleData name="Titular_se">NO</SimpleData>
            <SimpleData name="ci_UNIF">7208507.00000000000</SimpleData>
            <SimpleData name="Situación">NO</SimpleData>
            <SimpleData name="Comunidad">Ind?gena</SimpleData>
            <SimpleData name="Modelo_imp">Modelo 1</SimpleData>
            <SimpleData name="Departamen">CAAGUAZU</SimpleData>
            <SimpleData name="Distrito">YH?</SimpleData>
            <SimpleData name="Localidad">COM INDIG ARROYO GUAZU - GUAYAYVI</SimpleData>
            <SimpleData name="Teléfono">0986477069</SimpleData>
            <SimpleData name="Vivienda_L">-24.88838040000</SimpleData>
            <SimpleData name="Vivienda_1">-55.81934470000</SimpleData>
            <SimpleData name="Superficie">0.80000000000</SimpleData>
            <SimpleData name="Situaci_1">Pol?gono</SimpleData>
            <SimpleData name="Plantado">SI</SimpleData>
            <SimpleData name="Plantado_f">2025/10/29</SimpleData>
            <SimpleData name="Jornales">0.00000000000</SimpleData>
            <SimpleData name="Monto">0.00000000000</SimpleData>
            <SimpleData name="Grupo_de_p">D-GN</SimpleData>
            <SimpleData name="Estado_del">Activo</SimpleData>
            <SimpleData name="Empresa">Unique Wood Paraguay SA</SimpleData>
            <SimpleData name="Lote">D</SimpleData>
            <SimpleData name="Parametro">0.80000000000</SimpleData>
            <SimpleData name="Sup_Sig">0.90564564978</SimpleData>
            <SimpleData name="Situacion">Cumple</SimpleData>
            <SimpleData name="X">-55.81103808000</SimpleData>
            <SimpleData name="Y">-24.88353763000</SimpleData>
            <SimpleData name="Shape_Leng">381.85508687600</SimpleData>
            <SimpleData name="Shape_Area">9056.45649775000</SimpleData>
          </SchemaData>
        </ExtendedData>
        <Polygon>
          <outerBoundaryIs>
            <LinearRing>
              <coordinates>
                -55.8104420997674,-24.8832412000798,0
                -55.810668800745,-24.8839932002016,0
                -55.8116017008036,-24.8839201995461,0
                -55.8113905998915,-24.8830197006319,0
                -55.8104420997674,-24.8832412000798,0
              </coordinates>
            </LinearRing>
          </outerBoundaryIs>
        </Polygon>
      </Placemark>
    </Document>
  </Document>
</kml>
