<?xml version="1.0" encoding="UTF-8"?>
<kml xmlns="http://www.opengis.net/kml/2.2">
  <Document id="root_doc">
    <Schema id="Lote_A.schema">
      <SimpleField name="Cédula" type="double"/>
      <SimpleField name="Nombres_y_" type="string"/>
      <SimpleField name="Sexo" type="string"/>
      <SimpleField name="Cambio_de_" type="string"/>
      <SimpleField name="Titular_se" type="string"/>
      <SimpleField name="Cédula_Ti" type="string"/>
      <SimpleField name="ci_UNIF" type="double"/>
      <SimpleField name="Situación" type="string"/>
      <SimpleField name="Comunidad" type="string"/>
      <SimpleField name="Modelo_imp" type="string"/>
      <SimpleField name="Departamen" type="string"/>
      <SimpleField name="Distrito" type="string"/>
      <SimpleField name="Localidad" type="string"/>
      <SimpleField name="Teléfono" type="string"/>
      <SimpleField name="Vivienda_L" type="double"/>
      <SimpleField name="Vivienda_1" type="double"/>
      <SimpleField name="Superficie" type="double"/>
      <SimpleField name="Situaci_1" type="string"/>
      <SimpleField name="Plantado" type="string"/>
      <SimpleField name="Plantado_f" type="string"/>
      <SimpleField name="Jornales" type="double"/>
      <SimpleField name="Monto" type="double"/>
      <SimpleField name="Grupo_de_p" type="string"/>
      <SimpleField name="Estado_del" type="string"/>
      <SimpleField name="Empresa" type="string"/>
      <SimpleField name="Lote" type="string"/>
      <SimpleField name="Parametro" type="double"/>
      <SimpleField name="Sup_Sig" type="double"/>
      <SimpleField name="Situacion" type="string"/>
      <SimpleField name="X" type="double"/>
      <SimpleField name="Y" type="double"/>
      <SimpleField name="Shape_Leng" type="double"/>
      <SimpleField name="Shape_Area" type="double"/>
    </Schema>
    <Document id="Lote_A">
      <name>Lote_A</name>
      <Placemark id="Lote_A.1">
        <ExtendedData>
          <SchemaData schemaUrl="#Lote_A.schema">
            <SimpleData name="Cédula">6638971.00000000000</SimpleData>
            <SimpleData name="Nombres_y_">LINA MARCELINA BRIZUELA BENITEZ</SimpleData>
            <SimpleData name="Sexo">Mujer</SimpleData>
            <SimpleData name="Cambio_de_">NO</SimpleData>
            <SimpleData name="Titular_se">NO</SimpleData>
            <SimpleData name="ci_UNIF">6638971.00000000000</SimpleData>
            <SimpleData name="Situación">NO</SimpleData>
            <SimpleData name="Comunidad">Ind?gena</SimpleData>
            <SimpleData name="Modelo_imp">Modelo 3</SimpleData>
            <SimpleData name="Departamen">ITAPUA</SimpleData>
            <SimpleData name="Distrito">ALTO VERA</SimpleData>
            <SimpleData name="Localidad">COM INDIG MBERU - PIRAPO I</SimpleData>
            <SimpleData name="Teléfono">0986538669</SimpleData>
            <SimpleData name="Vivienda_L">-26.70210920000</SimpleData>
            <SimpleData name="Vivienda_1">-55.65386570000</SimpleData>
            <SimpleData name="Superficie">1.00000000000</SimpleData>
            <SimpleData name="Situaci_1">Par?metro</SimpleData>
            <SimpleData name="Plantado">SI</SimpleData>
            <SimpleData name="Plantado_f">2026/02/21</SimpleData>
            <SimpleData name="Jornales">0.00000000000</SimpleData>
            <SimpleData name="Monto">0.00000000000</SimpleData>
            <SimpleData name="Grupo_de_p">A-P2</SimpleData>
            <SimpleData name="Estado_del">Activo</SimpleData>
            <SimpleData name="Empresa">Red Forestal Paraguay SA</SimpleData>
            <SimpleData name="Lote">A</SimpleData>
            <SimpleData name="Parametro">1.00000000000</SimpleData>
            <SimpleData name="Sup_Sig">1.07511542523</SimpleData>
            <SimpleData name="Situacion">Cumple</SimpleData>
            <SimpleData name="X">-55.65006858000</SimpleData>
            <SimpleData name="Y">-26.69569112000</SimpleData>
            <SimpleData name="Shape_Leng">441.60089092500</SimpleData>
            <SimpleData name="Shape_Area">10751.15425230000</SimpleData>
          </SchemaData>
        </ExtendedData>
        <Polygon>
          <outerBoundaryIs>
            <LinearRing>
              <coordinates>
                -55.6499915506156,-26.6963360677957,0
                -55.6500400899459,-26.696370164867,0
                -55.6501589448756,-26.6964536572614,0
                -55.6501609992903,-26.6964551004294,0
                -55.6506266000049,-26.6956460001937,0
                -55.6506238929794,-26.6956418561264,0
                -55.6500662999486,-26.6947881001279,0
                -55.6494749991339,-26.6959732006485,0
                -55.6499915506156,-26.6963360677957,0
              </coordinates>
            </LinearRing>
          </outerBoundaryIs>
        </Polygon>
      </Placemark>
      <Placemark id="Lote_A.2">
        <ExtendedData>
          <SchemaData schemaUrl="#Lote_A.schema">
            <SimpleData name="Cédula">6702537.00000000000</SimpleData>
            <SimpleData name="Nombres_y_">ROSALINO SOLEI AQUINO</SimpleData>
            <SimpleData name="Sexo">Hombre</SimpleData>
            <SimpleData name="Cambio_de_">NO</SimpleData>
            <SimpleData name="Titular_se">NO</SimpleData>
            <SimpleData name="ci_UNIF">6702537.00000000000</SimpleData>
            <SimpleData name="Situación">NO</SimpleData>
            <SimpleData name="Comunidad">Ind?gena</SimpleData>
            <SimpleData name="Modelo_imp">Modelo 5</SimpleData>
            <SimpleData name="Departamen">CAAZAPA</SimpleData>
            <SimpleData name="Distrito">TAVA?</SimpleData>
            <SimpleData name="Localidad"><![CDATA[COM INDIG KA'AGUY PA'U]]></SimpleData>
            <SimpleData name="Teléfono">ND</SimpleData>
            <SimpleData name="Vivienda_L">-26.27575440000</SimpleData>
            <SimpleData name="Vivienda_1">-55.71894780000</SimpleData>
            <SimpleData name="Superficie">0.70000000000</SimpleData>
            <SimpleData name="Situaci_1">Par?metro</SimpleData>
            <SimpleData name="Plantado">SI</SimpleData>
            <SimpleData name="Plantado_f">2025/11/11</SimpleData>
            <SimpleData name="Jornales">0.00000000000</SimpleData>
            <SimpleData name="Monto">0.00000000000</SimpleData>
            <SimpleData name="Grupo_de_p">A-P2</SimpleData>
            <SimpleData name="Estado_del">Activo</SimpleData>
            <SimpleData name="Empresa">Red Forestal Paraguay SA</SimpleData>
            <SimpleData name="Lote">A</SimpleData>
            <SimpleData name="Parametro">0.70000000000</SimpleData>
            <SimpleData name="Sup_Sig">0.70122003684</SimpleData>
            <SimpleData name="Situacion">Cumple</SimpleData>
            <SimpleData name="X">-55.71795151000</SimpleData>
            <SimpleData name="Y">-26.27619872000</SimpleData>
            <SimpleData name="Shape_Leng">516.44081806800</SimpleData>
            <SimpleData name="Shape_Area">7012.20036844000</SimpleData>
          </SchemaData>
        </ExtendedData>
        <MultiGeometry>
          <Polygon>
            <outerBoundaryIs>
              <LinearRing>
                <coordinates>
                  -55.7178300001137,-26.2759317001432,0
                  -55.7177737997814,-26.2759302005046,0
                  -55.7178166999148,-26.2760232999203,0
                  -55.7174399997325,-26.2763300001345,0
                  -55.7177081005023,-26.2767733004561,0
                  -55.7182016000012,-26.2767647999744,0
                  -55.7180067003957,-26.2754217002814,0
                  -55.7177800003025,-26.2754250001631,0
                  -55.7177520995891,-26.2758280998247,0
                  -55.7178399999582,-26.2758500000208,0
                  -55.7178683002433,-26.2759216996341,0
                  -55.7178300001137,-26.2759317001432,0
                </coordinates>
              </LinearRing>
            </outerBoundaryIs>
          </Polygon>
          <Polygon>
            <outerBoundaryIs>
              <LinearRing>
                <coordinates>
                  -55.7185101001496,-26.2761098001842,0
                  -55.7187565000779,-26.2760966998491,0
                  -55.7187387997733,-26.2758456003921,0
                  -55.7184983003396,-26.2758550003971,0
                  -55.7185101001496,-26.2761098001842,0
                </coordinates>
              </LinearRing>
            </outerBoundaryIs>
          </Polygon>
        </MultiGeometry>
      </Placemark>
      <Placemark id="Lote_A.3">
        <ExtendedData>
          <SchemaData schemaUrl="#Lote_A.schema">
            <SimpleData name="Cédula">7311409.00000000000</SimpleData>
            <SimpleData name="Nombres_y_">JORGELINA CASTILLO OCAMPOS</SimpleData>
            <SimpleData name="Sexo">Mujer</SimpleData>
            <SimpleData name="Cambio_de_">NO</SimpleData>
            <SimpleData name="Titular_se">NO</SimpleData>
            <SimpleData name="ci_UNIF">7311409.00000000000</SimpleData>
            <SimpleData name="Situación">NO</SimpleData>
            <SimpleData name="Comunidad">Ind?gena</SimpleData>
            <SimpleData name="Modelo_imp">Modelo 3</SimpleData>
            <SimpleData name="Departamen">ITAPUA</SimpleData>
            <SimpleData name="Distrito">ALTO VERA</SimpleData>
            <SimpleData name="Localidad">COM INDIG MBERU - PIRAPO I</SimpleData>
            <SimpleData name="Teléfono">ND</SimpleData>
            <SimpleData name="Vivienda_L">-26.70544500000</SimpleData>
            <SimpleData name="Vivienda_1">-55.66021310000</SimpleData>
            <SimpleData name="Superficie">1.00000000000</SimpleData>
            <SimpleData name="Situaci_1">Par?metro</SimpleData>
            <SimpleData name="Plantado">SI</SimpleData>
            <SimpleData name="Plantado_f">2025/12/23</SimpleData>
            <SimpleData name="Jornales">0.00000000000</SimpleData>
            <SimpleData name="Monto">0.00000000000</SimpleData>
            <SimpleData name="Grupo_de_p">A-P2</SimpleData>
            <SimpleData name="Estado_del">Activo</SimpleData>
            <SimpleData name="Empresa">Red Forestal Paraguay SA</SimpleData>
            <SimpleData name="Lote">A</SimpleData>
            <SimpleData name="Parametro">1.00000000000</SimpleData>
            <SimpleData name="Sup_Sig">1.07636206130</SimpleData>
            <SimpleData name="Situacion">Cumple</SimpleData>
            <SimpleData name="X">-55.64928148000</SimpleData>
            <SimpleData name="Y">-26.69654527000</SimpleData>
            <SimpleData name="Shape_Leng">420.37483449100</SimpleData>
            <SimpleData name="Shape_Area">10763.62061300000</SimpleData>
          </SchemaData>
        </ExtendedData>
        <Polygon>
          <outerBoundaryIs>
            <LinearRing>
              <coordinates>
                -55.6500400899459,-26.696370164867,0
                -55.6499915506156,-26.6963360677957,0
                -55.6491366995788,-26.6958733003207,0
                -55.6486170570482,-26.6968357595938,0
                -55.6492461826889,-26.6972051861666,0
                -55.6500400899459,-26.696370164867,0
              </coordinates>
            </LinearRing>
          </outerBoundaryIs>
        </Polygon>
      </Placemark>
      <Placemark id="Lote_A.4">
        <ExtendedData>
          <SchemaData schemaUrl="#Lote_A.schema">
            <SimpleData name="Cédula">4566751.00000000000</SimpleData>
            <SimpleData name="Nombres_y_">MARIA DEL CARMEN  CARDOZO VEGA</SimpleData>
            <SimpleData name="Sexo">Mujer</SimpleData>
            <SimpleData name="Cambio_de_">NO</SimpleData>
            <SimpleData name="Titular_se">NO</SimpleData>
            <SimpleData name="ci_UNIF">4566751.00000000000</SimpleData>
            <SimpleData name="Situación">NO</SimpleData>
            <SimpleData name="Comunidad">Campesina</SimpleData>
            <SimpleData name="Modelo_imp">Modelo 1</SimpleData>
            <SimpleData name="Departamen">CAAZAPA</SimpleData>
            <SimpleData name="Distrito">TAVA?</SimpleData>
            <SimpleData name="Localidad">ENRAMADITA</SimpleData>
            <SimpleData name="Teléfono">982951580</SimpleData>
            <SimpleData name="Vivienda_L">-26.17886390000</SimpleData>
            <SimpleData name="Vivienda_1">-55.70822880000</SimpleData>
            <SimpleData name="Superficie">0.80000000000</SimpleData>
            <SimpleData name="Situaci_1">Pol?gono</SimpleData>
            <SimpleData name="Plantado">SI</SimpleData>
            <SimpleData name="Plantado_f">2025/10/28</SimpleData>
            <SimpleData name="Jornales">0.00000000000</SimpleData>
            <SimpleData name="Monto">0.00000000000</SimpleData>
            <SimpleData name="Grupo_de_p">A-P2</SimpleData>
            <SimpleData name="Estado_del">Activo</SimpleData>
            <SimpleData name="Empresa">Red Forestal Paraguay SA</SimpleData>
            <SimpleData name="Lote">A</SimpleData>
            <SimpleData name="Parametro">0.80000000000</SimpleData>
            <SimpleData name="Sup_Sig">1.04482146755</SimpleData>
            <SimpleData name="Situacion">Cumple</SimpleData>
            <SimpleData name="X">-55.71770292000</SimpleData>
            <SimpleData name="Y">-26.17871049000</SimpleData>
            <SimpleData name="Shape_Leng">418.71243433800</SimpleData>
            <SimpleData name="Shape_Area">10448.21467550000</SimpleData>
          </SchemaData>
        </ExtendedData>
        <Polygon>
          <outerBoundaryIs>
            <LinearRing>
              <coordinates>
                -55.7170583005616,-26.1782949998275,0
                -55.7174700003464,-26.179265000504,0
                -55.7183520996949,-26.1791866999037,0
                -55.7179012000269,-26.1781032997057,0
                -55.7170583005616,-26.1782949998275,0
              </coordinates>
            </LinearRing>
          </outerBoundaryIs>
        </Polygon>
      </Placemark>
      <Placemark id="Lote_A.5">
        <ExtendedData>
          <SchemaData schemaUrl="#Lote_A.schema">
            <SimpleData name="Cédula">7140896.00000000000</SimpleData>
            <SimpleData name="Nombres_y_">PASTORA BRIZUELA MARTINEZ</SimpleData>
            <SimpleData name="Sexo">Mujer</SimpleData>
            <SimpleData name="Cambio_de_">NO</SimpleData>
            <SimpleData name="Titular_se">NO</SimpleData>
            <SimpleData name="ci_UNIF">7140896.00000000000</SimpleData>
            <SimpleData name="Situación">NO</SimpleData>
            <SimpleData name="Comunidad">Ind?gena</SimpleData>
            <SimpleData name="Modelo_imp">Modelo 3</SimpleData>
            <SimpleData name="Departamen">ITAPUA</SimpleData>
            <SimpleData name="Distrito">ALTO VERA</SimpleData>
            <SimpleData name="Localidad">COM INDIG MBERU - PIRAPO I</SimpleData>
            <SimpleData name="Teléfono">0983175328</SimpleData>
            <SimpleData name="Vivienda_L">-26.70550670000</SimpleData>
            <SimpleData name="Vivienda_1">-55.65821640000</SimpleData>
            <SimpleData name="Superficie">1.00000000000</SimpleData>
            <SimpleData name="Situaci_1">Par?metro</SimpleData>
            <SimpleData name="Plantado">SI</SimpleData>
            <SimpleData name="Plantado_f">2025/11/06</SimpleData>
            <SimpleData name="Jornales">0.00000000000</SimpleData>
            <SimpleData name="Monto">0.00000000000</SimpleData>
            <SimpleData name="Grupo_de_p">A-P2</SimpleData>
            <SimpleData name="Estado_del">Activo</SimpleData>
            <SimpleData name="Empresa">Red Forestal Paraguay SA</SimpleData>
            <SimpleData name="Lote">A</SimpleData>
            <SimpleData name="Parametro">1.00000000000</SimpleData>
            <SimpleData name="Sup_Sig">1.05863049034</SimpleData>
            <SimpleData name="Situacion">Cumple</SimpleData>
            <SimpleData name="X">-55.64790947000</SimpleData>
            <SimpleData name="Y">-26.69331909000</SimpleData>
            <SimpleData name="Shape_Leng">422.44525667100</SimpleData>
            <SimpleData name="Shape_Area">10586.30490340000</SimpleData>
          </SchemaData>
        </ExtendedData>
        <Polygon>
          <outerBoundaryIs>
            <LinearRing>
              <coordinates>
                -55.6472802084749,-26.6934067891315,0
                -55.6480818214826,-26.6940562621363,0
                -55.6480989025505,-26.6940701014199,0
                -55.6481261817463,-26.6940159859849,0
                -55.6485136431492,-26.6932465572702,0
                -55.648494821508,-26.6932289640914,0
                -55.6479119528482,-26.6926841398124,0
                -55.6477739044238,-26.6925551015739,0
                -55.6477705845525,-26.6925608294846,0
                -55.6472802084749,-26.6934067891315,0
              </coordinates>
            </LinearRing>
          </outerBoundaryIs>
        </Polygon>
      </Placemark>
      <Placemark id="Lote_A.6">
        <ExtendedData>
          <SchemaData schemaUrl="#Lote_A.schema">
            <SimpleData name="Cédula">3362661.00000000000</SimpleData>
            <SimpleData name="Nombres_y_">ROBER DUARTE BENITEZ</SimpleData>
            <SimpleData name="Sexo">Hombre</SimpleData>
            <SimpleData name="Cambio_de_">NO</SimpleData>
            <SimpleData name="Titular_se">NO</SimpleData>
            <SimpleData name="ci_UNIF">3362661.00000000000</SimpleData>
            <SimpleData name="Situación">NO</SimpleData>
            <SimpleData name="Comunidad">Campesina</SimpleData>
            <SimpleData name="Modelo_imp">Modelo 1</SimpleData>
            <SimpleData name="Departamen">CAAZAPA</SimpleData>
            <SimpleData name="Distrito">TAVA?</SimpleData>
            <SimpleData name="Localidad">ENRAMADITA</SimpleData>
            <SimpleData name="Teléfono">0982920420</SimpleData>
            <SimpleData name="Vivienda_L">-26.17109250000</SimpleData>
            <SimpleData name="Vivienda_1">-55.67880070000</SimpleData>
            <SimpleData name="Superficie">0.80000000000</SimpleData>
            <SimpleData name="Situaci_1">Pol?gono</SimpleData>
            <SimpleData name="Plantado">SI</SimpleData>
            <SimpleData name="Plantado_f">2025/09/26</SimpleData>
            <SimpleData name="Jornales">0.00000000000</SimpleData>
            <SimpleData name="Monto">0.00000000000</SimpleData>
            <SimpleData name="Grupo_de_p">A-P1</SimpleData>
            <SimpleData name="Estado_del">Activo</SimpleData>
            <SimpleData name="Empresa">Red Forestal Paraguay SA</SimpleData>
            <SimpleData name="Lote">A</SimpleData>
            <SimpleData name="Parametro">0.80000000000</SimpleData>
            <SimpleData name="Sup_Sig">0.86412536734</SimpleData>
            <SimpleData name="Situacion">Cumple</SimpleData>
            <SimpleData name="X">-55.66161584000</SimpleData>
            <SimpleData name="Y">-26.19057009000</SimpleData>
            <SimpleData name="Shape_Leng">471.58253112300</SimpleData>
            <SimpleData name="Shape_Area">8641.25367335000</SimpleData>
          </SchemaData>
        </ExtendedData>
        <Polygon>
          <outerBoundaryIs>
            <LinearRing>
              <coordinates>
                -55.6621666002116,-26.1911100004059,0
                -55.6623850002219,-26.1911132997018,0
                -55.6623916996876,-26.1906350003946,0
                -55.6606850005094,-26.1899667001708,0
                -55.6607613998337,-26.1901500003352,0
                -55.6607250002436,-26.1903466999067,0
                -55.6621666002116,-26.1911100004059,0
              </coordinates>
            </LinearRing>
          </outerBoundaryIs>
        </Polygon>
      </Placemark>
      <Placemark id="Lote_A.7">
        <ExtendedData>
          <SchemaData schemaUrl="#Lote_A.schema">
            <SimpleData name="Cédula">3932773.00000000000</SimpleData>
            <SimpleData name="Nombres_y_">MARIA INES BRITOS VERGARA</SimpleData>
            <SimpleData name="Sexo">Mujer</SimpleData>
            <SimpleData name="Cambio_de_">NO</SimpleData>
            <SimpleData name="Titular_se">NO</SimpleData>
            <SimpleData name="ci_UNIF">3932773.00000000000</SimpleData>
            <SimpleData name="Situación">NO</SimpleData>
            <SimpleData name="Comunidad">Campesina</SimpleData>
            <SimpleData name="Modelo_imp">Modelo 1</SimpleData>
            <SimpleData name="Departamen">CAAZAPA</SimpleData>
            <SimpleData name="Distrito">TAVA?</SimpleData>
            <SimpleData name="Localidad">TORO BLANCO</SimpleData>
            <SimpleData name="Teléfono">0985693362</SimpleData>
            <SimpleData name="Vivienda_L">-26.25541330000</SimpleData>
            <SimpleData name="Vivienda_1">-55.70289860000</SimpleData>
            <SimpleData name="Superficie">0.80000000000</SimpleData>
            <SimpleData name="Situaci_1">Par?metro</SimpleData>
            <SimpleData name="Plantado">SI</SimpleData>
            <SimpleData name="Plantado_f">2026/01/15</SimpleData>
            <SimpleData name="Jornales">0.00000000000</SimpleData>
            <SimpleData name="Monto">0.00000000000</SimpleData>
            <SimpleData name="Grupo_de_p">A-P2</SimpleData>
            <SimpleData name="Estado_del">Activo</SimpleData>
            <SimpleData name="Empresa">Red Forestal Paraguay SA</SimpleData>
            <SimpleData name="Lote">A</SimpleData>
            <SimpleData name="Parametro">0.80000000000</SimpleData>
            <SimpleData name="Sup_Sig">0.90531378256</SimpleData>
            <SimpleData name="Situacion">Cumple</SimpleData>
            <SimpleData name="X">-55.70530114000</SimpleData>
            <SimpleData name="Y">-26.24992549000</SimpleData>
            <SimpleData name="Shape_Leng">509.84663193200</SimpleData>
            <SimpleData name="Shape_Area">9053.13782555000</SimpleData>
          </SchemaData>
        </ExtendedData>
        <Polygon>
          <outerBoundaryIs>
            <LinearRing>
              <coordinates>
                -55.7042008000922,-26.2498344997762,0
                -55.7042567005035,-26.2501983006137,0
                -55.7063116994272,-26.2500467007185,0
                -55.7063649997353,-26.2496350011793,0
                -55.7042008000922,-26.2498344997762,0
              </coordinates>
            </LinearRing>
          </outerBoundaryIs>
        </Polygon>
      </Placemark>
      <Placemark id="Lote_A.8">
        <ExtendedData>
          <SchemaData schemaUrl="#Lote_A.schema">
            <SimpleData name="Cédula">6755041.00000000000</SimpleData>
            <SimpleData name="Nombres_y_">ADY MARISA ARAUJO VERA</SimpleData>
            <SimpleData name="Sexo">Mujer</SimpleData>
            <SimpleData name="Cambio_de_">NO</SimpleData>
            <SimpleData name="Titular_se">NO</SimpleData>
            <SimpleData name="ci_UNIF">6755041.00000000000</SimpleData>
            <SimpleData name="Situación">NO</SimpleData>
            <SimpleData name="Comunidad">Campesina</SimpleData>
            <SimpleData name="Modelo_imp">Modelo 1</SimpleData>
            <SimpleData name="Departamen">CAAZAPA</SimpleData>
            <SimpleData name="Distrito">TAVA?</SimpleData>
            <SimpleData name="Localidad"><![CDATA[VALLE'I]]></SimpleData>
            <SimpleData name="Teléfono">0984105923</SimpleData>
            <SimpleData name="Vivienda_L">-26.24935150000</SimpleData>
            <SimpleData name="Vivienda_1">-55.64991680000</SimpleData>
            <SimpleData name="Superficie">0.90000000000</SimpleData>
            <SimpleData name="Situaci_1">Pol?gono</SimpleData>
            <SimpleData name="Plantado">SI</SimpleData>
            <SimpleData name="Plantado_f">2025/09/27</SimpleData>
            <SimpleData name="Jornales">0.00000000000</SimpleData>
            <SimpleData name="Monto">0.00000000000</SimpleData>
            <SimpleData name="Grupo_de_p">A-P1</SimpleData>
            <SimpleData name="Estado_del">Activo</SimpleData>
            <SimpleData name="Empresa">Red Forestal Paraguay SA</SimpleData>
            <SimpleData name="Lote">A</SimpleData>
            <SimpleData name="Parametro">0.80000000000</SimpleData>
            <SimpleData name="Sup_Sig">0.99305770919</SimpleData>
            <SimpleData name="Situacion">Cumple</SimpleData>
            <SimpleData name="X">-55.65323697000</SimpleData>
            <SimpleData name="Y">-26.24819454000</SimpleData>
            <SimpleData name="Shape_Leng">569.44964198500</SimpleData>
            <SimpleData name="Shape_Area">9930.57709192000</SimpleData>
          </SchemaData>
        </ExtendedData>
        <Polygon>
          <outerBoundaryIs>
            <LinearRing>
              <coordinates>
                -55.6523252996107,-26.2480966000381,0
                -55.6522833002461,-26.2483467000914,0
                -55.6527799998062,-26.2484298004086,0
                -55.6530586000939,-26.2482369998727,0
                -55.6538145995725,-26.2483651004215,0
                -55.6537598004385,-26.2487850001243,0
                -55.6540284003207,-26.2488266005112,0
                -55.6542067004256,-26.2481067001545,0
                -55.6523899002701,-26.2477604005255,0
                -55.6523252996107,-26.2480966000381,0
              </coordinates>
            </LinearRing>
          </outerBoundaryIs>
        </Polygon>
      </Placemark>
      <Placemark id="Lote_A.9">
        <ExtendedData>
          <SchemaData schemaUrl="#Lote_A.schema">
            <SimpleData name="Cédula">5401951.00000000000</SimpleData>
            <SimpleData name="Nombres_y_">SAMUEL  GAMARRA RAMIREZ</SimpleData>
            <SimpleData name="Sexo">Hombre</SimpleData>
            <SimpleData name="Cambio_de_">NO</SimpleData>
            <SimpleData name="Titular_se">NO</SimpleData>
            <SimpleData name="ci_UNIF">5401951.00000000000</SimpleData>
            <SimpleData name="Situación">NO</SimpleData>
            <SimpleData name="Comunidad">Campesina</SimpleData>
            <SimpleData name="Modelo_imp">Modelo 1</SimpleData>
            <SimpleData name="Departamen">CAAZAPA</SimpleData>
            <SimpleData name="Distrito">TAVA?</SimpleData>
            <SimpleData name="Localidad">YVY ATY</SimpleData>
            <SimpleData name="Teléfono">984313056</SimpleData>
            <SimpleData name="Vivienda_L">-26.17285080000</SimpleData>
            <SimpleData name="Vivienda_1">-55.58648170000</SimpleData>
            <SimpleData name="Superficie">0.80000000000</SimpleData>
            <SimpleData name="Situaci_1">Pol?gono</SimpleData>
            <SimpleData name="Plantado">SI</SimpleData>
            <SimpleData name="Plantado_f">2025/10/27</SimpleData>
            <SimpleData name="Jornales">0.00000000000</SimpleData>
            <SimpleData name="Monto">0.00000000000</SimpleData>
            <SimpleData name="Grupo_de_p">A-P1</SimpleData>
            <SimpleData name="Estado_del">Activo</SimpleData>
            <SimpleData name="Empresa">Red Forestal Paraguay SA</SimpleData>
            <SimpleData name="Lote">A</SimpleData>
            <SimpleData name="Parametro">0.80000000000</SimpleData>
            <SimpleData name="Sup_Sig">0.99460078298</SimpleData>
            <SimpleData name="Situacion">Cumple</SimpleData>
            <SimpleData name="X">-55.58744352000</SimpleData>
            <SimpleData name="Y">-26.16909668000</SimpleData>
            <SimpleData name="Shape_Leng">402.85869510600</SimpleData>
            <SimpleData name="Shape_Area">9946.00782980000</SimpleData>
          </SchemaData>
        </ExtendedData>
        <Polygon>
          <outerBoundaryIs>
            <LinearRing>
              <coordinates>
                -55.5871233003532,-26.1696616996806,0
                -55.587834999465,-26.1696882997032,0
                -55.5878466996253,-26.1686466996557,0
                -55.5876399996101,-26.1684949998232,0
                -55.5870367000882,-26.1685833003137,0
                -55.5870599994367,-26.1687500000949,0
                -55.5869650002325,-26.1687682998238,0
                -55.5871233003532,-26.1696616996806,0
              </coordinates>
            </LinearRing>
          </outerBoundaryIs>
        </Polygon>
      </Placemark>
      <Placemark id="Lote_A.10">
        <ExtendedData>
          <SchemaData schemaUrl="#Lote_A.schema">
            <SimpleData name="Cédula">4806462.00000000000</SimpleData>
            <SimpleData name="Nombres_y_">BLANCA SUNILDA FERNANDEZ VILLALBA</SimpleData>
            <SimpleData name="Sexo">Mujer</SimpleData>
            <SimpleData name="Cambio_de_">NO</SimpleData>
            <SimpleData name="Titular_se">NO</SimpleData>
            <SimpleData name="ci_UNIF">4806462.00000000000</SimpleData>
            <SimpleData name="Situación">NO</SimpleData>
            <SimpleData name="Comunidad">Campesina</SimpleData>
            <SimpleData name="Modelo_imp">Modelo 1</SimpleData>
            <SimpleData name="Departamen">CAAZAPA</SimpleData>
            <SimpleData name="Distrito">TAVA?</SimpleData>
            <SimpleData name="Localidad">TORANZO 2</SimpleData>
            <SimpleData name="Teléfono">0985315608</SimpleData>
            <SimpleData name="Vivienda_L">-26.15758240000</SimpleData>
            <SimpleData name="Vivienda_1">-55.42213630000</SimpleData>
            <SimpleData name="Superficie">0.80000000000</SimpleData>
            <SimpleData name="Situaci_1">Pol?gono</SimpleData>
            <SimpleData name="Plantado">SI</SimpleData>
            <SimpleData name="Plantado_f">2025/11/06</SimpleData>
            <SimpleData name="Jornales">0.00000000000</SimpleData>
            <SimpleData name="Monto">0.00000000000</SimpleData>
            <SimpleData name="Grupo_de_p">A-P1</SimpleData>
            <SimpleData name="Estado_del">Activo</SimpleData>
            <SimpleData name="Empresa">Red Forestal Paraguay SA</SimpleData>
            <SimpleData name="Lote">A</SimpleData>
            <SimpleData name="Parametro">0.80000000000</SimpleData>
            <SimpleData name="Sup_Sig">0.81638141750</SimpleData>
            <SimpleData name="Situacion">Cumple</SimpleData>
            <SimpleData name="X">-55.42147173000</SimpleData>
            <SimpleData name="Y">-26.15992314000</SimpleData>
            <SimpleData name="Shape_Leng">372.59307224400</SimpleData>
            <SimpleData name="Shape_Area">8163.81417497000</SimpleData>
          </SchemaData>
        </ExtendedData>
        <Polygon>
          <outerBoundaryIs>
            <LinearRing>
              <coordinates>
                -55.4210819994664,-26.1604041994739,0
                -55.4218033004404,-26.1604737998128,0
                -55.4218475996033,-26.1594430003976,0
                -55.4211596005356,-26.1593563000878,0
                -55.4210819994664,-26.1604041994739,0
              </coordinates>
            </LinearRing>
          </outerBoundaryIs>
        </Polygon>
      </Placemark>
      <Placemark id="Lote_A.11">
        <ExtendedData>
          <SchemaData schemaUrl="#Lote_A.schema">
            <SimpleData name="Cédula">6355091.00000000000</SimpleData>
            <SimpleData name="Nombres_y_">NELSI GABRIELA DUARTE AREVALOS</SimpleData>
            <SimpleData name="Sexo">Mujer</SimpleData>
            <SimpleData name="Cambio_de_">NO</SimpleData>
            <SimpleData name="Titular_se">NO</SimpleData>
            <SimpleData name="ci_UNIF">6355091.00000000000</SimpleData>
            <SimpleData name="Situación">NO</SimpleData>
            <SimpleData name="Comunidad">Campesina</SimpleData>
            <SimpleData name="Modelo_imp">Modelo 5</SimpleData>
            <SimpleData name="Departamen">CAAZAPA</SimpleData>
            <SimpleData name="Distrito">TAVA?</SimpleData>
            <SimpleData name="Localidad">TORO BLANCO</SimpleData>
            <SimpleData name="Teléfono">0982962327</SimpleData>
            <SimpleData name="Vivienda_L">-26.24279400000</SimpleData>
            <SimpleData name="Vivienda_1">-55.69301130000</SimpleData>
            <SimpleData name="Superficie">0.70000000000</SimpleData>
            <SimpleData name="Situaci_1">Pol?gono</SimpleData>
            <SimpleData name="Plantado">SI</SimpleData>
            <SimpleData name="Plantado_f">2025/10/12</SimpleData>
            <SimpleData name="Jornales">0.00000000000</SimpleData>
            <SimpleData name="Monto">0.00000000000</SimpleData>
            <SimpleData name="Grupo_de_p">A-P2</SimpleData>
            <SimpleData name="Estado_del">Activo</SimpleData>
            <SimpleData name="Empresa">Red Forestal Paraguay SA</SimpleData>
            <SimpleData name="Lote">A</SimpleData>
            <SimpleData name="Parametro">0.70000000000</SimpleData>
            <SimpleData name="Sup_Sig">0.77324420731</SimpleData>
            <SimpleData name="Situacion">Cumple</SimpleData>
            <SimpleData name="X">-55.69372055000</SimpleData>
            <SimpleData name="Y">-26.24290897000</SimpleData>
            <SimpleData name="Shape_Leng">486.27586080500</SimpleData>
            <SimpleData name="Shape_Area">7732.44207312000</SimpleData>
          </SchemaData>
        </ExtendedData>
        <MultiGeometry>
          <Polygon>
            <outerBoundaryIs>
              <LinearRing>
                <coordinates>
                  -55.6931517004714,-26.2434150000878,0
                  -55.6932312000579,-26.2433269001376,0
                  -55.6928833001415,-26.2429314996517,0
                  -55.6928063004079,-26.2430042996431,0
                  -55.6931517004714,-26.2434150000878,0
                </coordinates>
              </LinearRing>
            </outerBoundaryIs>
          </Polygon>
          <Polygon>
            <outerBoundaryIs>
              <LinearRing>
                <coordinates>
                  -55.6934332997841,-26.2433982999697,0
                  -55.6936600001101,-26.2433650002582,0
                  -55.6938883000273,-26.2432066996777,0
                  -55.6942817001731,-26.2427967003679,0
                  -55.6944299996367,-26.2424217001583,0
                  -55.6934582998247,-26.2426033001175,0
                  -55.6932850004013,-26.243038300198,0
                  -55.6933150004239,-26.2432183002928,0
                  -55.6933883005588,-26.2433267003962,0
                  -55.6934332997841,-26.2433982999697,0
                </coordinates>
              </LinearRing>
            </outerBoundaryIs>
          </Polygon>
        </MultiGeometry>
      </Placemark>
      <Placemark id="Lote_A.12">
        <ExtendedData>
          <SchemaData schemaUrl="#Lote_A.schema">
            <SimpleData name="Cédula">5600376.00000000000</SimpleData>
            <SimpleData name="Nombres_y_">GUIDO AUGUSTO CASCO</SimpleData>
            <SimpleData name="Sexo">Hombre</SimpleData>
            <SimpleData name="Cambio_de_">NO</SimpleData>
            <SimpleData name="Titular_se">NO</SimpleData>
            <SimpleData name="ci_UNIF">5600376.00000000000</SimpleData>
            <SimpleData name="Situación">NO</SimpleData>
            <SimpleData name="Comunidad">Campesina</SimpleData>
            <SimpleData name="Modelo_imp">Modelo 1</SimpleData>
            <SimpleData name="Departamen">CAAZAPA</SimpleData>
            <SimpleData name="Distrito">TAVA?</SimpleData>
            <SimpleData name="Localidad">8 DE DICIEMBRE</SimpleData>
            <SimpleData name="Teléfono">0981686765</SimpleData>
            <SimpleData name="Vivienda_L">-26.16630050000</SimpleData>
            <SimpleData name="Vivienda_1">-55.48190860000</SimpleData>
            <SimpleData name="Superficie">0.80000000000</SimpleData>
            <SimpleData name="Situaci_1">Pol?gono</SimpleData>
            <SimpleData name="Plantado">SI</SimpleData>
            <SimpleData name="Plantado_f">2025/11/06</SimpleData>
            <SimpleData name="Jornales">0.00000000000</SimpleData>
            <SimpleData name="Monto">0.00000000000</SimpleData>
            <SimpleData name="Grupo_de_p">A-P1</SimpleData>
            <SimpleData name="Estado_del">Activo</SimpleData>
            <SimpleData name="Empresa">Red Forestal Paraguay SA</SimpleData>
            <SimpleData name="Lote">A</SimpleData>
            <SimpleData name="Parametro">0.80000000000</SimpleData>
            <SimpleData name="Sup_Sig">0.80767991268</SimpleData>
            <SimpleData name="Situacion">Cumple</SimpleData>
            <SimpleData name="X">-55.50629911000</SimpleData>
            <SimpleData name="Y">-26.16470898000</SimpleData>
            <SimpleData name="Shape_Leng">363.15331141700</SimpleData>
            <SimpleData name="Shape_Area">8076.79912678000</SimpleData>
          </SchemaData>
        </ExtendedData>
        <Polygon>
          <outerBoundaryIs>
            <LinearRing>
              <coordinates>
                -55.5057094006385,-26.1643784003977,0
                -55.5059023004084,-26.165092100152,0
                -55.5068687000647,-26.1650677999402,0
                -55.506698000231,-26.1643070007929,0
                -55.5057094006385,-26.1643784003977,0
              </coordinates>
            </LinearRing>
          </outerBoundaryIs>
        </Polygon>
      </Placemark>
      <Placemark id="Lote_A.13">
        <ExtendedData>
          <SchemaData schemaUrl="#Lote_A.schema">
            <SimpleData name="Cédula">8069116.00000000000</SimpleData>
            <SimpleData name="Nombres_y_">AURELIANA MARTINEZ FRANCO</SimpleData>
            <SimpleData name="Sexo">Mujer</SimpleData>
            <SimpleData name="Cambio_de_">NO</SimpleData>
            <SimpleData name="Titular_se">NO</SimpleData>
            <SimpleData name="ci_UNIF">8069116.00000000000</SimpleData>
            <SimpleData name="Situación">NO</SimpleData>
            <SimpleData name="Comunidad">Ind?gena</SimpleData>
            <SimpleData name="Modelo_imp">Modelo 3</SimpleData>
            <SimpleData name="Departamen">ITAPUA</SimpleData>
            <SimpleData name="Distrito">ALTO VERA</SimpleData>
            <SimpleData name="Localidad">COM INDIG MBERU - PIRAPO I</SimpleData>
            <SimpleData name="Teléfono">ND</SimpleData>
            <SimpleData name="Vivienda_L">-26.70951620000</SimpleData>
            <SimpleData name="Vivienda_1">-55.65278880000</SimpleData>
            <SimpleData name="Superficie">1.00000000000</SimpleData>
            <SimpleData name="Situaci_1">Pol?gono</SimpleData>
            <SimpleData name="Plantado">SI</SimpleData>
            <SimpleData name="Plantado_f">2025/11/06</SimpleData>
            <SimpleData name="Jornales">0.00000000000</SimpleData>
            <SimpleData name="Monto">0.00000000000</SimpleData>
            <SimpleData name="Grupo_de_p">A-P2</SimpleData>
            <SimpleData name="Estado_del">Activo</SimpleData>
            <SimpleData name="Empresa">Red Forestal Paraguay SA</SimpleData>
            <SimpleData name="Lote">A</SimpleData>
            <SimpleData name="Parametro">1.00000000000</SimpleData>
            <SimpleData name="Sup_Sig">1.00614299378</SimpleData>
            <SimpleData name="Situacion">Cumple</SimpleData>
            <SimpleData name="X">-55.64930241000</SimpleData>
            <SimpleData name="Y">-26.69275813000</SimpleData>
            <SimpleData name="Shape_Leng">420.86498783400</SimpleData>
            <SimpleData name="Shape_Area">10061.42993780000</SimpleData>
          </SchemaData>
        </ExtendedData>
        <Polygon>
          <outerBoundaryIs>
            <LinearRing>
              <coordinates>
                -55.6487483004962,-26.6928900000398,0
                -55.6493331997438,-26.6935651998484,0
                -55.6498796995818,-26.6925856000019,0
                -55.6492217002392,-26.6919817002076,0
                -55.6487483004962,-26.6928900000398,0
              </coordinates>
            </LinearRing>
          </outerBoundaryIs>
        </Polygon>
      </Placemark>
      <Placemark id="Lote_A.14">
        <ExtendedData>
          <SchemaData schemaUrl="#Lote_A.schema">
            <SimpleData name="Cédula">7047004.00000000000</SimpleData>
            <SimpleData name="Nombres_y_">MARIA MAGDALENA ROJAS DEVALLE</SimpleData>
            <SimpleData name="Sexo">Mujer</SimpleData>
            <SimpleData name="Cambio_de_">NO</SimpleData>
            <SimpleData name="Titular_se">NO</SimpleData>
            <SimpleData name="ci_UNIF">7047004.00000000000</SimpleData>
            <SimpleData name="Situación">NO</SimpleData>
            <SimpleData name="Comunidad">Campesina</SimpleData>
            <SimpleData name="Modelo_imp">Modelo 1</SimpleData>
            <SimpleData name="Departamen">CAAZAPA</SimpleData>
            <SimpleData name="Distrito">TAVA?</SimpleData>
            <SimpleData name="Localidad">ITA ANGUA</SimpleData>
            <SimpleData name="Teléfono">0983067017</SimpleData>
            <SimpleData name="Vivienda_L">-26.17561110000</SimpleData>
            <SimpleData name="Vivienda_1">-55.56285020000</SimpleData>
            <SimpleData name="Superficie">0.80000000000</SimpleData>
            <SimpleData name="Situaci_1">Pol?gono</SimpleData>
            <SimpleData name="Plantado">SI</SimpleData>
            <SimpleData name="Plantado_f">2025/10/27</SimpleData>
            <SimpleData name="Jornales">0.00000000000</SimpleData>
            <SimpleData name="Monto">0.00000000000</SimpleData>
            <SimpleData name="Grupo_de_p">A-P1</SimpleData>
            <SimpleData name="Estado_del">Activo</SimpleData>
            <SimpleData name="Empresa">Red Forestal Paraguay SA</SimpleData>
            <SimpleData name="Lote">A</SimpleData>
            <SimpleData name="Parametro">0.80000000000</SimpleData>
            <SimpleData name="Sup_Sig">0.79984188578</SimpleData>
            <SimpleData name="Situacion">Cumple</SimpleData>
            <SimpleData name="X">-55.55958143000</SimpleData>
            <SimpleData name="Y">-26.16412751000</SimpleData>
            <SimpleData name="Shape_Leng">419.03973362800</SimpleData>
            <SimpleData name="Shape_Area">7998.41885784000</SimpleData>
          </SchemaData>
        </ExtendedData>
        <Polygon>
          <outerBoundaryIs>
            <LinearRing>
              <coordinates>
                -55.5589507000743,-26.1641757003214,0
                -55.5590909995976,-26.1646651997605,0
                -55.5597406002594,-26.1644965996531,0
                -55.5597201999117,-26.1643513000573,0
                -55.5599650001729,-26.1642692000181,0
                -55.5599234003027,-26.164073999719,0
                -55.560243200455,-26.1640059998623,0
                -55.5601185000535,-26.1635996003382,0
                -55.5593455001983,-26.1637978998121,0
                -55.5593883003681,-26.1640085003171,0
                -55.5589507000743,-26.1641757003214,0
              </coordinates>
            </LinearRing>
          </outerBoundaryIs>
        </Polygon>
      </Placemark>
      <Placemark id="Lote_A.15">
        <ExtendedData>
          <SchemaData schemaUrl="#Lote_A.schema">
            <SimpleData name="Cédula">6766560.00000000000</SimpleData>
            <SimpleData name="Nombres_y_">RAMONA QUINTANA BOGADO</SimpleData>
            <SimpleData name="Sexo">Mujer</SimpleData>
            <SimpleData name="Cambio_de_">NO</SimpleData>
            <SimpleData name="Titular_se">NO</SimpleData>
            <SimpleData name="ci_UNIF">6766560.00000000000</SimpleData>
            <SimpleData name="Situación">NO</SimpleData>
            <SimpleData name="Comunidad">Ind?gena</SimpleData>
            <SimpleData name="Modelo_imp">Modelo 3</SimpleData>
            <SimpleData name="Departamen">ITAPUA</SimpleData>
            <SimpleData name="Distrito">ALTO VERA</SimpleData>
            <SimpleData name="Localidad">COM INDIG MBERU - PIRAPO I</SimpleData>
            <SimpleData name="Teléfono">0983368446</SimpleData>
            <SimpleData name="Vivienda_L">-26.70395770000</SimpleData>
            <SimpleData name="Vivienda_1">-55.65703930000</SimpleData>
            <SimpleData name="Superficie">1.00000000000</SimpleData>
            <SimpleData name="Situaci_1">Par?metro</SimpleData>
            <SimpleData name="Plantado">SI</SimpleData>
            <SimpleData name="Plantado_f">2025/11/06</SimpleData>
            <SimpleData name="Jornales">0.00000000000</SimpleData>
            <SimpleData name="Monto">0.00000000000</SimpleData>
            <SimpleData name="Grupo_de_p">A-P2</SimpleData>
            <SimpleData name="Estado_del">Activo</SimpleData>
            <SimpleData name="Empresa">Red Forestal Paraguay SA</SimpleData>
            <SimpleData name="Lote">A</SimpleData>
            <SimpleData name="Parametro">1.00000000000</SimpleData>
            <SimpleData name="Sup_Sig">1.22542254467</SimpleData>
            <SimpleData name="Situacion">Cumple</SimpleData>
            <SimpleData name="X">-55.65079446000</SimpleData>
            <SimpleData name="Y">-26.69483384000</SimpleData>
            <SimpleData name="Shape_Leng">452.15802250000</SimpleData>
            <SimpleData name="Shape_Area">12254.22544670000</SimpleData>
          </SchemaData>
        </ExtendedData>
        <Polygon>
          <outerBoundaryIs>
            <LinearRing>
              <coordinates>
                -55.6508830233847,-26.6942349900408,0
                -55.6507203837034,-26.6941650594009,0
                -55.6500939997983,-26.6948043999355,0
                -55.6507200000581,-26.6956700000993,0
                -55.6515667004863,-26.6945729998561,0
                -55.6508830233847,-26.6942349900408,0
              </coordinates>
            </LinearRing>
          </outerBoundaryIs>
        </Polygon>
      </Placemark>
      <Placemark id="Lote_A.16">
        <ExtendedData>
          <SchemaData schemaUrl="#Lote_A.schema">
            <SimpleData name="Cédula">7201809.00000000000</SimpleData>
            <SimpleData name="Nombres_y_">REINALDO RIVAS BAEZ</SimpleData>
            <SimpleData name="Sexo">Hombre</SimpleData>
            <SimpleData name="Cambio_de_">NO</SimpleData>
            <SimpleData name="Titular_se">NO</SimpleData>
            <SimpleData name="ci_UNIF">7201809.00000000000</SimpleData>
            <SimpleData name="Situación">NO</SimpleData>
            <SimpleData name="Comunidad">Campesina</SimpleData>
            <SimpleData name="Modelo_imp">Modelo 5</SimpleData>
            <SimpleData name="Departamen">CAAZAPA</SimpleData>
            <SimpleData name="Distrito">TAVA?</SimpleData>
            <SimpleData name="Localidad">VIRGEN DEL CARMEN</SimpleData>
            <SimpleData name="Teléfono">0985663293</SimpleData>
            <SimpleData name="Vivienda_L">-26.23357470000</SimpleData>
            <SimpleData name="Vivienda_1">-55.67091680000</SimpleData>
            <SimpleData name="Superficie">0.70000000000</SimpleData>
            <SimpleData name="Situaci_1">Pol?gono</SimpleData>
            <SimpleData name="Plantado">SI</SimpleData>
            <SimpleData name="Plantado_f">2025/10/01</SimpleData>
            <SimpleData name="Jornales">0.00000000000</SimpleData>
            <SimpleData name="Monto">0.00000000000</SimpleData>
            <SimpleData name="Grupo_de_p">A-P2</SimpleData>
            <SimpleData name="Estado_del">Activo</SimpleData>
            <SimpleData name="Empresa">Red Forestal Paraguay SA</SimpleData>
            <SimpleData name="Lote">A</SimpleData>
            <SimpleData name="Parametro">0.70000000000</SimpleData>
            <SimpleData name="Sup_Sig">0.74394571542</SimpleData>
            <SimpleData name="Situacion">Cumple</SimpleData>
            <SimpleData name="X">-55.67063721000</SimpleData>
            <SimpleData name="Y">-26.23160987000</SimpleData>
            <SimpleData name="Shape_Leng">490.77696154000</SimpleData>
            <SimpleData name="Shape_Area">7439.45715422000</SimpleData>
          </SchemaData>
        </ExtendedData>
        <Polygon>
          <outerBoundaryIs>
            <LinearRing>
              <coordinates>
                -55.6704245996822,-26.2320412998938,0
                -55.6704292005385,-26.2322158001479,0
                -55.6711173000161,-26.2321657999402,0
                -55.6710897003713,-26.2317961003241,0
                -55.6707346999051,-26.2317201003431,0
                -55.6706141003305,-26.2311613997112,0
                -55.6710445005435,-26.2311371000963,0
                -55.6710294003539,-26.2309557000577,0
                -55.6702250999236,-26.2309969997415,0
                -55.6704006001273,-26.2320249997376,0
                -55.6704245996822,-26.2320412998938,0
              </coordinates>
            </LinearRing>
          </outerBoundaryIs>
        </Polygon>
      </Placemark>
      <Placemark id="Lote_A.17">
        <ExtendedData>
          <SchemaData schemaUrl="#Lote_A.schema">
            <SimpleData name="Cédula">2518994.00000000000</SimpleData>
            <SimpleData name="Nombres_y_">PABLO BENITEZ OTELA</SimpleData>
            <SimpleData name="Sexo">Hombre</SimpleData>
            <SimpleData name="Cambio_de_">NO</SimpleData>
            <SimpleData name="Titular_se">NO</SimpleData>
            <SimpleData name="ci_UNIF">2518994.00000000000</SimpleData>
            <SimpleData name="Situación">NO</SimpleData>
            <SimpleData name="Comunidad">Ind?gena</SimpleData>
            <SimpleData name="Modelo_imp">Modelo 3</SimpleData>
            <SimpleData name="Departamen">ITAPUA</SimpleData>
            <SimpleData name="Distrito">ALTO VERA</SimpleData>
            <SimpleData name="Localidad">COM INDIG MBERU - PIRAPO I</SimpleData>
            <SimpleData name="Teléfono">0986538356</SimpleData>
            <SimpleData name="Vivienda_L">-26.71038270000</SimpleData>
            <SimpleData name="Vivienda_1">-55.65273790000</SimpleData>
            <SimpleData name="Superficie">1.00000000000</SimpleData>
            <SimpleData name="Situaci_1">Par?metro</SimpleData>
            <SimpleData name="Plantado">SI</SimpleData>
            <SimpleData name="Plantado_f">2025/11/06</SimpleData>
            <SimpleData name="Jornales">0.00000000000</SimpleData>
            <SimpleData name="Monto">0.00000000000</SimpleData>
            <SimpleData name="Grupo_de_p">A-P2</SimpleData>
            <SimpleData name="Estado_del">Activo</SimpleData>
            <SimpleData name="Empresa">Red Forestal Paraguay SA</SimpleData>
            <SimpleData name="Lote">A</SimpleData>
            <SimpleData name="Parametro">1.00000000000</SimpleData>
            <SimpleData name="Sup_Sig">1.02824721414</SimpleData>
            <SimpleData name="Situacion">Cumple</SimpleData>
            <SimpleData name="X">-55.65165074000</SimpleData>
            <SimpleData name="Y">-26.69325264000</SimpleData>
            <SimpleData name="Shape_Leng">416.89968457500</SimpleData>
            <SimpleData name="Shape_Area">10282.47214140000</SimpleData>
          </SchemaData>
        </ExtendedData>
        <Polygon>
          <outerBoundaryIs>
            <LinearRing>
              <coordinates>
                -55.6510622829372,-26.6930910904025,0
                -55.6509832549075,-26.6932243561129,0
                -55.6518800000348,-26.6939517003617,0
                -55.6523200007052,-26.6933700003254,0
                -55.6514702005991,-26.6925182004695,0
                -55.6510622829372,-26.6930910904025,0
              </coordinates>
            </LinearRing>
          </outerBoundaryIs>
        </Polygon>
      </Placemark>
      <Placemark id="Lote_A.18">
        <ExtendedData>
          <SchemaData schemaUrl="#Lote_A.schema">
            <SimpleData name="Cédula">1387366.00000000000</SimpleData>
            <SimpleData name="Nombres_y_">JUSTO BOGADO</SimpleData>
            <SimpleData name="Sexo">Hombre</SimpleData>
            <SimpleData name="Cambio_de_">NO</SimpleData>
            <SimpleData name="Titular_se">NO</SimpleData>
            <SimpleData name="ci_UNIF">1387366.00000000000</SimpleData>
            <SimpleData name="Situación">NO</SimpleData>
            <SimpleData name="Comunidad">Campesina</SimpleData>
            <SimpleData name="Modelo_imp">Modelo 1</SimpleData>
            <SimpleData name="Departamen">CAAZAPA</SimpleData>
            <SimpleData name="Distrito">TAVA?</SimpleData>
            <SimpleData name="Localidad">SAN ROQUE</SimpleData>
            <SimpleData name="Teléfono">0986306712</SimpleData>
            <SimpleData name="Vivienda_L">-26.18697330000</SimpleData>
            <SimpleData name="Vivienda_1">-55.50196320000</SimpleData>
            <SimpleData name="Superficie">0.80000000000</SimpleData>
            <SimpleData name="Situaci_1">Pol?gono</SimpleData>
            <SimpleData name="Plantado">SI</SimpleData>
            <SimpleData name="Plantado_f">2025/11/10</SimpleData>
            <SimpleData name="Jornales">0.00000000000</SimpleData>
            <SimpleData name="Monto">0.00000000000</SimpleData>
            <SimpleData name="Grupo_de_p">A-P1</SimpleData>
            <SimpleData name="Estado_del">Activo</SimpleData>
            <SimpleData name="Empresa">Red Forestal Paraguay SA</SimpleData>
            <SimpleData name="Lote">A</SimpleData>
            <SimpleData name="Parametro">0.80000000000</SimpleData>
            <SimpleData name="Sup_Sig">0.85861721171</SimpleData>
            <SimpleData name="Situacion">Cumple</SimpleData>
            <SimpleData name="X">-55.50658462000</SimpleData>
            <SimpleData name="Y">-26.19409569000</SimpleData>
            <SimpleData name="Shape_Leng">417.31672583900</SimpleData>
            <SimpleData name="Shape_Area">8586.17211709000</SimpleData>
          </SchemaData>
        </ExtendedData>
        <Polygon>
          <outerBoundaryIs>
            <LinearRing>
              <coordinates>
                -55.5060525001075,-26.1936539006526,0
                -55.5061717009964,-26.1945201000321,0
                -55.507185800161,-26.1944434996908,0
                -55.5071136003076,-26.193793699619,0
                -55.5068145002485,-26.1938482994626,0
                -55.5067685007203,-26.1939968996228,0
                -55.5064817007812,-26.1935716995188,0
                -55.5060525001075,-26.1936539006526,0
              </coordinates>
            </LinearRing>
          </outerBoundaryIs>
        </Polygon>
      </Placemark>
      <Placemark id="Lote_A.19">
        <ExtendedData>
          <SchemaData schemaUrl="#Lote_A.schema">
            <SimpleData name="Cédula">4887607.00000000000</SimpleData>
            <SimpleData name="Nombres_y_">VIRGILIO DUARTE PEREIRA</SimpleData>
            <SimpleData name="Sexo">Hombre</SimpleData>
            <SimpleData name="Cambio_de_">NO</SimpleData>
            <SimpleData name="Titular_se">NO</SimpleData>
            <SimpleData name="ci_UNIF">4887607.00000000000</SimpleData>
            <SimpleData name="Situación">NO</SimpleData>
            <SimpleData name="Comunidad">Campesina</SimpleData>
            <SimpleData name="Modelo_imp">Modelo 1</SimpleData>
            <SimpleData name="Departamen">CAAZAPA</SimpleData>
            <SimpleData name="Distrito">TAVA?</SimpleData>
            <SimpleData name="Localidad">LAS MERCEDES</SimpleData>
            <SimpleData name="Teléfono">0982228858</SimpleData>
            <SimpleData name="Vivienda_L">-26.17330740000</SimpleData>
            <SimpleData name="Vivienda_1">-55.49053780000</SimpleData>
            <SimpleData name="Superficie">0.80000000000</SimpleData>
            <SimpleData name="Situaci_1">Pol?gono</SimpleData>
            <SimpleData name="Plantado">SI</SimpleData>
            <SimpleData name="Plantado_f">2025/11/05</SimpleData>
            <SimpleData name="Jornales">0.00000000000</SimpleData>
            <SimpleData name="Monto">0.00000000000</SimpleData>
            <SimpleData name="Grupo_de_p">A-P1</SimpleData>
            <SimpleData name="Estado_del">Activo</SimpleData>
            <SimpleData name="Empresa">Red Forestal Paraguay SA</SimpleData>
            <SimpleData name="Lote">A</SimpleData>
            <SimpleData name="Parametro">0.80000000000</SimpleData>
            <SimpleData name="Sup_Sig">0.80825054438</SimpleData>
            <SimpleData name="Situacion">Cumple</SimpleData>
            <SimpleData name="X">-55.48978602000</SimpleData>
            <SimpleData name="Y">-26.16854365000</SimpleData>
            <SimpleData name="Shape_Leng">388.43830130400</SimpleData>
            <SimpleData name="Shape_Area">8082.50544379000</SimpleData>
          </SchemaData>
        </ExtendedData>
        <Polygon>
          <outerBoundaryIs>
            <LinearRing>
              <coordinates>
                -55.4890052004545,-26.1688708000192,0
                -55.4896354996164,-26.1690045001805,0
                -55.4905576995092,-26.1683874993132,0
                -55.4900250003661,-26.1680069999403,0
                -55.4891894005777,-26.1686172996622,0
                -55.4890052004545,-26.1688708000192,0
              </coordinates>
            </LinearRing>
          </outerBoundaryIs>
        </Polygon>
      </Placemark>
      <Placemark id="Lote_A.20">
        <ExtendedData>
          <SchemaData schemaUrl="#Lote_A.schema">
            <SimpleData name="Cédula">4887586.00000000000</SimpleData>
            <SimpleData name="Nombres_y_">MARIO ANTONIO BOGADO VERA</SimpleData>
            <SimpleData name="Sexo">Hombre</SimpleData>
            <SimpleData name="Cambio_de_">NO</SimpleData>
            <SimpleData name="Titular_se">NO</SimpleData>
            <SimpleData name="ci_UNIF">4887586.00000000000</SimpleData>
            <SimpleData name="Situación">NO</SimpleData>
            <SimpleData name="Comunidad">Campesina</SimpleData>
            <SimpleData name="Modelo_imp">Modelo 1</SimpleData>
            <SimpleData name="Departamen">CAAZAPA</SimpleData>
            <SimpleData name="Distrito">TAVA?</SimpleData>
            <SimpleData name="Localidad">YVYTY KORA</SimpleData>
            <SimpleData name="Teléfono">0982767775</SimpleData>
            <SimpleData name="Vivienda_L">-26.16007130000</SimpleData>
            <SimpleData name="Vivienda_1">-55.50192120000</SimpleData>
            <SimpleData name="Superficie">0.90000000000</SimpleData>
            <SimpleData name="Situaci_1">Pol?gono</SimpleData>
            <SimpleData name="Plantado">SI</SimpleData>
            <SimpleData name="Plantado_f">2025/11/05</SimpleData>
            <SimpleData name="Jornales">0.00000000000</SimpleData>
            <SimpleData name="Monto">0.00000000000</SimpleData>
            <SimpleData name="Grupo_de_p">A-P1</SimpleData>
            <SimpleData name="Estado_del">Activo</SimpleData>
            <SimpleData name="Empresa">Red Forestal Paraguay SA</SimpleData>
            <SimpleData name="Lote">A</SimpleData>
            <SimpleData name="Parametro">0.80000000000</SimpleData>
            <SimpleData name="Sup_Sig">0.84234011820</SimpleData>
            <SimpleData name="Situacion">Cumple</SimpleData>
            <SimpleData name="X">-55.50363994000</SimpleData>
            <SimpleData name="Y">-26.16481397000</SimpleData>
            <SimpleData name="Shape_Leng">435.66022496700</SimpleData>
            <SimpleData name="Shape_Area">8423.40118204000</SimpleData>
          </SchemaData>
        </ExtendedData>
        <Polygon>
          <outerBoundaryIs>
            <LinearRing>
              <coordinates>
                -55.5030420009821,-26.1644487003971,0
                -55.503028300346,-26.1646350000966,0
                -55.5032193997644,-26.1646156004134,0
                -55.5032862005747,-26.1647613999303,0
                -55.5030186996846,-26.164753899655,0
                -55.5030214010045,-26.165125299913,0
                -55.5042494006461,-26.1651457003017,0
                -55.5042091000955,-26.1645080994745,0
                -55.5030420009821,-26.1644487003971,0
              </coordinates>
            </LinearRing>
          </outerBoundaryIs>
        </Polygon>
      </Placemark>
      <Placemark id="Lote_A.21">
        <ExtendedData>
          <SchemaData schemaUrl="#Lote_A.schema">
            <SimpleData name="Cédula">2918161.00000000000</SimpleData>
            <SimpleData name="Nombres_y_">PAULINA CARDOZO FERNANDEZ</SimpleData>
            <SimpleData name="Sexo">Mujer</SimpleData>
            <SimpleData name="Cambio_de_">NO</SimpleData>
            <SimpleData name="Titular_se">NO</SimpleData>
            <SimpleData name="ci_UNIF">2918161.00000000000</SimpleData>
            <SimpleData name="Situación">NO</SimpleData>
            <SimpleData name="Comunidad">Campesina</SimpleData>
            <SimpleData name="Modelo_imp">Modelo 6</SimpleData>
            <SimpleData name="Departamen">CAAZAPA</SimpleData>
            <SimpleData name="Distrito">TAVA?</SimpleData>
            <SimpleData name="Localidad">VIRGEN DEL CARMEN</SimpleData>
            <SimpleData name="Teléfono">0986147315</SimpleData>
            <SimpleData name="Vivienda_L">-26.23038160000</SimpleData>
            <SimpleData name="Vivienda_1">-55.68997080000</SimpleData>
            <SimpleData name="Superficie">0.90000000000</SimpleData>
            <SimpleData name="Situaci_1">Pol?gono</SimpleData>
            <SimpleData name="Plantado">SI</SimpleData>
            <SimpleData name="Plantado_f">2025/10/12</SimpleData>
            <SimpleData name="Jornales">0.00000000000</SimpleData>
            <SimpleData name="Monto">0.00000000000</SimpleData>
            <SimpleData name="Grupo_de_p">A-P1</SimpleData>
            <SimpleData name="Estado_del">Activo</SimpleData>
            <SimpleData name="Empresa">Red Forestal Paraguay SA</SimpleData>
            <SimpleData name="Lote">A</SimpleData>
            <SimpleData name="Parametro">0.90000000000</SimpleData>
            <SimpleData name="Sup_Sig">1.01741985867</SimpleData>
            <SimpleData name="Situacion">Cumple</SimpleData>
            <SimpleData name="X">-55.69164335000</SimpleData>
            <SimpleData name="Y">-26.23023057000</SimpleData>
            <SimpleData name="Shape_Leng">408.41173423800</SimpleData>
            <SimpleData name="Shape_Area">10174.19858670000</SimpleData>
          </SchemaData>
        </ExtendedData>
        <Polygon>
          <outerBoundaryIs>
            <LinearRing>
              <coordinates>
                -55.6912449996898,-26.22963169945,0
                -55.6911782999551,-26.230776699943,0
                -55.6920412999109,-26.2307200998431,0
                -55.6921799996353,-26.2298367002831,0
                -55.6912449996898,-26.22963169945,0
              </coordinates>
            </LinearRing>
          </outerBoundaryIs>
        </Polygon>
      </Placemark>
      <Placemark id="Lote_A.22">
        <ExtendedData>
          <SchemaData schemaUrl="#Lote_A.schema">
            <SimpleData name="Cédula">8068704.00000000000</SimpleData>
            <SimpleData name="Nombres_y_">MARTIN CARLOS QUINTANA BENITEZ</SimpleData>
            <SimpleData name="Sexo">Hombre</SimpleData>
            <SimpleData name="Cambio_de_">NO</SimpleData>
            <SimpleData name="Titular_se">NO</SimpleData>
            <SimpleData name="ci_UNIF">8068704.00000000000</SimpleData>
            <SimpleData name="Situación">NO</SimpleData>
            <SimpleData name="Comunidad">Ind?gena</SimpleData>
            <SimpleData name="Modelo_imp">Modelo 3</SimpleData>
            <SimpleData name="Departamen">ITAPUA</SimpleData>
            <SimpleData name="Distrito">ALTO VERA</SimpleData>
            <SimpleData name="Localidad">COM INDIG MBERU - PIRAPO I</SimpleData>
            <SimpleData name="Teléfono">ND</SimpleData>
            <SimpleData name="Vivienda_L">-26.70394900000</SimpleData>
            <SimpleData name="Vivienda_1">-55.65803120000</SimpleData>
            <SimpleData name="Superficie">1.00000000000</SimpleData>
            <SimpleData name="Situaci_1">Par?metro</SimpleData>
            <SimpleData name="Plantado">SI</SimpleData>
            <SimpleData name="Plantado_f">2026/02/21</SimpleData>
            <SimpleData name="Jornales">0.00000000000</SimpleData>
            <SimpleData name="Monto">0.00000000000</SimpleData>
            <SimpleData name="Grupo_de_p">A-P2</SimpleData>
            <SimpleData name="Estado_del">Activo</SimpleData>
            <SimpleData name="Empresa">Red Forestal Paraguay SA</SimpleData>
            <SimpleData name="Lote">A</SimpleData>
            <SimpleData name="Parametro">1.00000000000</SimpleData>
            <SimpleData name="Sup_Sig">0.96728722372</SimpleData>
            <SimpleData name="Situacion">Cumple</SimpleData>
            <SimpleData name="X">-55.65070072000</SimpleData>
            <SimpleData name="Y">-26.69643558000</SimpleData>
            <SimpleData name="Shape_Leng">415.47975904000</SimpleData>
            <SimpleData name="Shape_Area">9672.87223715000</SimpleData>
          </SchemaData>
        </ExtendedData>
        <Polygon>
          <outerBoundaryIs>
            <LinearRing>
              <coordinates>
                -55.6501589448756,-26.6964536572614,0
                -55.6507116993194,-26.6972212005847,0
                -55.6512728000867,-26.6964266997444,0
                -55.6506238929794,-26.6956418561264,0
                -55.6506266000049,-26.6956460001937,0
                -55.6501609992903,-26.6964551004294,0
                -55.6501589448756,-26.6964536572614,0
              </coordinates>
            </LinearRing>
          </outerBoundaryIs>
        </Polygon>
      </Placemark>
      <Placemark id="Lote_A.23">
        <ExtendedData>
          <SchemaData schemaUrl="#Lote_A.schema">
            <SimpleData name="Cédula">2309725.00000000000</SimpleData>
            <SimpleData name="Nombres_y_">MARINO RUBEN ESCOBAR</SimpleData>
            <SimpleData name="Sexo">Hombre</SimpleData>
            <SimpleData name="Cambio_de_">NO</SimpleData>
            <SimpleData name="Titular_se">NO</SimpleData>
            <SimpleData name="ci_UNIF">2309725.00000000000</SimpleData>
            <SimpleData name="Situación">NO</SimpleData>
            <SimpleData name="Comunidad">Campesina</SimpleData>
            <SimpleData name="Modelo_imp">Modelo 5</SimpleData>
            <SimpleData name="Departamen">CAAZAPA</SimpleData>
            <SimpleData name="Distrito">TAVA?</SimpleData>
            <SimpleData name="Localidad">ITA ANGUA</SimpleData>
            <SimpleData name="Teléfono">0984149670</SimpleData>
            <SimpleData name="Vivienda_L">-26.17425890000</SimpleData>
            <SimpleData name="Vivienda_1">-55.57900300000</SimpleData>
            <SimpleData name="Superficie">0.70000000000</SimpleData>
            <SimpleData name="Situaci_1">Par?metro</SimpleData>
            <SimpleData name="Plantado">SI</SimpleData>
            <SimpleData name="Plantado_f">2025/10/12</SimpleData>
            <SimpleData name="Jornales">0.00000000000</SimpleData>
            <SimpleData name="Monto">0.00000000000</SimpleData>
            <SimpleData name="Grupo_de_p">A-P3</SimpleData>
            <SimpleData name="Estado_del">Activo</SimpleData>
            <SimpleData name="Empresa">Red Forestal Paraguay SA</SimpleData>
            <SimpleData name="Lote">A</SimpleData>
            <SimpleData name="Parametro">0.70000000000</SimpleData>
            <SimpleData name="Sup_Sig">0.73771538512</SimpleData>
            <SimpleData name="Situacion">Cumple</SimpleData>
            <SimpleData name="X">-55.57951897000</SimpleData>
            <SimpleData name="Y">-26.16973328000</SimpleData>
            <SimpleData name="Shape_Leng">524.44448910700</SimpleData>
            <SimpleData name="Shape_Area">7377.15385115000</SimpleData>
          </SchemaData>
        </ExtendedData>
        <MultiGeometry>
          <Polygon>
            <outerBoundaryIs>
              <LinearRing>
                <coordinates>
                  -55.5793762996793,-26.16977159965,0
                  -55.5790899996317,-26.169756699738,0
                  -55.5790916990524,-26.170013300496,0
                  -55.5792225994165,-26.1700781998891,0
                  -55.5798216994547,-26.1700262999663,0
                  -55.5798082995307,-26.1693450005151,0
                  -55.5794016994637,-26.169283299692,0
                  -55.5793762996793,-26.16977159965,0
                </coordinates>
              </LinearRing>
            </outerBoundaryIs>
          </Polygon>
          <Polygon>
            <outerBoundaryIs>
              <LinearRing>
                <coordinates>
                  -55.5793627999975,-26.1686729004719,0
                  -55.5798199997918,-26.1686449999029,0
                  -55.5798316995754,-26.1680582999124,0
                  -55.5793849996464,-26.1680783000426,0
                  -55.5793627999975,-26.1686729004719,0
                </coordinates>
              </LinearRing>
            </outerBoundaryIs>
          </Polygon>
        </MultiGeometry>
      </Placemark>
      <Placemark id="Lote_A.24">
        <ExtendedData>
          <SchemaData schemaUrl="#Lote_A.schema">
            <SimpleData name="Cédula">6177848.00000000000</SimpleData>
            <SimpleData name="Nombres_y_">CARMELINA GARICOCHE BAEZ</SimpleData>
            <SimpleData name="Sexo">Mujer</SimpleData>
            <SimpleData name="Cambio_de_">NO</SimpleData>
            <SimpleData name="Titular_se">NO</SimpleData>
            <SimpleData name="ci_UNIF">6177848.00000000000</SimpleData>
            <SimpleData name="Situación">NO</SimpleData>
            <SimpleData name="Comunidad">Campesina</SimpleData>
            <SimpleData name="Modelo_imp">Modelo 1</SimpleData>
            <SimpleData name="Departamen">CAAZAPA</SimpleData>
            <SimpleData name="Distrito">TAVA?</SimpleData>
            <SimpleData name="Localidad">SAN AGUSTIN</SimpleData>
            <SimpleData name="Teléfono">0986932759</SimpleData>
            <SimpleData name="Vivienda_L">-26.15830420000</SimpleData>
            <SimpleData name="Vivienda_1">-55.59359050000</SimpleData>
            <SimpleData name="Superficie">0.80000000000</SimpleData>
            <SimpleData name="Situaci_1">Pol?gono</SimpleData>
            <SimpleData name="Plantado">SI</SimpleData>
            <SimpleData name="Plantado_f">2025/10/24</SimpleData>
            <SimpleData name="Jornales">0.00000000000</SimpleData>
            <SimpleData name="Monto">0.00000000000</SimpleData>
            <SimpleData name="Grupo_de_p">A-P1</SimpleData>
            <SimpleData name="Estado_del">Activo</SimpleData>
            <SimpleData name="Empresa">Red Forestal Paraguay SA</SimpleData>
            <SimpleData name="Lote">A</SimpleData>
            <SimpleData name="Parametro">0.80000000000</SimpleData>
            <SimpleData name="Sup_Sig">0.96467871442</SimpleData>
            <SimpleData name="Situacion">Cumple</SimpleData>
            <SimpleData name="X">-55.58650982000</SimpleData>
            <SimpleData name="Y">-26.15633722000</SimpleData>
            <SimpleData name="Shape_Leng">405.14217511200</SimpleData>
            <SimpleData name="Shape_Area">9646.78714415000</SimpleData>
          </SchemaData>
        </ExtendedData>
        <Polygon>
          <outerBoundaryIs>
            <LinearRing>
              <coordinates>
                -55.5861232997267,-26.1557950002895,0
                -55.5861286001327,-26.1569333000321,0
                -55.5868916998775,-26.1568766996929,0
                -55.5868984004419,-26.1557496002554,0
                -55.5861232997267,-26.1557950002895,0
              </coordinates>
            </LinearRing>
          </outerBoundaryIs>
        </Polygon>
      </Placemark>
      <Placemark id="Lote_A.25">
        <ExtendedData>
          <SchemaData schemaUrl="#Lote_A.schema">
            <SimpleData name="Cédula">6774747.00000000000</SimpleData>
            <SimpleData name="Nombres_y_">PATRICIA DUARTE ESPINOLA</SimpleData>
            <SimpleData name="Sexo">Mujer</SimpleData>
            <SimpleData name="Cambio_de_">NO</SimpleData>
            <SimpleData name="Titular_se">NO</SimpleData>
            <SimpleData name="ci_UNIF">6774747.00000000000</SimpleData>
            <SimpleData name="Situación">NO</SimpleData>
            <SimpleData name="Comunidad">Campesina</SimpleData>
            <SimpleData name="Modelo_imp">Modelo 1</SimpleData>
            <SimpleData name="Departamen">CAAZAPA</SimpleData>
            <SimpleData name="Distrito">TAVA?</SimpleData>
            <SimpleData name="Localidad">ENRAMADITA</SimpleData>
            <SimpleData name="Teléfono">0985825379</SimpleData>
            <SimpleData name="Vivienda_L">-26.16923580000</SimpleData>
            <SimpleData name="Vivienda_1">-55.67637070000</SimpleData>
            <SimpleData name="Superficie">0.80000000000</SimpleData>
            <SimpleData name="Situaci_1">Pol?gono</SimpleData>
            <SimpleData name="Plantado">SI</SimpleData>
            <SimpleData name="Plantado_f">2025/09/26</SimpleData>
            <SimpleData name="Jornales">0.00000000000</SimpleData>
            <SimpleData name="Monto">0.00000000000</SimpleData>
            <SimpleData name="Grupo_de_p">A-P1</SimpleData>
            <SimpleData name="Estado_del">Activo</SimpleData>
            <SimpleData name="Empresa">Red Forestal Paraguay SA</SimpleData>
            <SimpleData name="Lote">A</SimpleData>
            <SimpleData name="Parametro">0.80000000000</SimpleData>
            <SimpleData name="Sup_Sig">0.90636303005</SimpleData>
            <SimpleData name="Situacion">Cumple</SimpleData>
            <SimpleData name="X">-55.67252582000</SimpleData>
            <SimpleData name="Y">-26.13984128000</SimpleData>
            <SimpleData name="Shape_Leng">519.13888006900</SimpleData>
            <SimpleData name="Shape_Area">9063.63030050000</SimpleData>
          </SchemaData>
        </ExtendedData>
        <Polygon>
          <outerBoundaryIs>
            <LinearRing>
              <coordinates>
                -55.6716333000502,-26.1395282999016,0
                -55.6714966997282,-26.1399566999748,0
                -55.6726817003674,-26.1400950000862,0
                -55.6727749999689,-26.1399017002766,0
                -55.6728833002498,-26.1399250003592,0
                -55.6730267004858,-26.1400899997794,0
                -55.6735599995674,-26.1401433005199,0
                -55.6735717004702,-26.1397500001458,0
                -55.6716333000502,-26.1395282999016,0
              </coordinates>
            </LinearRing>
          </outerBoundaryIs>
        </Polygon>
      </Placemark>
      <Placemark id="Lote_A.26">
        <ExtendedData>
          <SchemaData schemaUrl="#Lote_A.schema">
            <SimpleData name="Cédula">7242175.00000000000</SimpleData>
            <SimpleData name="Nombres_y_">LIDIA QUINTANA BOGADO</SimpleData>
            <SimpleData name="Sexo">Mujer</SimpleData>
            <SimpleData name="Cambio_de_">NO</SimpleData>
            <SimpleData name="Titular_se">NO</SimpleData>
            <SimpleData name="ci_UNIF">7242175.00000000000</SimpleData>
            <SimpleData name="Situación">NO</SimpleData>
            <SimpleData name="Comunidad">Ind?gena</SimpleData>
            <SimpleData name="Modelo_imp">Modelo 3</SimpleData>
            <SimpleData name="Departamen">ITAPUA</SimpleData>
            <SimpleData name="Distrito">ALTO VERA</SimpleData>
            <SimpleData name="Localidad">COM INDIG MBERU - PIRAPO I</SimpleData>
            <SimpleData name="Teléfono">0983006917</SimpleData>
            <SimpleData name="Vivienda_L">-26.70365320000</SimpleData>
            <SimpleData name="Vivienda_1">-55.65691990000</SimpleData>
            <SimpleData name="Superficie">1.00000000000</SimpleData>
            <SimpleData name="Situaci_1">Par?metro</SimpleData>
            <SimpleData name="Plantado">SI</SimpleData>
            <SimpleData name="Plantado_f">2026/02/21</SimpleData>
            <SimpleData name="Jornales">0.00000000000</SimpleData>
            <SimpleData name="Monto">0.00000000000</SimpleData>
            <SimpleData name="Grupo_de_p">A-P2</SimpleData>
            <SimpleData name="Estado_del">Activo</SimpleData>
            <SimpleData name="Empresa">Red Forestal Paraguay SA</SimpleData>
            <SimpleData name="Lote">A</SimpleData>
            <SimpleData name="Parametro">1.00000000000</SimpleData>
            <SimpleData name="Sup_Sig">1.12282052195</SimpleData>
            <SimpleData name="Situacion">Cumple</SimpleData>
            <SimpleData name="X">-55.65138877000</SimpleData>
            <SimpleData name="Y">-26.69571118000</SimpleData>
            <SimpleData name="Shape_Leng">432.70634393500</SimpleData>
            <SimpleData name="Shape_Area">11228.20521950000</SimpleData>
          </SchemaData>
        </ExtendedData>
        <Polygon>
          <outerBoundaryIs>
            <LinearRing>
              <coordinates>
                -55.6507450001304,-26.6957017002852,0
                -55.6512751001973,-26.6963861999439,0
                -55.6521250005367,-26.6959167001843,0
                -55.6513108996008,-26.6949155001571,0
                -55.6507450001304,-26.6957017002852,0
              </coordinates>
            </LinearRing>
          </outerBoundaryIs>
        </Polygon>
      </Placemark>
      <Placemark id="Lote_A.27">
        <ExtendedData>
          <SchemaData schemaUrl="#Lote_A.schema">
            <SimpleData name="Cédula">5831784.00000000000</SimpleData>
            <SimpleData name="Nombres_y_">MAGDALENA  ESCURRA RAMIREZ</SimpleData>
            <SimpleData name="Sexo">Mujer</SimpleData>
            <SimpleData name="Cambio_de_">NO</SimpleData>
            <SimpleData name="Titular_se">NO</SimpleData>
            <SimpleData name="ci_UNIF">5831784.00000000000</SimpleData>
            <SimpleData name="Situación">NO</SimpleData>
            <SimpleData name="Comunidad">Campesina</SimpleData>
            <SimpleData name="Modelo_imp">Modelo 1</SimpleData>
            <SimpleData name="Departamen">CAAZAPA</SimpleData>
            <SimpleData name="Distrito">TAVA?</SimpleData>
            <SimpleData name="Localidad">ENRAMADITA</SimpleData>
            <SimpleData name="Teléfono">986341215</SimpleData>
            <SimpleData name="Vivienda_L">-26.16706710000</SimpleData>
            <SimpleData name="Vivienda_1">-55.67608380000</SimpleData>
            <SimpleData name="Superficie">0.80000000000</SimpleData>
            <SimpleData name="Situaci_1">Pol?gono</SimpleData>
            <SimpleData name="Plantado">SI</SimpleData>
            <SimpleData name="Plantado_f">2025/10/12</SimpleData>
            <SimpleData name="Jornales">0.00000000000</SimpleData>
            <SimpleData name="Monto">0.00000000000</SimpleData>
            <SimpleData name="Grupo_de_p">A-P1</SimpleData>
            <SimpleData name="Estado_del">Activo</SimpleData>
            <SimpleData name="Empresa">Red Forestal Paraguay SA</SimpleData>
            <SimpleData name="Lote">A</SimpleData>
            <SimpleData name="Parametro">0.80000000000</SimpleData>
            <SimpleData name="Sup_Sig">0.94393591520</SimpleData>
            <SimpleData name="Situacion">Cumple</SimpleData>
            <SimpleData name="X">-55.67258414000</SimpleData>
            <SimpleData name="Y">-26.14152579000</SimpleData>
            <SimpleData name="Shape_Leng">572.93413070600</SimpleData>
            <SimpleData name="Shape_Area">9439.35915204000</SimpleData>
          </SchemaData>
        </ExtendedData>
        <Polygon>
          <outerBoundaryIs>
            <LinearRing>
              <coordinates>
                -55.6714367003419,-26.1412450001404,0
                -55.6716449999474,-26.1417266997922,0
                -55.6726050003345,-26.1417733004815,0
                -55.6727966999964,-26.141609999876,0
                -55.6738967003673,-26.1417532998136,0
                -55.6739113004449,-26.1414501004476,0
                -55.6714367003419,-26.1412450001404,0
              </coordinates>
            </LinearRing>
          </outerBoundaryIs>
        </Polygon>
      </Placemark>
      <Placemark id="Lote_A.28">
        <ExtendedData>
          <SchemaData schemaUrl="#Lote_A.schema">
            <SimpleData name="Cédula">5748854.00000000000</SimpleData>
            <SimpleData name="Nombres_y_">ARTEMIO TORRES AVALOS</SimpleData>
            <SimpleData name="Sexo">Hombre</SimpleData>
            <SimpleData name="Cambio_de_">NO</SimpleData>
            <SimpleData name="Titular_se">NO</SimpleData>
            <SimpleData name="ci_UNIF">5748854.00000000000</SimpleData>
            <SimpleData name="Situación">NO</SimpleData>
            <SimpleData name="Comunidad">Campesina</SimpleData>
            <SimpleData name="Modelo_imp">Modelo 1</SimpleData>
            <SimpleData name="Departamen">CAAZAPA</SimpleData>
            <SimpleData name="Distrito">TAVA?</SimpleData>
            <SimpleData name="Localidad">8 DE DICIEMBRE</SimpleData>
            <SimpleData name="Teléfono">0994146958</SimpleData>
            <SimpleData name="Vivienda_L">-26.16606030000</SimpleData>
            <SimpleData name="Vivienda_1">-55.48105200000</SimpleData>
            <SimpleData name="Superficie">0.80000000000</SimpleData>
            <SimpleData name="Situaci_1">Pol?gono</SimpleData>
            <SimpleData name="Plantado">SI</SimpleData>
            <SimpleData name="Plantado_f">2025/11/05</SimpleData>
            <SimpleData name="Jornales">0.00000000000</SimpleData>
            <SimpleData name="Monto">0.00000000000</SimpleData>
            <SimpleData name="Grupo_de_p">A-P1</SimpleData>
            <SimpleData name="Estado_del">Activo</SimpleData>
            <SimpleData name="Empresa">Red Forestal Paraguay SA</SimpleData>
            <SimpleData name="Lote">A</SimpleData>
            <SimpleData name="Parametro">0.80000000000</SimpleData>
            <SimpleData name="Sup_Sig">0.92045508368</SimpleData>
            <SimpleData name="Situacion">Cumple</SimpleData>
            <SimpleData name="X">-55.50708936000</SimpleData>
            <SimpleData name="Y">-26.16397143000</SimpleData>
            <SimpleData name="Shape_Leng">672.63666073900</SimpleData>
            <SimpleData name="Shape_Area">9204.55083678000</SimpleData>
          </SchemaData>
        </ExtendedData>
        <Polygon>
          <outerBoundaryIs>
            <LinearRing>
              <coordinates>
                -55.5060581001795,-26.1635771002208,0
                -55.5060220001388,-26.1642517001064,0
                -55.5072756004055,-26.1641846000663,0
                -55.5075887997484,-26.1638561995498,0
                -55.5078781996437,-26.163872699564,0
                -55.5078855994864,-26.1641361001003,0
                -55.508466400395,-26.1640672994017,0
                -55.5085443001642,-26.1637648003975,0
                -55.5062184002917,-26.1638313000833,0
                -55.5062480997154,-26.1636565002596,0
                -55.5060581001795,-26.1635771002208,0
              </coordinates>
            </LinearRing>
          </outerBoundaryIs>
        </Polygon>
      </Placemark>
      <Placemark id="Lote_A.29">
        <ExtendedData>
          <SchemaData schemaUrl="#Lote_A.schema">
            <SimpleData name="Cédula">5895651.00000000000</SimpleData>
            <SimpleData name="Nombres_y_">HUGO ALBERTO ORTIZ CUEVAS</SimpleData>
            <SimpleData name="Sexo">Hombre</SimpleData>
            <SimpleData name="Cambio_de_">NO</SimpleData>
            <SimpleData name="Titular_se">NO</SimpleData>
            <SimpleData name="ci_UNIF">5895651.00000000000</SimpleData>
            <SimpleData name="Situación">NO</SimpleData>
            <SimpleData name="Comunidad">Campesina</SimpleData>
            <SimpleData name="Modelo_imp">Modelo 5</SimpleData>
            <SimpleData name="Departamen">CAAZAPA</SimpleData>
            <SimpleData name="Distrito">TAVA?</SimpleData>
            <SimpleData name="Localidad">ITA ANGUA</SimpleData>
            <SimpleData name="Teléfono">0986722474</SimpleData>
            <SimpleData name="Vivienda_L">-26.18816440000</SimpleData>
            <SimpleData name="Vivienda_1">-55.55717840000</SimpleData>
            <SimpleData name="Superficie">0.70000000000</SimpleData>
            <SimpleData name="Situaci_1">Par?metro</SimpleData>
            <SimpleData name="Plantado">SI</SimpleData>
            <SimpleData name="Plantado_f">2025/10/12</SimpleData>
            <SimpleData name="Jornales">0.00000000000</SimpleData>
            <SimpleData name="Monto">0.00000000000</SimpleData>
            <SimpleData name="Grupo_de_p">A-P2</SimpleData>
            <SimpleData name="Estado_del">Activo</SimpleData>
            <SimpleData name="Empresa">Red Forestal Paraguay SA</SimpleData>
            <SimpleData name="Lote">A</SimpleData>
            <SimpleData name="Parametro">0.70000000000</SimpleData>
            <SimpleData name="Sup_Sig">0.74927599459</SimpleData>
            <SimpleData name="Situacion">Cumple</SimpleData>
            <SimpleData name="X">-55.55271537000</SimpleData>
            <SimpleData name="Y">-26.19539009000</SimpleData>
            <SimpleData name="Shape_Leng">409.66983940700</SimpleData>
            <SimpleData name="Shape_Area">7492.75994593000</SimpleData>
          </SchemaData>
        </ExtendedData>
        <Polygon>
          <outerBoundaryIs>
            <LinearRing>
              <coordinates>
                -55.5519471002344,-26.195090400437,0
                -55.5520601003092,-26.1955249999892,0
                -55.5529117000559,-26.1957183004943,0
                -55.5532349996305,-26.1956715005024,0
                -55.5533717005424,-26.195589999772,0
                -55.553374200454,-26.1955286003438,0
                -55.5534485997512,-26.1954838996835,0
                -55.5534482996929,-26.1951567003784,0
                -55.5530220998596,-26.1951797002802,0
                -55.552990599605,-26.1952411997722,0
                -55.5528353005312,-26.1952205001763,0
                -55.5525507996167,-26.1952801003182,0
                -55.5523496998465,-26.1950180998627,0
                -55.5519471002344,-26.195090400437,0
              </coordinates>
            </LinearRing>
          </outerBoundaryIs>
        </Polygon>
      </Placemark>
      <Placemark id="Lote_A.30">
        <ExtendedData>
          <SchemaData schemaUrl="#Lote_A.schema">
            <SimpleData name="Cédula">5668374.00000000000</SimpleData>
            <SimpleData name="Nombres_y_">SANNIE LUCIA LEIVA MOREL</SimpleData>
            <SimpleData name="Sexo">Mujer</SimpleData>
            <SimpleData name="Cambio_de_">NO</SimpleData>
            <SimpleData name="Titular_se">NO</SimpleData>
            <SimpleData name="ci_UNIF">5668374.00000000000</SimpleData>
            <SimpleData name="Situación">NO</SimpleData>
            <SimpleData name="Comunidad">Campesina</SimpleData>
            <SimpleData name="Modelo_imp">Modelo 1</SimpleData>
            <SimpleData name="Departamen">CAAZAPA</SimpleData>
            <SimpleData name="Distrito">TAVA?</SimpleData>
            <SimpleData name="Localidad">ITA ANGUA</SimpleData>
            <SimpleData name="Teléfono">0985342840</SimpleData>
            <SimpleData name="Vivienda_L">-26.18981920000</SimpleData>
            <SimpleData name="Vivienda_1">-55.55556990000</SimpleData>
            <SimpleData name="Superficie">0.80000000000</SimpleData>
            <SimpleData name="Situaci_1">Pol?gono</SimpleData>
            <SimpleData name="Plantado">SI</SimpleData>
            <SimpleData name="Plantado_f">2025/11/10</SimpleData>
            <SimpleData name="Jornales">0.00000000000</SimpleData>
            <SimpleData name="Monto">0.00000000000</SimpleData>
            <SimpleData name="Grupo_de_p">A-P1</SimpleData>
            <SimpleData name="Estado_del">Activo</SimpleData>
            <SimpleData name="Empresa">Red Forestal Paraguay SA</SimpleData>
            <SimpleData name="Lote">A</SimpleData>
            <SimpleData name="Parametro">0.80000000000</SimpleData>
            <SimpleData name="Sup_Sig">0.82048221595</SimpleData>
            <SimpleData name="Situacion">Cumple</SimpleData>
            <SimpleData name="X">-55.56282896000</SimpleData>
            <SimpleData name="Y">-26.18985302000</SimpleData>
            <SimpleData name="Shape_Leng">387.36277854200</SimpleData>
            <SimpleData name="Shape_Area">8204.82215951000</SimpleData>
          </SchemaData>
        </ExtendedData>
        <Polygon>
          <outerBoundaryIs>
            <LinearRing>
              <coordinates>
                -55.5622339998365,-26.1895880001482,0
                -55.5621433001869,-26.1901778001896,0
                -55.5634366998676,-26.1901065999049,0
                -55.5635173998751,-26.1895379000593,0
                -55.5622339998365,-26.1895880001482,0
              </coordinates>
            </LinearRing>
          </outerBoundaryIs>
        </Polygon>
      </Placemark>
      <Placemark id="Lote_A.31">
        <ExtendedData>
          <SchemaData schemaUrl="#Lote_A.schema">
            <SimpleData name="Cédula">6830693.00000000000</SimpleData>
            <SimpleData name="Nombres_y_">ALICIA INCHAUSTI VERA</SimpleData>
            <SimpleData name="Sexo">Mujer</SimpleData>
            <SimpleData name="Cambio_de_">NO</SimpleData>
            <SimpleData name="Titular_se">NO</SimpleData>
            <SimpleData name="ci_UNIF">6830693.00000000000</SimpleData>
            <SimpleData name="Situación">NO</SimpleData>
            <SimpleData name="Comunidad">Campesina</SimpleData>
            <SimpleData name="Modelo_imp">Modelo 5</SimpleData>
            <SimpleData name="Departamen">CAAZAPA</SimpleData>
            <SimpleData name="Distrito">TAVA?</SimpleData>
            <SimpleData name="Localidad">SAN FRANCISCO</SimpleData>
            <SimpleData name="Teléfono">0985384893</SimpleData>
            <SimpleData name="Vivienda_L">-26.15142190000</SimpleData>
            <SimpleData name="Vivienda_1">-55.57522320000</SimpleData>
            <SimpleData name="Superficie">0.70000000000</SimpleData>
            <SimpleData name="Situaci_1">Pol?gono</SimpleData>
            <SimpleData name="Plantado">SI</SimpleData>
            <SimpleData name="Plantado_f">2025/10/12</SimpleData>
            <SimpleData name="Jornales">0.00000000000</SimpleData>
            <SimpleData name="Monto">0.00000000000</SimpleData>
            <SimpleData name="Grupo_de_p">A-P1</SimpleData>
            <SimpleData name="Estado_del">Activo</SimpleData>
            <SimpleData name="Empresa">Red Forestal Paraguay SA</SimpleData>
            <SimpleData name="Lote">A</SimpleData>
            <SimpleData name="Parametro">0.70000000000</SimpleData>
            <SimpleData name="Sup_Sig">0.69693169747</SimpleData>
            <SimpleData name="Situacion">Cumple</SimpleData>
            <SimpleData name="X">-55.57553375000</SimpleData>
            <SimpleData name="Y">-26.15083548000</SimpleData>
            <SimpleData name="Shape_Leng">335.55677034700</SimpleData>
            <SimpleData name="Shape_Area">6969.31697468000</SimpleData>
          </SchemaData>
        </ExtendedData>
        <Polygon>
          <outerBoundaryIs>
            <LinearRing>
              <coordinates>
                -55.5754167005048,-26.1513800001658,0
                -55.5755416998515,-26.1514096999616,0
                -55.5758422003882,-26.1512471002318,0
                -55.5758716997353,-26.1503499997269,0
                -55.5753782997145,-26.1503233000987,0
                -55.5753550003266,-26.1504733001829,0
                -55.5751971003775,-26.1504984003421,0
                -55.5751250997454,-26.1509203000024,0
                -55.5754167005048,-26.1513800001658,0
              </coordinates>
            </LinearRing>
          </outerBoundaryIs>
        </Polygon>
      </Placemark>
      <Placemark id="Lote_A.32">
        <ExtendedData>
          <SchemaData schemaUrl="#Lote_A.schema">
            <SimpleData name="Cédula">5601438.00000000000</SimpleData>
            <SimpleData name="Nombres_y_">FRANCY RAMONA CESPEDES ACU A</SimpleData>
            <SimpleData name="Sexo">Mujer</SimpleData>
            <SimpleData name="Cambio_de_">NO</SimpleData>
            <SimpleData name="Titular_se">NO</SimpleData>
            <SimpleData name="ci_UNIF">5601438.00000000000</SimpleData>
            <SimpleData name="Situación">NO</SimpleData>
            <SimpleData name="Comunidad">Campesina</SimpleData>
            <SimpleData name="Modelo_imp">Modelo 5</SimpleData>
            <SimpleData name="Departamen">ITAPUA</SimpleData>
            <SimpleData name="Distrito">ALTO VERA</SimpleData>
            <SimpleData name="Localidad">SAN ROQUE GONZALEZ</SimpleData>
            <SimpleData name="Teléfono">986274531</SimpleData>
            <SimpleData name="Vivienda_L">-26.69097700000</SimpleData>
            <SimpleData name="Vivienda_1">-55.85236740000</SimpleData>
            <SimpleData name="Superficie">0.70000000000</SimpleData>
            <SimpleData name="Situaci_1">Parametro</SimpleData>
            <SimpleData name="Plantado">SI</SimpleData>
            <SimpleData name="Plantado_f">2026/01/29</SimpleData>
            <SimpleData name="Jornales">0.00000000000</SimpleData>
            <SimpleData name="Monto">0.00000000000</SimpleData>
            <SimpleData name="Grupo_de_p">A-P2</SimpleData>
            <SimpleData name="Estado_del">Activo</SimpleData>
            <SimpleData name="Empresa">Red Forestal Paraguay SA</SimpleData>
            <SimpleData name="Lote">A</SimpleData>
            <SimpleData name="Parametro">0.70000000000</SimpleData>
            <SimpleData name="Sup_Sig">0.72698373544</SimpleData>
            <SimpleData name="Situacion">Cumple</SimpleData>
            <SimpleData name="X">-55.85036433000</SimpleData>
            <SimpleData name="Y">-26.68558308000</SimpleData>
            <SimpleData name="Shape_Leng">396.75761794300</SimpleData>
            <SimpleData name="Shape_Area">7269.83735435000</SimpleData>
          </SchemaData>
        </ExtendedData>
        <Polygon>
          <outerBoundaryIs>
            <LinearRing>
              <coordinates>
                -55.8496319005591,-26.6857520999436,0
                -55.8498348994736,-26.6861520002855,0
                -55.8511033001946,-26.685414999357,0
                -55.8508764000473,-26.685016900671,0
                -55.8496319005591,-26.6857520999436,0
              </coordinates>
            </LinearRing>
          </outerBoundaryIs>
        </Polygon>
      </Placemark>
      <Placemark id="Lote_A.33">
        <ExtendedData>
          <SchemaData schemaUrl="#Lote_A.schema">
            <SimpleData name="Cédula">6764474.00000000000</SimpleData>
            <SimpleData name="Nombres_y_">ELENO BENITEZ CABRERA</SimpleData>
            <SimpleData name="Sexo">Hombre</SimpleData>
            <SimpleData name="Cambio_de_">NO</SimpleData>
            <SimpleData name="Titular_se">NO</SimpleData>
            <SimpleData name="ci_UNIF">6764474.00000000000</SimpleData>
            <SimpleData name="Situación">NO</SimpleData>
            <SimpleData name="Comunidad">Ind?gena</SimpleData>
            <SimpleData name="Modelo_imp">Modelo 3</SimpleData>
            <SimpleData name="Departamen">ITAPUA</SimpleData>
            <SimpleData name="Distrito">ALTO VERA</SimpleData>
            <SimpleData name="Localidad">COM INDIG MBERU - PIRAPO I</SimpleData>
            <SimpleData name="Teléfono">0984235644</SimpleData>
            <SimpleData name="Vivienda_L">-26.70255290000</SimpleData>
            <SimpleData name="Vivienda_1">-55.65499770000</SimpleData>
            <SimpleData name="Superficie">1.00000000000</SimpleData>
            <SimpleData name="Situaci_1">Par?metro</SimpleData>
            <SimpleData name="Plantado">SI</SimpleData>
            <SimpleData name="Plantado_f">2025/11/06</SimpleData>
            <SimpleData name="Jornales">0.00000000000</SimpleData>
            <SimpleData name="Monto">0.00000000000</SimpleData>
            <SimpleData name="Grupo_de_p">A-P2</SimpleData>
            <SimpleData name="Estado_del">Activo</SimpleData>
            <SimpleData name="Empresa">Red Forestal Paraguay SA</SimpleData>
            <SimpleData name="Lote">A</SimpleData>
            <SimpleData name="Parametro">1.00000000000</SimpleData>
            <SimpleData name="Sup_Sig">1.06491247070</SimpleData>
            <SimpleData name="Situacion">Cumple</SimpleData>
            <SimpleData name="X">-55.64743087000</SimpleData>
            <SimpleData name="Y">-26.69412729000</SimpleData>
            <SimpleData name="Shape_Leng">416.42513789800</SimpleData>
            <SimpleData name="Shape_Area">10649.12470700000</SimpleData>
          </SchemaData>
        </ExtendedData>
        <Polygon>
          <outerBoundaryIs>
            <LinearRing>
              <coordinates>
                -55.6467701998225,-26.6942334999425,0
                -55.6475830302071,-26.6948231754778,0
                -55.647825075041,-26.6944698391815,0
                -55.6480989025505,-26.6940701014199,0
                -55.6480818214826,-26.6940562621363,0
                -55.6472802084749,-26.6934067891315,0
                -55.6472796281833,-26.6934063114654,0
                -55.6467701998225,-26.6942334999425,0
              </coordinates>
            </LinearRing>
          </outerBoundaryIs>
        </Polygon>
      </Placemark>
      <Placemark id="Lote_A.34">
        <ExtendedData>
          <SchemaData schemaUrl="#Lote_A.schema">
            <SimpleData name="Cédula">8537017.00000000000</SimpleData>
            <SimpleData name="Nombres_y_">ZUNILDA BRAVO REYES</SimpleData>
            <SimpleData name="Sexo">Mujer</SimpleData>
            <SimpleData name="Cambio_de_">NO</SimpleData>
            <SimpleData name="Titular_se">NO</SimpleData>
            <SimpleData name="ci_UNIF">8537017.00000000000</SimpleData>
            <SimpleData name="Situación">NO</SimpleData>
            <SimpleData name="Comunidad">Campesina</SimpleData>
            <SimpleData name="Modelo_imp">Modelo 5</SimpleData>
            <SimpleData name="Departamen">ITAPUA</SimpleData>
            <SimpleData name="Distrito">ALTO VERA</SimpleData>
            <SimpleData name="Localidad">SAN ROQUE GONZALEZ</SimpleData>
            <SimpleData name="Teléfono">0986287233</SimpleData>
            <SimpleData name="Vivienda_L">-26.69435440000</SimpleData>
            <SimpleData name="Vivienda_1">-55.86769590000</SimpleData>
            <SimpleData name="Superficie">0.70000000000</SimpleData>
            <SimpleData name="Situaci_1">Parametro</SimpleData>
            <SimpleData name="Plantado">SI</SimpleData>
            <SimpleData name="Plantado_f">2026/01/21</SimpleData>
            <SimpleData name="Jornales">0.00000000000</SimpleData>
            <SimpleData name="Monto">0.00000000000</SimpleData>
            <SimpleData name="Grupo_de_p">A-P2</SimpleData>
            <SimpleData name="Estado_del">Activo</SimpleData>
            <SimpleData name="Empresa">Red Forestal Paraguay SA</SimpleData>
            <SimpleData name="Lote">A</SimpleData>
            <SimpleData name="Parametro">0.70000000000</SimpleData>
            <SimpleData name="Sup_Sig">0.70824977526</SimpleData>
            <SimpleData name="Situacion">Cumple</SimpleData>
            <SimpleData name="X">-55.86980378000</SimpleData>
            <SimpleData name="Y">-26.69163700000</SimpleData>
            <SimpleData name="Shape_Leng">609.92615352400</SimpleData>
            <SimpleData name="Shape_Area">7082.49775258000</SimpleData>
          </SchemaData>
        </ExtendedData>
        <MultiGeometry>
          <Polygon>
            <outerBoundaryIs>
              <LinearRing>
                <coordinates>
                  -55.8692280996285,-26.692440699556,0
                  -55.8695660001109,-26.6918916995933,0
                  -55.8693951002028,-26.6918130001475,0
                  -55.8689996997605,-26.6923209999424,0
                  -55.8692280996285,-26.692440699556,0
                </coordinates>
              </LinearRing>
            </outerBoundaryIs>
          </Polygon>
          <Polygon>
            <outerBoundaryIs>
              <LinearRing>
                <coordinates>
                  -55.8702029001525,-26.6917140002357,0
                  -55.8696378001113,-26.6914645999509,0
                  -55.8694399997549,-26.6917588000644,0
                  -55.8699837002025,-26.692015499648,0
                  -55.8702029001525,-26.6917140002357,0
                </coordinates>
              </LinearRing>
            </outerBoundaryIs>
          </Polygon>
          <Polygon>
            <outerBoundaryIs>
              <LinearRing>
                <coordinates>
                  -55.8704545997979,-26.6912025001793,0
                  -55.8699182997865,-26.6909916997758,0
                  -55.8696513995681,-26.6914532996167,0
                  -55.8701985996746,-26.6916083996668,0
                  -55.8704545997979,-26.6912025001793,0
                </coordinates>
              </LinearRing>
            </outerBoundaryIs>
          </Polygon>
        </MultiGeometry>
      </Placemark>
      <Placemark id="Lote_A.35">
        <ExtendedData>
          <SchemaData schemaUrl="#Lote_A.schema">
            <SimpleData name="Cédula">2907706.00000000000</SimpleData>
            <SimpleData name="Nombres_y_">CECILIA CHAMORRO DE ESCOBAR</SimpleData>
            <SimpleData name="Sexo">Mujer</SimpleData>
            <SimpleData name="Cambio_de_">NO</SimpleData>
            <SimpleData name="Titular_se">NO</SimpleData>
            <SimpleData name="ci_UNIF">2907706.00000000000</SimpleData>
            <SimpleData name="Situación">NO</SimpleData>
            <SimpleData name="Comunidad">Campesina</SimpleData>
            <SimpleData name="Modelo_imp">Modelo 1</SimpleData>
            <SimpleData name="Departamen">CAAZAPA</SimpleData>
            <SimpleData name="Distrito">TAVA?</SimpleData>
            <SimpleData name="Localidad">ITA ANGUA</SimpleData>
            <SimpleData name="Teléfono">0982682888</SimpleData>
            <SimpleData name="Vivienda_L">-26.17810160000</SimpleData>
            <SimpleData name="Vivienda_1">-55.56343650000</SimpleData>
            <SimpleData name="Superficie">0.80000000000</SimpleData>
            <SimpleData name="Situaci_1">Pol?gono</SimpleData>
            <SimpleData name="Plantado">SI</SimpleData>
            <SimpleData name="Plantado_f">2025/10/27</SimpleData>
            <SimpleData name="Jornales">0.00000000000</SimpleData>
            <SimpleData name="Monto">0.00000000000</SimpleData>
            <SimpleData name="Grupo_de_p">A-P1</SimpleData>
            <SimpleData name="Estado_del">Activo</SimpleData>
            <SimpleData name="Empresa">Red Forestal Paraguay SA</SimpleData>
            <SimpleData name="Lote">A</SimpleData>
            <SimpleData name="Parametro">0.80000000000</SimpleData>
            <SimpleData name="Sup_Sig">0.97645414891</SimpleData>
            <SimpleData name="Situacion">Cumple</SimpleData>
            <SimpleData name="X">-55.55981701000</SimpleData>
            <SimpleData name="Y">-26.16499516000</SimpleData>
            <SimpleData name="Shape_Leng">500.66336490400</SimpleData>
            <SimpleData name="Shape_Area">9764.54148912000</SimpleData>
          </SchemaData>
        </ExtendedData>
        <Polygon>
          <outerBoundaryIs>
            <LinearRing>
              <coordinates>
                -55.5590900005232,-26.164696100379,0
                -55.5592764000103,-26.1654977004668,0
                -55.5607811000888,-26.165027699867,0
                -55.5607368999971,-26.1646690001461,0
                -55.5598064996567,-26.1649249999023,0
                -55.5597530005569,-26.1645251002064,0
                -55.5590900005232,-26.164696100379,0
              </coordinates>
            </LinearRing>
          </outerBoundaryIs>
        </Polygon>
      </Placemark>
      <Placemark id="Lote_A.36">
        <ExtendedData>
          <SchemaData schemaUrl="#Lote_A.schema">
            <SimpleData name="Cédula">3940372.00000000000</SimpleData>
            <SimpleData name="Nombres_y_">ERESMILDA  VERA DE CORONIL</SimpleData>
            <SimpleData name="Sexo">Mujer</SimpleData>
            <SimpleData name="Cambio_de_">NO</SimpleData>
            <SimpleData name="Titular_se">NO</SimpleData>
            <SimpleData name="ci_UNIF">3940372.00000000000</SimpleData>
            <SimpleData name="Situación">NO</SimpleData>
            <SimpleData name="Comunidad">Campesina</SimpleData>
            <SimpleData name="Modelo_imp">Modelo 5</SimpleData>
            <SimpleData name="Departamen">CAAZAPA</SimpleData>
            <SimpleData name="Distrito">TAVA?</SimpleData>
            <SimpleData name="Localidad">?U KA?Y</SimpleData>
            <SimpleData name="Teléfono">983325675</SimpleData>
            <SimpleData name="Vivienda_L">-26.25322610000</SimpleData>
            <SimpleData name="Vivienda_1">-55.57199700000</SimpleData>
            <SimpleData name="Superficie">0.70000000000</SimpleData>
            <SimpleData name="Situaci_1">Pol?gono</SimpleData>
            <SimpleData name="Plantado">SI</SimpleData>
            <SimpleData name="Plantado_f">2025/10/22</SimpleData>
            <SimpleData name="Jornales">0.00000000000</SimpleData>
            <SimpleData name="Monto">0.00000000000</SimpleData>
            <SimpleData name="Grupo_de_p">A-P1</SimpleData>
            <SimpleData name="Estado_del">Activo</SimpleData>
            <SimpleData name="Empresa">Red Forestal Paraguay SA</SimpleData>
            <SimpleData name="Lote">A</SimpleData>
            <SimpleData name="Parametro">0.70000000000</SimpleData>
            <SimpleData name="Sup_Sig">0.70254533865</SimpleData>
            <SimpleData name="Situacion">Cumple</SimpleData>
            <SimpleData name="X">-55.57220059000</SimpleData>
            <SimpleData name="Y">-26.25337299000</SimpleData>
            <SimpleData name="Shape_Leng">607.33711095600</SimpleData>
            <SimpleData name="Shape_Area">7025.45338649000</SimpleData>
          </SchemaData>
        </ExtendedData>
        <MultiGeometry>
          <Polygon>
            <outerBoundaryIs>
              <LinearRing>
                <coordinates>
                  -55.5720582999433,-26.2539300004845,0
                  -55.572775751348,-26.2538455232171,0
                  -55.5726258004906,-26.2534978998046,0
                  -55.5720083004354,-26.2535000000952,0
                  -55.5720582999433,-26.2539300004845,0
                </coordinates>
              </LinearRing>
            </outerBoundaryIs>
          </Polygon>
          <Polygon>
            <outerBoundaryIs>
              <LinearRing>
                <coordinates>
                  -55.5726349004125,-26.2533615996574,0
                  -55.572469999808,-26.2529382998172,0
                  -55.5721834002708,-26.2528883996029,0
                  -55.5720767004395,-26.2533149994977,0
                  -55.5720866999888,-26.2534317004961,0
                  -55.5726349004125,-26.2533615996574,0
                </coordinates>
              </LinearRing>
            </outerBoundaryIs>
          </Polygon>
          <Polygon>
            <outerBoundaryIs>
              <LinearRing>
                <coordinates>
                  -55.5718649992654,-26.2534049999719,0
                  -55.5718901995402,-26.253158400053,0
                  -55.5719983003771,-26.2528632999944,0
                  -55.5715935990979,-26.2528134999192,0
                  -55.5716749997622,-26.2534133001923,0
                  -55.5718649992654,-26.2534049999719,0
                </coordinates>
              </LinearRing>
            </outerBoundaryIs>
          </Polygon>
        </MultiGeometry>
      </Placemark>
      <Placemark id="Lote_A.37">
        <ExtendedData>
          <SchemaData schemaUrl="#Lote_A.schema">
            <SimpleData name="Cédula">7552055.00000000000</SimpleData>
            <SimpleData name="Nombres_y_">WALTER BACILIO  ESCOBAR SEGOVIA</SimpleData>
            <SimpleData name="Sexo">Hombre</SimpleData>
            <SimpleData name="Cambio_de_">NO</SimpleData>
            <SimpleData name="Titular_se">NO</SimpleData>
            <SimpleData name="ci_UNIF">7552055.00000000000</SimpleData>
            <SimpleData name="Situación">NO</SimpleData>
            <SimpleData name="Comunidad">Campesina</SimpleData>
            <SimpleData name="Modelo_imp">Modelo 5</SimpleData>
            <SimpleData name="Departamen">CAAZAPA</SimpleData>
            <SimpleData name="Distrito">TAVA?</SimpleData>
            <SimpleData name="Localidad">ITA ANGUA</SimpleData>
            <SimpleData name="Teléfono">971289938</SimpleData>
            <SimpleData name="Vivienda_L">-26.17323430000</SimpleData>
            <SimpleData name="Vivienda_1">-55.56333110000</SimpleData>
            <SimpleData name="Superficie">0.70000000000</SimpleData>
            <SimpleData name="Situaci_1">Pol?gono</SimpleData>
            <SimpleData name="Plantado">SI</SimpleData>
            <SimpleData name="Plantado_f">2025/10/03</SimpleData>
            <SimpleData name="Jornales">0.00000000000</SimpleData>
            <SimpleData name="Monto">0.00000000000</SimpleData>
            <SimpleData name="Grupo_de_p">A-P1</SimpleData>
            <SimpleData name="Estado_del">Activo</SimpleData>
            <SimpleData name="Empresa">Red Forestal Paraguay SA</SimpleData>
            <SimpleData name="Lote">A</SimpleData>
            <SimpleData name="Parametro">0.70000000000</SimpleData>
            <SimpleData name="Sup_Sig">0.72512312989</SimpleData>
            <SimpleData name="Situacion">Cumple</SimpleData>
            <SimpleData name="X">-55.56241289000</SimpleData>
            <SimpleData name="Y">-26.16781927000</SimpleData>
            <SimpleData name="Shape_Leng">453.72147490100</SimpleData>
            <SimpleData name="Shape_Area">7251.23129889000</SimpleData>
          </SchemaData>
        </ExtendedData>
        <MultiGeometry>
          <Polygon>
            <outerBoundaryIs>
              <LinearRing>
                <coordinates>
                  -55.5636819996796,-26.1736935998232,0
                  -55.5641483004545,-26.1736150000338,0
                  -55.5640983001833,-26.1734182996687,0
                  -55.5636517003148,-26.1734817006603,0
                  -55.5636819996796,-26.1736935998232,0
                </coordinates>
              </LinearRing>
            </outerBoundaryIs>
          </Polygon>
          <Polygon>
            <outerBoundaryIs>
              <LinearRing>
                <coordinates>
                  -55.5621450005555,-26.1682617002185,0
                  -55.5628816997642,-26.1680982998109,0
                  -55.5626616998946,-26.1673650001828,0
                  -55.5619532995088,-26.1675467002103,0
                  -55.5621450005555,-26.1682617002185,0
                </coordinates>
              </LinearRing>
            </outerBoundaryIs>
          </Polygon>
        </MultiGeometry>
      </Placemark>
      <Placemark id="Lote_A.38">
        <ExtendedData>
          <SchemaData schemaUrl="#Lote_A.schema">
            <SimpleData name="Cédula">7124446.00000000000</SimpleData>
            <SimpleData name="Nombres_y_">REINA GRACIELA CUEVAS VARGAS</SimpleData>
            <SimpleData name="Sexo">Mujer</SimpleData>
            <SimpleData name="Cambio_de_">NO</SimpleData>
            <SimpleData name="Titular_se">NO</SimpleData>
            <SimpleData name="ci_UNIF">7124446.00000000000</SimpleData>
            <SimpleData name="Situación">NO</SimpleData>
            <SimpleData name="Comunidad">Campesina</SimpleData>
            <SimpleData name="Modelo_imp">Modelo 5</SimpleData>
            <SimpleData name="Departamen">CAAZAPA</SimpleData>
            <SimpleData name="Distrito">TAVA?</SimpleData>
            <SimpleData name="Localidad">ITA ANGUA</SimpleData>
            <SimpleData name="Teléfono">984139005</SimpleData>
            <SimpleData name="Vivienda_L">-26.17980130000</SimpleData>
            <SimpleData name="Vivienda_1">-55.56644280000</SimpleData>
            <SimpleData name="Superficie">0.70000000000</SimpleData>
            <SimpleData name="Situaci_1">Pol?gono</SimpleData>
            <SimpleData name="Plantado">SI</SimpleData>
            <SimpleData name="Plantado_f">2025/10/03</SimpleData>
            <SimpleData name="Jornales">0.00000000000</SimpleData>
            <SimpleData name="Monto">0.00000000000</SimpleData>
            <SimpleData name="Grupo_de_p">A-P2</SimpleData>
            <SimpleData name="Estado_del">Activo</SimpleData>
            <SimpleData name="Empresa">Red Forestal Paraguay SA</SimpleData>
            <SimpleData name="Lote">A</SimpleData>
            <SimpleData name="Parametro">0.70000000000</SimpleData>
            <SimpleData name="Sup_Sig">0.96846681171</SimpleData>
            <SimpleData name="Situacion">Cumple</SimpleData>
            <SimpleData name="X">-55.56321763000</SimpleData>
            <SimpleData name="Y">-26.18374101000</SimpleData>
            <SimpleData name="Shape_Leng">621.19996538600</SimpleData>
            <SimpleData name="Shape_Area">9684.66811705000</SimpleData>
          </SchemaData>
        </ExtendedData>
        <MultiGeometry>
          <Polygon>
            <outerBoundaryIs>
              <LinearRing>
                <coordinates>
                  -55.5630066997003,-26.1841883005114,0
                  -55.5632542998736,-26.1841017004112,0
                  -55.5636928004355,-26.1836566999934,0
                  -55.5635638995688,-26.1834522000024,0
                  -55.5632894001211,-26.1832222004027,0
                  -55.5629860999485,-26.1836449998173,0
                  -55.5627012001907,-26.1838921001757,0
                  -55.5630066997003,-26.1841883005114,0
                </coordinates>
              </LinearRing>
            </outerBoundaryIs>
          </Polygon>
          <Polygon>
            <outerBoundaryIs>
              <LinearRing>
                <coordinates>
                  -55.564351700295,-26.183829600212,0
                  -55.5649517005301,-26.1827725001234,0
                  -55.5646923999697,-26.1826541004206,0
                  -55.5640310996523,-26.1835865002211,0
                  -55.564351700295,-26.183829600212,0
                </coordinates>
              </LinearRing>
            </outerBoundaryIs>
          </Polygon>
        </MultiGeometry>
      </Placemark>
      <Placemark id="Lote_A.39">
        <ExtendedData>
          <SchemaData schemaUrl="#Lote_A.schema">
            <SimpleData name="Cédula">5599382.00000000000</SimpleData>
            <SimpleData name="Nombres_y_">SALUSTIANA MARTINEZ CASTILLO</SimpleData>
            <SimpleData name="Sexo">Mujer</SimpleData>
            <SimpleData name="Cambio_de_">NO</SimpleData>
            <SimpleData name="Titular_se">NO</SimpleData>
            <SimpleData name="ci_UNIF">5599382.00000000000</SimpleData>
            <SimpleData name="Situación">NO</SimpleData>
            <SimpleData name="Comunidad">Ind?gena</SimpleData>
            <SimpleData name="Modelo_imp">Modelo 3</SimpleData>
            <SimpleData name="Departamen">ITAPUA</SimpleData>
            <SimpleData name="Distrito">ALTO VERA</SimpleData>
            <SimpleData name="Localidad">COM INDIG MBERU - PIRAPO I</SimpleData>
            <SimpleData name="Teléfono">0983368446</SimpleData>
            <SimpleData name="Vivienda_L">-26.70079490000</SimpleData>
            <SimpleData name="Vivienda_1">-55.66237030000</SimpleData>
            <SimpleData name="Superficie">1.00000000000</SimpleData>
            <SimpleData name="Situaci_1">Pol?gono</SimpleData>
            <SimpleData name="Plantado">SI</SimpleData>
            <SimpleData name="Plantado_f">2025/11/06</SimpleData>
            <SimpleData name="Jornales">0.00000000000</SimpleData>
            <SimpleData name="Monto">0.00000000000</SimpleData>
            <SimpleData name="Grupo_de_p">A-P2</SimpleData>
            <SimpleData name="Estado_del">Activo</SimpleData>
            <SimpleData name="Empresa">Red Forestal Paraguay SA</SimpleData>
            <SimpleData name="Lote">A</SimpleData>
            <SimpleData name="Parametro">1.00000000000</SimpleData>
            <SimpleData name="Sup_Sig">1.03911245555</SimpleData>
            <SimpleData name="Situacion">Cumple</SimpleData>
            <SimpleData name="X">-55.64923597000</SimpleData>
            <SimpleData name="Y">-26.69115516000</SimpleData>
            <SimpleData name="Shape_Leng">416.92899113400</SimpleData>
            <SimpleData name="Shape_Area">10391.12455550000</SimpleData>
          </SchemaData>
        </ExtendedData>
        <Polygon>
          <outerBoundaryIs>
            <LinearRing>
              <coordinates>
                -55.6486017000054,-26.6912116996754,0
                -55.6494282996056,-26.6918766999398,0
                -55.6498707002597,-26.6911408002457,0
                -55.6490584999459,-26.6904117000106,0
                -55.6486017000054,-26.6912116996754,0
              </coordinates>
            </LinearRing>
          </outerBoundaryIs>
        </Polygon>
      </Placemark>
      <Placemark id="Lote_A.40">
        <ExtendedData>
          <SchemaData schemaUrl="#Lote_A.schema">
            <SimpleData name="Cédula">2633983.00000000000</SimpleData>
            <SimpleData name="Nombres_y_">MARIA NELLY FLORES VEGA</SimpleData>
            <SimpleData name="Sexo">Mujer</SimpleData>
            <SimpleData name="Cambio_de_">NO</SimpleData>
            <SimpleData name="Titular_se">NO</SimpleData>
            <SimpleData name="ci_UNIF">2633983.00000000000</SimpleData>
            <SimpleData name="Situación">NO</SimpleData>
            <SimpleData name="Comunidad">Campesina</SimpleData>
            <SimpleData name="Modelo_imp">Modelo 1</SimpleData>
            <SimpleData name="Departamen">CAAZAPA</SimpleData>
            <SimpleData name="Distrito">TAVA?</SimpleData>
            <SimpleData name="Localidad">YVYHATY</SimpleData>
            <SimpleData name="Teléfono">982444553</SimpleData>
            <SimpleData name="Vivienda_L">-26.19618370000</SimpleData>
            <SimpleData name="Vivienda_1">-55.59712500000</SimpleData>
            <SimpleData name="Superficie">0.80000000000</SimpleData>
            <SimpleData name="Situaci_1">Pol?gono</SimpleData>
            <SimpleData name="Plantado">SI</SimpleData>
            <SimpleData name="Plantado_f">2025/11/10</SimpleData>
            <SimpleData name="Jornales">0.00000000000</SimpleData>
            <SimpleData name="Monto">0.00000000000</SimpleData>
            <SimpleData name="Grupo_de_p">A-P1</SimpleData>
            <SimpleData name="Estado_del">Activo</SimpleData>
            <SimpleData name="Empresa">Red Forestal Paraguay SA</SimpleData>
            <SimpleData name="Lote">A</SimpleData>
            <SimpleData name="Parametro">0.80000000000</SimpleData>
            <SimpleData name="Sup_Sig">0.86569320707</SimpleData>
            <SimpleData name="Situacion">Cumple</SimpleData>
            <SimpleData name="X">-55.56941790000</SimpleData>
            <SimpleData name="Y">-26.19458881000</SimpleData>
            <SimpleData name="Shape_Leng">554.31663632800</SimpleData>
            <SimpleData name="Shape_Area">8656.93207068000</SimpleData>
          </SchemaData>
        </ExtendedData>
        <MultiGeometry>
          <Polygon>
            <outerBoundaryIs>
              <LinearRing>
                <coordinates>
                  -55.5689969998086,-26.1950847996981,0
                  -55.5699192006199,-26.1949624998974,0
                  -55.5698828005562,-26.1946802006611,0
                  -55.568984800797,-26.1947820997079,0
                  -55.5689969998086,-26.1950847996981,0
                </coordinates>
              </LinearRing>
            </outerBoundaryIs>
          </Polygon>
          <Polygon>
            <outerBoundaryIs>
              <LinearRing>
                <coordinates>
                  -55.5689681992877,-26.1947554999938,0
                  -55.5698962002601,-26.1946759002869,0
                  -55.5698560999301,-26.194300199629,0
                  -55.5698199995957,-26.1941383001749,0
                  -55.5689500994946,-26.1941651001784,0
                  -55.5689681992877,-26.1947554999938,0
                </coordinates>
              </LinearRing>
            </outerBoundaryIs>
          </Polygon>
        </MultiGeometry>
      </Placemark>
      <Placemark id="Lote_A.41">
        <ExtendedData>
          <SchemaData schemaUrl="#Lote_A.schema">
            <SimpleData name="Cédula">2652069.00000000000</SimpleData>
            <SimpleData name="Nombres_y_">ELVA ESTHER DUARTE DE ZARACHO</SimpleData>
            <SimpleData name="Sexo">Mujer</SimpleData>
            <SimpleData name="Cambio_de_">NO</SimpleData>
            <SimpleData name="Titular_se">NO</SimpleData>
            <SimpleData name="ci_UNIF">2652069.00000000000</SimpleData>
            <SimpleData name="Situación">NO</SimpleData>
            <SimpleData name="Comunidad">Campesina</SimpleData>
            <SimpleData name="Modelo_imp">Modelo 1</SimpleData>
            <SimpleData name="Departamen">CAAZAPA</SimpleData>
            <SimpleData name="Distrito">TAVA?</SimpleData>
            <SimpleData name="Localidad">ENRAMADITA</SimpleData>
            <SimpleData name="Teléfono">0985988515</SimpleData>
            <SimpleData name="Vivienda_L">-26.16986300000</SimpleData>
            <SimpleData name="Vivienda_1">-55.67788960000</SimpleData>
            <SimpleData name="Superficie">0.80000000000</SimpleData>
            <SimpleData name="Situaci_1">Pol?gono</SimpleData>
            <SimpleData name="Plantado">SI</SimpleData>
            <SimpleData name="Plantado_f">2025/09/25</SimpleData>
            <SimpleData name="Jornales">0.00000000000</SimpleData>
            <SimpleData name="Monto">0.00000000000</SimpleData>
            <SimpleData name="Grupo_de_p">A-P1</SimpleData>
            <SimpleData name="Estado_del">Activo</SimpleData>
            <SimpleData name="Empresa">Red Forestal Paraguay SA</SimpleData>
            <SimpleData name="Lote">A</SimpleData>
            <SimpleData name="Parametro">0.80000000000</SimpleData>
            <SimpleData name="Sup_Sig">0.85008776791</SimpleData>
            <SimpleData name="Situacion">Cumple</SimpleData>
            <SimpleData name="X">-55.67202827000</SimpleData>
            <SimpleData name="Y">-26.16474543000</SimpleData>
            <SimpleData name="Shape_Leng">375.94726185900</SimpleData>
            <SimpleData name="Shape_Area">8500.87767910000</SimpleData>
          </SchemaData>
        </ExtendedData>
        <Polygon>
          <outerBoundaryIs>
            <LinearRing>
              <coordinates>
                -55.6716517996503,-26.1642521002987,0
                -55.671647699912,-26.1652748998735,0
                -55.6724208006596,-26.1652195004786,0
                -55.6723989998064,-26.1642232998543,0
                -55.6716517996503,-26.1642521002987,0
              </coordinates>
            </LinearRing>
          </outerBoundaryIs>
        </Polygon>
      </Placemark>
      <Placemark id="Lote_A.42">
        <ExtendedData>
          <SchemaData schemaUrl="#Lote_A.schema">
            <SimpleData name="Cédula">6827440.00000000000</SimpleData>
            <SimpleData name="Nombres_y_">AMALIA CONCEPCION  BENITEZ GONZALEZ</SimpleData>
            <SimpleData name="Sexo">Mujer</SimpleData>
            <SimpleData name="Cambio_de_">SI</SimpleData>
            <SimpleData name="Titular_se">BLANCA NIMIA BENITEZ GONZ?LEZ</SimpleData>
            <SimpleData name="Cédula_Ti">1539394</SimpleData>
            <SimpleData name="ci_UNIF">1539394.00000000000</SimpleData>
            <SimpleData name="Situación">NO</SimpleData>
            <SimpleData name="Comunidad">Campesina</SimpleData>
            <SimpleData name="Modelo_imp">Modelo 1</SimpleData>
            <SimpleData name="Departamen">CAAZAPA</SimpleData>
            <SimpleData name="Distrito">TAVA?</SimpleData>
            <SimpleData name="Localidad">VIRGEN DEL CARMEN</SimpleData>
            <SimpleData name="Teléfono">983787123</SimpleData>
            <SimpleData name="Vivienda_L">-26.23974830000</SimpleData>
            <SimpleData name="Vivienda_1">-55.68095500000</SimpleData>
            <SimpleData name="Superficie">0.80000000000</SimpleData>
            <SimpleData name="Situaci_1">Pol?gono</SimpleData>
            <SimpleData name="Plantado">SI</SimpleData>
            <SimpleData name="Plantado_f">2025/09/24</SimpleData>
            <SimpleData name="Jornales">0.00000000000</SimpleData>
            <SimpleData name="Monto">0.00000000000</SimpleData>
            <SimpleData name="Grupo_de_p">A-P2</SimpleData>
            <SimpleData name="Estado_del">Activo</SimpleData>
            <SimpleData name="Empresa">Red Forestal Paraguay SA</SimpleData>
            <SimpleData name="Lote">A</SimpleData>
            <SimpleData name="Parametro">0.80000000000</SimpleData>
            <SimpleData name="Sup_Sig">0.82475065439</SimpleData>
            <SimpleData name="Situacion">Cumple</SimpleData>
            <SimpleData name="X">-55.68116440000</SimpleData>
            <SimpleData name="Y">-26.24024554000</SimpleData>
            <SimpleData name="Shape_Leng">420.46059975500</SimpleData>
            <SimpleData name="Shape_Area">8247.50654393000</SimpleData>
          </SchemaData>
        </ExtendedData>
        <Polygon>
          <outerBoundaryIs>
            <LinearRing>
              <coordinates>
                -55.6811872001854,-26.2404448998779,0
                -55.6816783002431,-26.2407650002799,0
                -55.6819850003675,-26.2404749997376,0
                -55.6819983000132,-26.2403733001875,0
                -55.6806611000402,-26.2397143997529,0
                -55.680370000301,-26.2402617005093,0
                -55.6806699997635,-26.2403751996796,0
                -55.6811872001854,-26.2404448998779,0
              </coordinates>
            </LinearRing>
          </outerBoundaryIs>
        </Polygon>
      </Placemark>
      <Placemark id="Lote_A.43">
        <ExtendedData>
          <SchemaData schemaUrl="#Lote_A.schema">
            <SimpleData name="Cédula">7445311.00000000000</SimpleData>
            <SimpleData name="Nombres_y_">MIRTHA NELLY GARCIA BARRETO</SimpleData>
            <SimpleData name="Sexo">Mujer</SimpleData>
            <SimpleData name="Cambio_de_">NO</SimpleData>
            <SimpleData name="Titular_se">NO</SimpleData>
            <SimpleData name="ci_UNIF">7445311.00000000000</SimpleData>
            <SimpleData name="Situación">NO</SimpleData>
            <SimpleData name="Comunidad">Campesina</SimpleData>
            <SimpleData name="Modelo_imp">Modelo 1</SimpleData>
            <SimpleData name="Departamen">CAAZAPA</SimpleData>
            <SimpleData name="Distrito">TAVA?</SimpleData>
            <SimpleData name="Localidad">ITA ANGUA</SimpleData>
            <SimpleData name="Teléfono">0984853124</SimpleData>
            <SimpleData name="Vivienda_L">-26.18801180000</SimpleData>
            <SimpleData name="Vivienda_1">-55.55657760000</SimpleData>
            <SimpleData name="Superficie">0.80000000000</SimpleData>
            <SimpleData name="Situaci_1">Par?metro</SimpleData>
            <SimpleData name="Plantado">SI</SimpleData>
            <SimpleData name="Plantado_f">2025/10/16</SimpleData>
            <SimpleData name="Jornales">0.00000000000</SimpleData>
            <SimpleData name="Monto">0.00000000000</SimpleData>
            <SimpleData name="Grupo_de_p">A-P2</SimpleData>
            <SimpleData name="Estado_del">Activo</SimpleData>
            <SimpleData name="Empresa">Red Forestal Paraguay SA</SimpleData>
            <SimpleData name="Lote">A</SimpleData>
            <SimpleData name="Parametro">0.80000000000</SimpleData>
            <SimpleData name="Sup_Sig">1.08318006823</SimpleData>
            <SimpleData name="Situacion">Cumple</SimpleData>
            <SimpleData name="X">-55.56255686000</SimpleData>
            <SimpleData name="Y">-26.18817686000</SimpleData>
            <SimpleData name="Shape_Leng">542.61076746100</SimpleData>
            <SimpleData name="Shape_Area">10831.80068230000</SimpleData>
          </SchemaData>
        </ExtendedData>
        <Polygon>
          <outerBoundaryIs>
            <LinearRing>
              <coordinates>
                -55.5616296997244,-26.1877797003135,0
                -55.561454100106,-26.1883037001095,0
                -55.5620243004869,-26.188373799934,0
                -55.5620858001293,-26.1882792003088,0
                -55.5635899996206,-26.1885848998664,0
                -55.5636626996173,-26.1881250999642,0
                -55.5616296997244,-26.1877797003135,0
              </coordinates>
            </LinearRing>
          </outerBoundaryIs>
        </Polygon>
      </Placemark>
      <Placemark id="Lote_A.44">
        <ExtendedData>
          <SchemaData schemaUrl="#Lote_A.schema">
            <SimpleData name="Cédula">4778726.00000000000</SimpleData>
            <SimpleData name="Nombres_y_">GRACIELA  ORTIZ FERREIRA</SimpleData>
            <SimpleData name="Sexo">Mujer</SimpleData>
            <SimpleData name="Cambio_de_">NO</SimpleData>
            <SimpleData name="Titular_se">NO</SimpleData>
            <SimpleData name="ci_UNIF">4778726.00000000000</SimpleData>
            <SimpleData name="Situación">NO</SimpleData>
            <SimpleData name="Comunidad">Campesina</SimpleData>
            <SimpleData name="Modelo_imp">Modelo 1</SimpleData>
            <SimpleData name="Departamen">CAAZAPA</SimpleData>
            <SimpleData name="Distrito">TAVA?</SimpleData>
            <SimpleData name="Localidad">ENRAMADITA</SimpleData>
            <SimpleData name="Teléfono">983350694</SimpleData>
            <SimpleData name="Vivienda_L">-26.17407920000</SimpleData>
            <SimpleData name="Vivienda_1">-55.69942530000</SimpleData>
            <SimpleData name="Superficie">0.80000000000</SimpleData>
            <SimpleData name="Situaci_1">Par?metro</SimpleData>
            <SimpleData name="Plantado">SI</SimpleData>
            <SimpleData name="Plantado_f">2026/01/05</SimpleData>
            <SimpleData name="Jornales">0.00000000000</SimpleData>
            <SimpleData name="Monto">0.00000000000</SimpleData>
            <SimpleData name="Grupo_de_p">A-P2</SimpleData>
            <SimpleData name="Estado_del">Activo</SimpleData>
            <SimpleData name="Empresa">Red Forestal Paraguay SA</SimpleData>
            <SimpleData name="Lote">A</SimpleData>
            <SimpleData name="Parametro">0.80000000000</SimpleData>
            <SimpleData name="Sup_Sig">0.99483918666</SimpleData>
            <SimpleData name="Situacion">Cumple</SimpleData>
            <SimpleData name="X">-55.72812183000</SimpleData>
            <SimpleData name="Y">-26.30563263000</SimpleData>
            <SimpleData name="Shape_Leng">457.51688042800</SimpleData>
            <SimpleData name="Shape_Area">9948.39186664000</SimpleData>
          </SchemaData>
        </ExtendedData>
        <Polygon>
          <outerBoundaryIs>
            <LinearRing>
              <coordinates>
                -55.7272732998551,-26.3056867001672,0
                -55.7275699996664,-26.3062599999308,0
                -55.7290716998164,-26.3053950000731,0
                -55.7289399995257,-26.3051432999578,0
                -55.7285482995067,-26.3051799996427,0
                -55.7283332995284,-26.3052349995688,0
                -55.7272732998551,-26.3056867001672,0
              </coordinates>
            </LinearRing>
          </outerBoundaryIs>
        </Polygon>
      </Placemark>
      <Placemark id="Lote_A.45">
        <ExtendedData>
          <SchemaData schemaUrl="#Lote_A.schema">
            <SimpleData name="Cédula">6781967.00000000000</SimpleData>
            <SimpleData name="Nombres_y_">FRANCISCA AVALOS ROTELA</SimpleData>
            <SimpleData name="Sexo">Mujer</SimpleData>
            <SimpleData name="Cambio_de_">NO</SimpleData>
            <SimpleData name="Titular_se">NO</SimpleData>
            <SimpleData name="ci_UNIF">6781967.00000000000</SimpleData>
            <SimpleData name="Situación">NO</SimpleData>
            <SimpleData name="Comunidad">Campesina</SimpleData>
            <SimpleData name="Modelo_imp">Modelo 1</SimpleData>
            <SimpleData name="Departamen">CAAZAPA</SimpleData>
            <SimpleData name="Distrito">TAVA?</SimpleData>
            <SimpleData name="Localidad">ENRAMADITA</SimpleData>
            <SimpleData name="Teléfono">0986342998</SimpleData>
            <SimpleData name="Vivienda_L">-26.16633190000</SimpleData>
            <SimpleData name="Vivienda_1">-55.67371350000</SimpleData>
            <SimpleData name="Superficie">0.80000000000</SimpleData>
            <SimpleData name="Situaci_1">Pol?gono</SimpleData>
            <SimpleData name="Plantado">SI</SimpleData>
            <SimpleData name="Plantado_f">2025/09/26</SimpleData>
            <SimpleData name="Jornales">0.00000000000</SimpleData>
            <SimpleData name="Monto">0.00000000000</SimpleData>
            <SimpleData name="Grupo_de_p">A-P1</SimpleData>
            <SimpleData name="Estado_del">Activo</SimpleData>
            <SimpleData name="Empresa">Red Forestal Paraguay SA</SimpleData>
            <SimpleData name="Lote">A</SimpleData>
            <SimpleData name="Parametro">0.80000000000</SimpleData>
            <SimpleData name="Sup_Sig">0.87057971371</SimpleData>
            <SimpleData name="Situacion">Cumple</SimpleData>
            <SimpleData name="X">-55.67241898000</SimpleData>
            <SimpleData name="Y">-26.13883901000</SimpleData>
            <SimpleData name="Shape_Leng">375.36802057400</SimpleData>
            <SimpleData name="Shape_Area">8705.79713710000</SimpleData>
          </SchemaData>
        </ExtendedData>
        <Polygon>
          <outerBoundaryIs>
            <LinearRing>
              <coordinates>
                -55.6717817000821,-26.1391220002092,0
                -55.672773499571,-26.1393052000204,0
                -55.6730417002927,-26.1385532999861,0
                -55.6720859000273,-26.1383678004801,0
                -55.6717817000821,-26.1391220002092,0
              </coordinates>
            </LinearRing>
          </outerBoundaryIs>
        </Polygon>
      </Placemark>
      <Placemark id="Lote_A.46">
        <ExtendedData>
          <SchemaData schemaUrl="#Lote_A.schema">
            <SimpleData name="Cédula">5651595.00000000000</SimpleData>
            <SimpleData name="Nombres_y_">NILDA DAIANA VENIALGO</SimpleData>
            <SimpleData name="Sexo">Mujer</SimpleData>
            <SimpleData name="Cambio_de_">NO</SimpleData>
            <SimpleData name="Titular_se">NO</SimpleData>
            <SimpleData name="ci_UNIF">5651595.00000000000</SimpleData>
            <SimpleData name="Situación">NO</SimpleData>
            <SimpleData name="Comunidad">Campesina</SimpleData>
            <SimpleData name="Modelo_imp">Modelo 5</SimpleData>
            <SimpleData name="Departamen">ITAPUA</SimpleData>
            <SimpleData name="Distrito">ALTO VERA</SimpleData>
            <SimpleData name="Localidad">SAN ROQUE GONZALEZ</SimpleData>
            <SimpleData name="Teléfono">0982046677</SimpleData>
            <SimpleData name="Vivienda_L">-26.69327580000</SimpleData>
            <SimpleData name="Vivienda_1">-55.84351880000</SimpleData>
            <SimpleData name="Superficie">0.70000000000</SimpleData>
            <SimpleData name="Situaci_1">Par?metro</SimpleData>
            <SimpleData name="Plantado">SI</SimpleData>
            <SimpleData name="Plantado_f">2026/01/09</SimpleData>
            <SimpleData name="Jornales">0.00000000000</SimpleData>
            <SimpleData name="Monto">0.00000000000</SimpleData>
            <SimpleData name="Grupo_de_p">A-P2</SimpleData>
            <SimpleData name="Estado_del">Activo</SimpleData>
            <SimpleData name="Empresa">Red Forestal Paraguay SA</SimpleData>
            <SimpleData name="Lote">A</SimpleData>
            <SimpleData name="Parametro">0.70000000000</SimpleData>
            <SimpleData name="Sup_Sig">0.75819931039</SimpleData>
            <SimpleData name="Situacion">Cumple</SimpleData>
            <SimpleData name="X">-55.84331185000</SimpleData>
            <SimpleData name="Y">-26.69265227000</SimpleData>
            <SimpleData name="Shape_Leng">591.69895299900</SimpleData>
            <SimpleData name="Shape_Area">7581.99310385000</SimpleData>
          </SchemaData>
        </ExtendedData>
        <MultiGeometry>
          <Polygon>
            <outerBoundaryIs>
              <LinearRing>
                <coordinates>
                  -55.8427451006513,-26.6927619010963,0
                  -55.8430367004678,-26.6932534009888,0
                  -55.8432599999622,-26.6930798998868,0
                  -55.8432875001192,-26.6928581003226,0
                  -55.8433772002989,-26.6927571003878,0
                  -55.843697000277,-26.69294630075,0
                  -55.8439105999175,-26.6927325003589,0
                  -55.8438960003529,-26.6925855005177,0
                  -55.8435902004369,-26.6921489007621,0
                  -55.8427451006513,-26.6927619010963,0
                </coordinates>
              </LinearRing>
            </outerBoundaryIs>
          </Polygon>
          <Polygon>
            <outerBoundaryIs>
              <LinearRing>
                <coordinates>
                  -55.8427344000013,-26.6927362008741,0
                  -55.8434606001772,-26.692198100662,0
                  -55.8434075999353,-26.6921134008593,0
                  -55.842670100472,-26.6926633011379,0
                  -55.8427344000013,-26.6927362008741,0
                </coordinates>
              </LinearRing>
            </outerBoundaryIs>
          </Polygon>
        </MultiGeometry>
      </Placemark>
      <Placemark id="Lote_A.47">
        <ExtendedData>
          <SchemaData schemaUrl="#Lote_A.schema">
            <SimpleData name="Cédula">7311473.00000000000</SimpleData>
            <SimpleData name="Nombres_y_">VERONICA BRIZUELA MARTINEZ</SimpleData>
            <SimpleData name="Sexo">Mujer</SimpleData>
            <SimpleData name="Cambio_de_">NO</SimpleData>
            <SimpleData name="Titular_se">NO</SimpleData>
            <SimpleData name="ci_UNIF">7311473.00000000000</SimpleData>
            <SimpleData name="Situación">NO</SimpleData>
            <SimpleData name="Comunidad">Ind?gena</SimpleData>
            <SimpleData name="Modelo_imp">Modelo 3</SimpleData>
            <SimpleData name="Departamen">ITAPUA</SimpleData>
            <SimpleData name="Distrito">ALTO VERA</SimpleData>
            <SimpleData name="Localidad">COM INDIG MBERU - PIRAPO I</SimpleData>
            <SimpleData name="Teléfono">0986261717</SimpleData>
            <SimpleData name="Vivienda_L">-26.70464130000</SimpleData>
            <SimpleData name="Vivienda_1">-55.66162110000</SimpleData>
            <SimpleData name="Superficie">1.00000000000</SimpleData>
            <SimpleData name="Situaci_1">Par?metro</SimpleData>
            <SimpleData name="Plantado">SI</SimpleData>
            <SimpleData name="Plantado_f">2025/11/06</SimpleData>
            <SimpleData name="Jornales">0.00000000000</SimpleData>
            <SimpleData name="Monto">0.00000000000</SimpleData>
            <SimpleData name="Grupo_de_p">A-P2</SimpleData>
            <SimpleData name="Estado_del">Activo</SimpleData>
            <SimpleData name="Empresa">Red Forestal Paraguay SA</SimpleData>
            <SimpleData name="Lote">A</SimpleData>
            <SimpleData name="Parametro">1.00000000000</SimpleData>
            <SimpleData name="Sup_Sig">1.04434983989</SimpleData>
            <SimpleData name="Situacion">Cumple</SimpleData>
            <SimpleData name="X">-55.64956527000</SimpleData>
            <SimpleData name="Y">-26.69451476000</SimpleData>
            <SimpleData name="Shape_Leng">421.07297134100</SimpleData>
            <SimpleData name="Shape_Area">10443.49839890000</SimpleData>
          </SchemaData>
        </ExtendedData>
        <Polygon>
          <outerBoundaryIs>
            <LinearRing>
              <coordinates>
                -55.6489611220251,-26.6946186761319,0
                -55.6489883000355,-26.6946383005178,0
                -55.6489788879156,-26.6946479209028,0
                -55.6497179002438,-26.6952127001514,0
                -55.6502194001621,-26.694584100329,0
                -55.6493841996229,-26.69372479979,0
                -55.6489611220251,-26.6946186761319,0
              </coordinates>
            </LinearRing>
          </outerBoundaryIs>
        </Polygon>
      </Placemark>
      <Placemark id="Lote_A.48">
        <ExtendedData>
          <SchemaData schemaUrl="#Lote_A.schema">
            <SimpleData name="Cédula">5748908.00000000000</SimpleData>
            <SimpleData name="Nombres_y_">LEONARDO TROCHE VERA</SimpleData>
            <SimpleData name="Sexo">Hombre</SimpleData>
            <SimpleData name="Cambio_de_">NO</SimpleData>
            <SimpleData name="Titular_se">NO</SimpleData>
            <SimpleData name="ci_UNIF">5748908.00000000000</SimpleData>
            <SimpleData name="Situación">NO</SimpleData>
            <SimpleData name="Comunidad">Campesina</SimpleData>
            <SimpleData name="Modelo_imp">Modelo 1</SimpleData>
            <SimpleData name="Departamen">CAAZAPA</SimpleData>
            <SimpleData name="Distrito">TAVA?</SimpleData>
            <SimpleData name="Localidad">SAN AGUSTIN</SimpleData>
            <SimpleData name="Teléfono">0983211668</SimpleData>
            <SimpleData name="Vivienda_L">-26.15863090000</SimpleData>
            <SimpleData name="Vivienda_1">-55.59286900000</SimpleData>
            <SimpleData name="Superficie">0.80000000000</SimpleData>
            <SimpleData name="Situaci_1">Pol?gono</SimpleData>
            <SimpleData name="Plantado">SI</SimpleData>
            <SimpleData name="Plantado_f">2025/10/24</SimpleData>
            <SimpleData name="Jornales">0.00000000000</SimpleData>
            <SimpleData name="Monto">0.00000000000</SimpleData>
            <SimpleData name="Grupo_de_p">A-P1</SimpleData>
            <SimpleData name="Estado_del">Activo</SimpleData>
            <SimpleData name="Empresa">Red Forestal Paraguay SA</SimpleData>
            <SimpleData name="Lote">A</SimpleData>
            <SimpleData name="Parametro">0.80000000000</SimpleData>
            <SimpleData name="Sup_Sig">0.87935112286</SimpleData>
            <SimpleData name="Situacion">Cumple</SimpleData>
            <SimpleData name="X">-55.59409931000</SimpleData>
            <SimpleData name="Y">-26.16340408000</SimpleData>
            <SimpleData name="Shape_Leng">377.81562668500</SimpleData>
            <SimpleData name="Shape_Area">8793.51122858000</SimpleData>
          </SchemaData>
        </ExtendedData>
        <Polygon>
          <outerBoundaryIs>
            <LinearRing>
              <coordinates>
                -55.5936477995134,-26.1637933007386,0
                -55.5945710002479,-26.163893299479,0
                -55.5945323000553,-26.1630237001078,0
                -55.5936591002077,-26.1628910994973,0
                -55.5936477995134,-26.1637933007386,0
              </coordinates>
            </LinearRing>
          </outerBoundaryIs>
        </Polygon>
      </Placemark>
      <Placemark id="Lote_A.49">
        <ExtendedData>
          <SchemaData schemaUrl="#Lote_A.schema">
            <SimpleData name="Cédula">6886608.00000000000</SimpleData>
            <SimpleData name="Nombres_y_">BLANCA ROSA IBARRA FERNANDEZ</SimpleData>
            <SimpleData name="Sexo">Mujer</SimpleData>
            <SimpleData name="Cambio_de_">SI</SimpleData>
            <SimpleData name="Titular_se">ROSARINA FERN?NDEZ DE IBARRA</SimpleData>
            <SimpleData name="Cédula_Ti">3504570</SimpleData>
            <SimpleData name="ci_UNIF">3504570.00000000000</SimpleData>
            <SimpleData name="Situación">NA</SimpleData>
            <SimpleData name="Comunidad">Campesina</SimpleData>
            <SimpleData name="Modelo_imp">Modelo 5</SimpleData>
            <SimpleData name="Departamen">CAAZAPA</SimpleData>
            <SimpleData name="Distrito">TAVA?</SimpleData>
            <SimpleData name="Localidad">TORO BLANCO</SimpleData>
            <SimpleData name="Teléfono">0984621242</SimpleData>
            <SimpleData name="Vivienda_L">-26.25444950000</SimpleData>
            <SimpleData name="Vivienda_1">-55.69907390000</SimpleData>
            <SimpleData name="Superficie">0.70000000000</SimpleData>
            <SimpleData name="Situaci_1">Pol?gono</SimpleData>
            <SimpleData name="Plantado">SI</SimpleData>
            <SimpleData name="Plantado_f">2025/10/08</SimpleData>
            <SimpleData name="Jornales">0.00000000000</SimpleData>
            <SimpleData name="Monto">0.00000000000</SimpleData>
            <SimpleData name="Grupo_de_p">A-P2</SimpleData>
            <SimpleData name="Estado_del">Activo</SimpleData>
            <SimpleData name="Empresa">Red Forestal Paraguay SA</SimpleData>
            <SimpleData name="Lote">A</SimpleData>
            <SimpleData name="Parametro">0.70000000000</SimpleData>
            <SimpleData name="Sup_Sig">0.77798481375</SimpleData>
            <SimpleData name="Situacion">Cumple</SimpleData>
            <SimpleData name="X">-55.69747953000</SimpleData>
            <SimpleData name="Y">-26.25446902000</SimpleData>
            <SimpleData name="Shape_Leng">411.14357332700</SimpleData>
            <SimpleData name="Shape_Area">7779.84813751000</SimpleData>
          </SchemaData>
        </ExtendedData>
        <Polygon>
          <outerBoundaryIs>
            <LinearRing>
              <coordinates>
                -55.6969817001574,-26.2541117004568,0
                -55.6966783000948,-26.2547500001853,0
                -55.6983117003743,-26.2546516997982,0
                -55.6983466997871,-26.2543700004055,0
                -55.6969817001574,-26.2541117004568,0
              </coordinates>
            </LinearRing>
          </outerBoundaryIs>
        </Polygon>
      </Placemark>
      <Placemark id="Lote_A.50">
        <ExtendedData>
          <SchemaData schemaUrl="#Lote_A.schema">
            <SimpleData name="Cédula">5078380.00000000000</SimpleData>
            <SimpleData name="Nombres_y_">MAGNO JAVIER ACOSTA VERA</SimpleData>
            <SimpleData name="Sexo">Hombre</SimpleData>
            <SimpleData name="Cambio_de_">NO</SimpleData>
            <SimpleData name="Titular_se">NO</SimpleData>
            <SimpleData name="ci_UNIF">5078380.00000000000</SimpleData>
            <SimpleData name="Situación">NO</SimpleData>
            <SimpleData name="Comunidad">Campesina</SimpleData>
            <SimpleData name="Modelo_imp">Modelo 1</SimpleData>
            <SimpleData name="Departamen">CAAZAPA</SimpleData>
            <SimpleData name="Distrito">TAVA?</SimpleData>
            <SimpleData name="Localidad">TORO BLANCO</SimpleData>
            <SimpleData name="Teléfono">0984957624</SimpleData>
            <SimpleData name="Vivienda_L">-26.23464260000</SimpleData>
            <SimpleData name="Vivienda_1">-55.68552560000</SimpleData>
            <SimpleData name="Superficie">0.90000000000</SimpleData>
            <SimpleData name="Situaci_1">Pol?gono</SimpleData>
            <SimpleData name="Plantado">SI</SimpleData>
            <SimpleData name="Plantado_f">2025/11/11</SimpleData>
            <SimpleData name="Jornales">0.00000000000</SimpleData>
            <SimpleData name="Monto">0.00000000000</SimpleData>
            <SimpleData name="Grupo_de_p">A-P1</SimpleData>
            <SimpleData name="Estado_del">Activo</SimpleData>
            <SimpleData name="Empresa">Red Forestal Paraguay SA</SimpleData>
            <SimpleData name="Lote">A</SimpleData>
            <SimpleData name="Parametro">0.80000000000</SimpleData>
            <SimpleData name="Sup_Sig">0.91496374065</SimpleData>
            <SimpleData name="Situacion">Cumple</SimpleData>
            <SimpleData name="X">-55.67152141000</SimpleData>
            <SimpleData name="Y">-26.23780095000</SimpleData>
            <SimpleData name="Shape_Leng">381.58757362600</SimpleData>
            <SimpleData name="Shape_Area">9149.63740645000</SimpleData>
          </SchemaData>
        </ExtendedData>
        <Polygon>
          <outerBoundaryIs>
            <LinearRing>
              <coordinates>
                -55.6710961001673,-26.2373488999888,0
                -55.6710349995515,-26.238268300029,0
                -55.672106699877,-26.2381800004255,0
                -55.6719333003098,-26.2375932999524,0
                -55.6718970998733,-26.2374154002544,0
                -55.6717182004667,-26.2372946003073,0
                -55.6710961001673,-26.2373488999888,0
              </coordinates>
            </LinearRing>
          </outerBoundaryIs>
        </Polygon>
      </Placemark>
      <Placemark id="Lote_A.51">
        <ExtendedData>
          <SchemaData schemaUrl="#Lote_A.schema">
            <SimpleData name="Cédula">3262711.00000000000</SimpleData>
            <SimpleData name="Nombres_y_">SILVIO CHAMORRO AVALOS</SimpleData>
            <SimpleData name="Sexo">Hombre</SimpleData>
            <SimpleData name="Cambio_de_">NO</SimpleData>
            <SimpleData name="Titular_se">NO</SimpleData>
            <SimpleData name="ci_UNIF">3262711.00000000000</SimpleData>
            <SimpleData name="Situación">NO</SimpleData>
            <SimpleData name="Comunidad">Campesina</SimpleData>
            <SimpleData name="Modelo_imp">Modelo 1</SimpleData>
            <SimpleData name="Departamen">CAAZAPA</SimpleData>
            <SimpleData name="Distrito">TAVA?</SimpleData>
            <SimpleData name="Localidad">TORANZO 2</SimpleData>
            <SimpleData name="Teléfono">0983158813</SimpleData>
            <SimpleData name="Vivienda_L">-26.15396690000</SimpleData>
            <SimpleData name="Vivienda_1">-55.47431410000</SimpleData>
            <SimpleData name="Superficie">0.80000000000</SimpleData>
            <SimpleData name="Situaci_1">Pol?gono</SimpleData>
            <SimpleData name="Plantado">SI</SimpleData>
            <SimpleData name="Plantado_f">2025/11/06</SimpleData>
            <SimpleData name="Jornales">0.00000000000</SimpleData>
            <SimpleData name="Monto">0.00000000000</SimpleData>
            <SimpleData name="Grupo_de_p">A-P1</SimpleData>
            <SimpleData name="Estado_del">Activo</SimpleData>
            <SimpleData name="Empresa">Red Forestal Paraguay SA</SimpleData>
            <SimpleData name="Lote">A</SimpleData>
            <SimpleData name="Parametro">0.80000000000</SimpleData>
            <SimpleData name="Sup_Sig">0.84199410957</SimpleData>
            <SimpleData name="Situacion">Cumple</SimpleData>
            <SimpleData name="X">-55.46302469000</SimpleData>
            <SimpleData name="Y">-26.14409591000</SimpleData>
            <SimpleData name="Shape_Leng">577.41366706300</SimpleData>
            <SimpleData name="Shape_Area">8419.94109567000</SimpleData>
          </SchemaData>
        </ExtendedData>
        <MultiGeometry>
          <Polygon>
            <outerBoundaryIs>
              <LinearRing>
                <coordinates>
                  -55.4604571001586,-26.1443080995282,0
                  -55.4615217002748,-26.1442532993462,0
                  -55.4614499998368,-26.1439349994307,0
                  -55.4606417999383,-26.1439276000078,0
                  -55.4604305001676,-26.1439470007941,0
                  -55.4604571001586,-26.1443080995282,0
                </coordinates>
              </LinearRing>
            </outerBoundaryIs>
          </Polygon>
          <Polygon>
            <outerBoundaryIs>
              <LinearRing>
                <coordinates>
                  -55.4629211998045,-26.14431789973,0
                  -55.4636401995863,-26.144193999665,0
                  -55.4636138997504,-26.1440073002271,0
                  -55.4634460998756,-26.1439045004238,0
                  -55.4624580998284,-26.1439307999636,0
                  -55.4624843002706,-26.1442473002497,0
                  -55.4629211998045,-26.14431789973,0
                </coordinates>
              </LinearRing>
            </outerBoundaryIs>
          </Polygon>
        </MultiGeometry>
      </Placemark>
      <Placemark id="Lote_A.52">
        <ExtendedData>
          <SchemaData schemaUrl="#Lote_A.schema">
            <SimpleData name="Cédula">7102731.00000000000</SimpleData>
            <SimpleData name="Nombres_y_">MARIZA MEDINA FRANCO</SimpleData>
            <SimpleData name="Sexo">Mujer</SimpleData>
            <SimpleData name="Cambio_de_">NO</SimpleData>
            <SimpleData name="Titular_se">NO</SimpleData>
            <SimpleData name="ci_UNIF">7102731.00000000000</SimpleData>
            <SimpleData name="Situación">NO</SimpleData>
            <SimpleData name="Comunidad">Ind?gena</SimpleData>
            <SimpleData name="Modelo_imp">Modelo 3</SimpleData>
            <SimpleData name="Departamen">ITAPUA</SimpleData>
            <SimpleData name="Distrito">ALTO VERA</SimpleData>
            <SimpleData name="Localidad">COM INDIG MBERU - PIRAPO I</SimpleData>
            <SimpleData name="Teléfono">0985225108</SimpleData>
            <SimpleData name="Vivienda_L">-26.70454500000</SimpleData>
            <SimpleData name="Vivienda_1">-55.65958170000</SimpleData>
            <SimpleData name="Superficie">1.00000000000</SimpleData>
            <SimpleData name="Situaci_1">Pol?gono</SimpleData>
            <SimpleData name="Plantado">SI</SimpleData>
            <SimpleData name="Plantado_f">2025/11/06</SimpleData>
            <SimpleData name="Jornales">0.00000000000</SimpleData>
            <SimpleData name="Monto">0.00000000000</SimpleData>
            <SimpleData name="Grupo_de_p">A-P2</SimpleData>
            <SimpleData name="Estado_del">Activo</SimpleData>
            <SimpleData name="Empresa">Red Forestal Paraguay SA</SimpleData>
            <SimpleData name="Lote">A</SimpleData>
            <SimpleData name="Parametro">1.00000000000</SimpleData>
            <SimpleData name="Sup_Sig">1.02200901148</SimpleData>
            <SimpleData name="Situacion">Cumple</SimpleData>
            <SimpleData name="X">-55.64846622000</SimpleData>
            <SimpleData name="Y">-26.69607696000</SimpleData>
            <SimpleData name="Shape_Leng">410.08484975300</SimpleData>
            <SimpleData name="Shape_Area">10220.09011480000</SimpleData>
          </SchemaData>
        </ExtendedData>
        <Polygon>
          <outerBoundaryIs>
            <LinearRing>
              <coordinates>
                -55.6478498997133,-26.6964448997369,0
                -55.6485683000129,-26.6967082996367,0
                -55.6491424005091,-26.6958305002339,0
                -55.6482882999203,-26.6954067002525,0
                -55.6478498997133,-26.6964448997369,0
              </coordinates>
            </LinearRing>
          </outerBoundaryIs>
        </Polygon>
      </Placemark>
      <Placemark id="Lote_A.53">
        <ExtendedData>
          <SchemaData schemaUrl="#Lote_A.schema">
            <SimpleData name="Cédula">3009418.00000000000</SimpleData>
            <SimpleData name="Nombres_y_">SARA ACU?A DUARTE</SimpleData>
            <SimpleData name="Sexo">Mujer</SimpleData>
            <SimpleData name="Cambio_de_">NO</SimpleData>
            <SimpleData name="Titular_se">NO</SimpleData>
            <SimpleData name="ci_UNIF">3009418.00000000000</SimpleData>
            <SimpleData name="Situación">NO</SimpleData>
            <SimpleData name="Comunidad">Campesina</SimpleData>
            <SimpleData name="Modelo_imp">Modelo 1</SimpleData>
            <SimpleData name="Departamen">CAAZAPA</SimpleData>
            <SimpleData name="Distrito">TAVA?</SimpleData>
            <SimpleData name="Localidad">TORO BLANCO</SimpleData>
            <SimpleData name="Teléfono">0981767082</SimpleData>
            <SimpleData name="Vivienda_L">-26.24034280000</SimpleData>
            <SimpleData name="Vivienda_1">-55.69065360000</SimpleData>
            <SimpleData name="Superficie">0.80000000000</SimpleData>
            <SimpleData name="Situaci_1">Pol?gono</SimpleData>
            <SimpleData name="Plantado">SI</SimpleData>
            <SimpleData name="Plantado_f">2025/09/27</SimpleData>
            <SimpleData name="Jornales">0.00000000000</SimpleData>
            <SimpleData name="Monto">0.00000000000</SimpleData>
            <SimpleData name="Grupo_de_p">A-P1</SimpleData>
            <SimpleData name="Estado_del">Activo</SimpleData>
            <SimpleData name="Empresa">Red Forestal Paraguay SA</SimpleData>
            <SimpleData name="Lote">A</SimpleData>
            <SimpleData name="Parametro">0.80000000000</SimpleData>
            <SimpleData name="Sup_Sig">1.01518465641</SimpleData>
            <SimpleData name="Situacion">Cumple</SimpleData>
            <SimpleData name="X">-55.68975005000</SimpleData>
            <SimpleData name="Y">-26.23830584000</SimpleData>
            <SimpleData name="Shape_Leng">547.37416576100</SimpleData>
            <SimpleData name="Shape_Area">10151.84656410000</SimpleData>
          </SchemaData>
        </ExtendedData>
        <Polygon>
          <outerBoundaryIs>
            <LinearRing>
              <coordinates>
                -55.6890199000941,-26.2378588006351,0
                -55.6901634997595,-26.2392492997246,0
                -55.6905542000585,-26.2390014993571,0
                -55.6901774000173,-26.2385826992957,0
                -55.6899878003115,-26.2386773007019,0
                -55.6897988006207,-26.2383880996247,0
                -55.6900510004478,-26.2379903002148,0
                -55.6896552995975,-26.2375433998859,0
                -55.6892514005652,-26.2376405996424,0
                -55.6890199000941,-26.2378588006351,0
              </coordinates>
            </LinearRing>
          </outerBoundaryIs>
        </Polygon>
      </Placemark>
      <Placemark id="Lote_A.54">
        <ExtendedData>
          <SchemaData schemaUrl="#Lote_A.schema">
            <SimpleData name="Cédula">8118265.00000000000</SimpleData>
            <SimpleData name="Nombres_y_">CATALINA OCAMPO GARAY</SimpleData>
            <SimpleData name="Sexo">Mujer</SimpleData>
            <SimpleData name="Cambio_de_">NO</SimpleData>
            <SimpleData name="Titular_se">NO</SimpleData>
            <SimpleData name="ci_UNIF">8118265.00000000000</SimpleData>
            <SimpleData name="Situación">NO</SimpleData>
            <SimpleData name="Comunidad">Ind?gena</SimpleData>
            <SimpleData name="Modelo_imp">Modelo 3</SimpleData>
            <SimpleData name="Departamen">ITAPUA</SimpleData>
            <SimpleData name="Distrito">ALTO VERA</SimpleData>
            <SimpleData name="Localidad">COM INDIG MBERU - PIRAPO I</SimpleData>
            <SimpleData name="Teléfono">0985880249</SimpleData>
            <SimpleData name="Vivienda_L">-26.70453240000</SimpleData>
            <SimpleData name="Vivienda_1">-55.65748830000</SimpleData>
            <SimpleData name="Superficie">1.00000000000</SimpleData>
            <SimpleData name="Situaci_1">Par?metro</SimpleData>
            <SimpleData name="Plantado">SI</SimpleData>
            <SimpleData name="Plantado_f">2025/11/06</SimpleData>
            <SimpleData name="Jornales">0.00000000000</SimpleData>
            <SimpleData name="Monto">0.00000000000</SimpleData>
            <SimpleData name="Grupo_de_p">A-P2</SimpleData>
            <SimpleData name="Estado_del">Activo</SimpleData>
            <SimpleData name="Empresa">Red Forestal Paraguay SA</SimpleData>
            <SimpleData name="Lote">A</SimpleData>
            <SimpleData name="Parametro">1.00000000000</SimpleData>
            <SimpleData name="Sup_Sig">1.02112619781</SimpleData>
            <SimpleData name="Situacion">Cumple</SimpleData>
            <SimpleData name="X">-55.64994258000</SimpleData>
            <SimpleData name="Y">-26.69338216000</SimpleData>
            <SimpleData name="Shape_Leng">424.31705216600</SimpleData>
            <SimpleData name="Shape_Area">10211.26197810000</SimpleData>
          </SchemaData>
        </ExtendedData>
        <Polygon>
          <outerBoundaryIs>
            <LinearRing>
              <coordinates>
                -55.6501086538208,-26.6939020268193,0
                -55.6500858005598,-26.6938921997666,0
                -55.6502722046054,-26.6936402375428,0
                -55.6505482996781,-26.6931983001474,0
                -55.6498883004226,-26.6926100000246,0
                -55.649366699784,-26.6935782996615,0
                -55.6499433004118,-26.694166700167,0
                -55.6501086538208,-26.6939020268193,0
              </coordinates>
            </LinearRing>
          </outerBoundaryIs>
        </Polygon>
      </Placemark>
      <Placemark id="Lote_A.55">
        <ExtendedData>
          <SchemaData schemaUrl="#Lote_A.schema">
            <SimpleData name="Cédula">5103631.00000000000</SimpleData>
            <SimpleData name="Nombres_y_">TEODORA AQUINO AQUINO</SimpleData>
            <SimpleData name="Sexo">Mujer</SimpleData>
            <SimpleData name="Cambio_de_">NO</SimpleData>
            <SimpleData name="Titular_se">NO</SimpleData>
            <SimpleData name="ci_UNIF">5103631.00000000000</SimpleData>
            <SimpleData name="Situación">NO</SimpleData>
            <SimpleData name="Comunidad">Campesina</SimpleData>
            <SimpleData name="Modelo_imp">Modelo 1</SimpleData>
            <SimpleData name="Departamen">CAAZAPA</SimpleData>
            <SimpleData name="Distrito">TAVA?</SimpleData>
            <SimpleData name="Localidad">8 DE DICIEMBRE</SimpleData>
            <SimpleData name="Teléfono">0975977252</SimpleData>
            <SimpleData name="Vivienda_L">-26.16813450000</SimpleData>
            <SimpleData name="Vivienda_1">-55.48321970000</SimpleData>
            <SimpleData name="Superficie">0.80000000000</SimpleData>
            <SimpleData name="Situaci_1">Pol?gono</SimpleData>
            <SimpleData name="Plantado">SI</SimpleData>
            <SimpleData name="Plantado_f">2025/11/05</SimpleData>
            <SimpleData name="Jornales">0.00000000000</SimpleData>
            <SimpleData name="Monto">0.00000000000</SimpleData>
            <SimpleData name="Grupo_de_p">A-P1</SimpleData>
            <SimpleData name="Estado_del">Activo</SimpleData>
            <SimpleData name="Empresa">Red Forestal Paraguay SA</SimpleData>
            <SimpleData name="Lote">A</SimpleData>
            <SimpleData name="Parametro">0.80000000000</SimpleData>
            <SimpleData name="Sup_Sig">0.83881476703</SimpleData>
            <SimpleData name="Situacion">Cumple</SimpleData>
            <SimpleData name="X">-55.50543800000</SimpleData>
            <SimpleData name="Y">-26.16368725000</SimpleData>
            <SimpleData name="Shape_Leng">427.54345124400</SimpleData>
            <SimpleData name="Shape_Area">8388.14767032000</SimpleData>
          </SchemaData>
        </ExtendedData>
        <Polygon>
          <outerBoundaryIs>
            <LinearRing>
              <coordinates>
                -55.5048917001243,-26.1633440999035,0
                -55.5049464997723,-26.1642126000605,0
                -55.5050987003694,-26.1642215996528,0
                -55.5051526007514,-26.1639724008454,0
                -55.5056303001239,-26.1639849004009,0
                -55.505781099713,-26.1640239002363,0
                -55.505933100992,-26.1641450000611,0
                -55.5060184001338,-26.1633233004716,0
                -55.5048917001243,-26.1633440999035,0
              </coordinates>
            </LinearRing>
          </outerBoundaryIs>
        </Polygon>
      </Placemark>
      <Placemark id="Lote_A.56">
        <ExtendedData>
          <SchemaData schemaUrl="#Lote_A.schema">
            <SimpleData name="Cédula">7305049.00000000000</SimpleData>
            <SimpleData name="Nombres_y_">IGNACIA VILLALBA BENITEZ</SimpleData>
            <SimpleData name="Sexo">Mujer</SimpleData>
            <SimpleData name="Cambio_de_">NO</SimpleData>
            <SimpleData name="Titular_se">NO</SimpleData>
            <SimpleData name="ci_UNIF">7305049.00000000000</SimpleData>
            <SimpleData name="Situación">NO</SimpleData>
            <SimpleData name="Comunidad">Ind?gena</SimpleData>
            <SimpleData name="Modelo_imp">Modelo 3</SimpleData>
            <SimpleData name="Departamen">ITAPUA</SimpleData>
            <SimpleData name="Distrito">ALTO VERA</SimpleData>
            <SimpleData name="Localidad">COM INDIG MBERU - PIRAPO I</SimpleData>
            <SimpleData name="Teléfono">0983475639</SimpleData>
            <SimpleData name="Vivienda_L">-26.70318340000</SimpleData>
            <SimpleData name="Vivienda_1">-55.65790150000</SimpleData>
            <SimpleData name="Superficie">1.00000000000</SimpleData>
            <SimpleData name="Situaci_1">Pol?gono</SimpleData>
            <SimpleData name="Plantado">SI</SimpleData>
            <SimpleData name="Plantado_f">2025/11/06</SimpleData>
            <SimpleData name="Jornales">0.00000000000</SimpleData>
            <SimpleData name="Monto">0.00000000000</SimpleData>
            <SimpleData name="Grupo_de_p">A-P2</SimpleData>
            <SimpleData name="Estado_del">Activo</SimpleData>
            <SimpleData name="Empresa">Red Forestal Paraguay SA</SimpleData>
            <SimpleData name="Lote">A</SimpleData>
            <SimpleData name="Parametro">1.00000000000</SimpleData>
            <SimpleData name="Sup_Sig">1.05656487996</SimpleData>
            <SimpleData name="Situacion">Cumple</SimpleData>
            <SimpleData name="X">-55.65002901000</SimpleData>
            <SimpleData name="Y">-26.69186916000</SimpleData>
            <SimpleData name="Shape_Leng">413.86128499500</SimpleData>
            <SimpleData name="Shape_Area">10565.64879960000</SimpleData>
          </SchemaData>
        </ExtendedData>
        <Polygon>
          <outerBoundaryIs>
            <LinearRing>
              <coordinates>
                -55.6501600481062,-26.6925749240251,0
                -55.6504191859747,-26.6921869146086,0
                -55.6506337892502,-26.6918394733966,0
                -55.6506766997162,-26.6917700003587,0
                -55.6499183000778,-26.6911549999345,0
                -55.6493666995688,-26.6919716996339,0
                -55.6501600481062,-26.6925749240251,0
              </coordinates>
            </LinearRing>
          </outerBoundaryIs>
        </Polygon>
      </Placemark>
      <Placemark id="Lote_A.57">
        <ExtendedData>
          <SchemaData schemaUrl="#Lote_A.schema">
            <SimpleData name="Cédula">5472060.00000000000</SimpleData>
            <SimpleData name="Nombres_y_">MELISSA CACERES DUARTE</SimpleData>
            <SimpleData name="Sexo">Mujer</SimpleData>
            <SimpleData name="Cambio_de_">NO</SimpleData>
            <SimpleData name="Titular_se">NO</SimpleData>
            <SimpleData name="ci_UNIF">5472060.00000000000</SimpleData>
            <SimpleData name="Situación">NO</SimpleData>
            <SimpleData name="Comunidad">Campesina</SimpleData>
            <SimpleData name="Modelo_imp">Modelo 1</SimpleData>
            <SimpleData name="Departamen">CAAZAPA</SimpleData>
            <SimpleData name="Distrito">TAVA?</SimpleData>
            <SimpleData name="Localidad">SAN ISIDRO</SimpleData>
            <SimpleData name="Teléfono">0984714495</SimpleData>
            <SimpleData name="Vivienda_L">-26.17041760000</SimpleData>
            <SimpleData name="Vivienda_1">-55.67872510000</SimpleData>
            <SimpleData name="Superficie">0.80000000000</SimpleData>
            <SimpleData name="Situaci_1">Pol?gono</SimpleData>
            <SimpleData name="Plantado">SI</SimpleData>
            <SimpleData name="Plantado_f">2025/09/24</SimpleData>
            <SimpleData name="Jornales">0.00000000000</SimpleData>
            <SimpleData name="Monto">0.00000000000</SimpleData>
            <SimpleData name="Grupo_de_p">A-P1</SimpleData>
            <SimpleData name="Estado_del">Activo</SimpleData>
            <SimpleData name="Empresa">Red Forestal Paraguay SA</SimpleData>
            <SimpleData name="Lote">A</SimpleData>
            <SimpleData name="Parametro">0.80000000000</SimpleData>
            <SimpleData name="Sup_Sig">0.91751111911</SimpleData>
            <SimpleData name="Situacion">Cumple</SimpleData>
            <SimpleData name="X">-55.67676775000</SimpleData>
            <SimpleData name="Y">-26.15764187000</SimpleData>
            <SimpleData name="Shape_Leng">396.17747011200</SimpleData>
            <SimpleData name="Shape_Area">9175.11119110000</SimpleData>
          </SchemaData>
        </ExtendedData>
        <Polygon>
          <outerBoundaryIs>
            <LinearRing>
              <coordinates>
                -55.6763932997577,-26.1581983003309,0
                -55.6771169002934,-26.1582134998661,0
                -55.6771539995655,-26.1570736002747,0
                -55.6763978001966,-26.157098200145,0
                -55.6763932997577,-26.1581983003309,0
              </coordinates>
            </LinearRing>
          </outerBoundaryIs>
        </Polygon>
      </Placemark>
      <Placemark id="Lote_A.58">
        <ExtendedData>
          <SchemaData schemaUrl="#Lote_A.schema">
            <SimpleData name="Cédula">3621207.00000000000</SimpleData>
            <SimpleData name="Nombres_y_">PEDRO  FERNANDEZ SEGOVIA</SimpleData>
            <SimpleData name="Sexo">Hombre</SimpleData>
            <SimpleData name="Cambio_de_">NO</SimpleData>
            <SimpleData name="Titular_se">NO</SimpleData>
            <SimpleData name="ci_UNIF">3621207.00000000000</SimpleData>
            <SimpleData name="Situación">NO</SimpleData>
            <SimpleData name="Comunidad">Campesina</SimpleData>
            <SimpleData name="Modelo_imp">Modelo 1</SimpleData>
            <SimpleData name="Departamen">CAAZAPA</SimpleData>
            <SimpleData name="Distrito">TAVA?</SimpleData>
            <SimpleData name="Localidad">YVY ATY</SimpleData>
            <SimpleData name="Teléfono">985550187</SimpleData>
            <SimpleData name="Vivienda_L">-26.17002140000</SimpleData>
            <SimpleData name="Vivienda_1">-55.62759900000</SimpleData>
            <SimpleData name="Superficie">0.80000000000</SimpleData>
            <SimpleData name="Situaci_1">Pol?gono</SimpleData>
            <SimpleData name="Plantado">SI</SimpleData>
            <SimpleData name="Plantado_f">2025/10/31</SimpleData>
            <SimpleData name="Jornales">0.00000000000</SimpleData>
            <SimpleData name="Monto">0.00000000000</SimpleData>
            <SimpleData name="Grupo_de_p">A-P3</SimpleData>
            <SimpleData name="Estado_del">Activo</SimpleData>
            <SimpleData name="Empresa">Red Forestal Paraguay SA</SimpleData>
            <SimpleData name="Lote">A</SimpleData>
            <SimpleData name="Parametro">0.80000000000</SimpleData>
            <SimpleData name="Sup_Sig">0.89034098283</SimpleData>
            <SimpleData name="Situacion">Cumple</SimpleData>
            <SimpleData name="X">-55.62629692000</SimpleData>
            <SimpleData name="Y">-26.16926890000</SimpleData>
            <SimpleData name="Shape_Leng">375.68918234300</SimpleData>
            <SimpleData name="Shape_Area">8903.40982829000</SimpleData>
          </SchemaData>
        </ExtendedData>
        <Polygon>
          <outerBoundaryIs>
            <LinearRing>
              <coordinates>
                -55.6259525993165,-26.1696173000286,0
                -55.6267349998592,-26.169780000318,0
                -55.6268150998241,-26.169011199681,0
                -55.626574999746,-26.1689066997043,0
                -55.6259279991797,-26.1687231003181,0
                -55.6257449997156,-26.1695500002231,0
                -55.6259525993165,-26.1696173000286,0
              </coordinates>
            </LinearRing>
          </outerBoundaryIs>
        </Polygon>
      </Placemark>
      <Placemark id="Lote_A.59">
        <ExtendedData>
          <SchemaData schemaUrl="#Lote_A.schema">
            <SimpleData name="Cédula">5751982.00000000000</SimpleData>
            <SimpleData name="Nombres_y_">MARYS LUZ  ARRIOLA RIVEROS</SimpleData>
            <SimpleData name="Sexo">Mujer</SimpleData>
            <SimpleData name="Cambio_de_">NO</SimpleData>
            <SimpleData name="Titular_se">NO</SimpleData>
            <SimpleData name="ci_UNIF">5751982.00000000000</SimpleData>
            <SimpleData name="Situación">NO</SimpleData>
            <SimpleData name="Comunidad">Campesina</SimpleData>
            <SimpleData name="Modelo_imp">Modelo 5</SimpleData>
            <SimpleData name="Departamen">CAAZAPA</SimpleData>
            <SimpleData name="Distrito">TAVA?</SimpleData>
            <SimpleData name="Localidad">?U KA?Y</SimpleData>
            <SimpleData name="Teléfono">983209588</SimpleData>
            <SimpleData name="Vivienda_L">-26.24724680000</SimpleData>
            <SimpleData name="Vivienda_1">-55.56688380000</SimpleData>
            <SimpleData name="Superficie">0.70000000000</SimpleData>
            <SimpleData name="Situaci_1">Pol?gono</SimpleData>
            <SimpleData name="Plantado">SI</SimpleData>
            <SimpleData name="Plantado_f">2025/10/21</SimpleData>
            <SimpleData name="Jornales">0.00000000000</SimpleData>
            <SimpleData name="Monto">0.00000000000</SimpleData>
            <SimpleData name="Grupo_de_p">A-P1</SimpleData>
            <SimpleData name="Estado_del">Activo</SimpleData>
            <SimpleData name="Empresa">Red Forestal Paraguay SA</SimpleData>
            <SimpleData name="Lote">A</SimpleData>
            <SimpleData name="Parametro">0.70000000000</SimpleData>
            <SimpleData name="Sup_Sig">0.80708647795</SimpleData>
            <SimpleData name="Situacion">Cumple</SimpleData>
            <SimpleData name="X">-55.56741459000</SimpleData>
            <SimpleData name="Y">-26.24737589000</SimpleData>
            <SimpleData name="Shape_Leng">409.90788817700</SimpleData>
            <SimpleData name="Shape_Area">8070.86477946000</SimpleData>
          </SchemaData>
        </ExtendedData>
        <Polygon>
          <outerBoundaryIs>
            <LinearRing>
              <coordinates>
                -55.5672983002702,-26.2477132993228,0
                -55.5678766998446,-26.247806699454,0
                -55.5681382999424,-26.2474817004315,0
                -55.5678423998732,-26.2472927006166,0
                -55.5673832997192,-26.2470982998976,0
                -55.5674516998467,-26.2469350007334,0
                -55.5671015004498,-26.2466836001954,0
                -55.5668666997869,-26.2476767003453,0
                -55.5672983002702,-26.2477132993228,0
              </coordinates>
            </LinearRing>
          </outerBoundaryIs>
        </Polygon>
      </Placemark>
      <Placemark id="Lote_A.60">
        <ExtendedData>
          <SchemaData schemaUrl="#Lote_A.schema">
            <SimpleData name="Cédula">4085658.00000000000</SimpleData>
            <SimpleData name="Nombres_y_">ARMINDA  ARG?ELLO VAZQUEZ</SimpleData>
            <SimpleData name="Sexo">Mujer</SimpleData>
            <SimpleData name="Cambio_de_">NO</SimpleData>
            <SimpleData name="Titular_se">NO</SimpleData>
            <SimpleData name="ci_UNIF">4085658.00000000000</SimpleData>
            <SimpleData name="Situación">NO</SimpleData>
            <SimpleData name="Comunidad">Campesina</SimpleData>
            <SimpleData name="Modelo_imp">Modelo 1</SimpleData>
            <SimpleData name="Departamen">CAAZAPA</SimpleData>
            <SimpleData name="Distrito">TAVA?</SimpleData>
            <SimpleData name="Localidad">ENRAMADITA</SimpleData>
            <SimpleData name="Teléfono">985978514</SimpleData>
            <SimpleData name="Vivienda_L">-26.17475700000</SimpleData>
            <SimpleData name="Vivienda_1">-55.70114170000</SimpleData>
            <SimpleData name="Superficie">0.80000000000</SimpleData>
            <SimpleData name="Situaci_1">Pol?gono</SimpleData>
            <SimpleData name="Plantado">SI</SimpleData>
            <SimpleData name="Plantado_f">2025/10/24</SimpleData>
            <SimpleData name="Jornales">0.00000000000</SimpleData>
            <SimpleData name="Monto">0.00000000000</SimpleData>
            <SimpleData name="Grupo_de_p">A-P1</SimpleData>
            <SimpleData name="Estado_del">Activo</SimpleData>
            <SimpleData name="Empresa">Red Forestal Paraguay SA</SimpleData>
            <SimpleData name="Lote">A</SimpleData>
            <SimpleData name="Parametro">0.80000000000</SimpleData>
            <SimpleData name="Sup_Sig">0.97837636753</SimpleData>
            <SimpleData name="Situacion">Cumple</SimpleData>
            <SimpleData name="X">-55.67028224000</SimpleData>
            <SimpleData name="Y">-26.21803902000</SimpleData>
            <SimpleData name="Shape_Leng">418.53922747400</SimpleData>
            <SimpleData name="Shape_Area">9783.76367528000</SimpleData>
          </SchemaData>
        </ExtendedData>
        <Polygon>
          <outerBoundaryIs>
            <LinearRing>
              <coordinates>
                -55.6696416995403,-26.2178769999535,0
                -55.66985999985,-26.218719999537,0
                -55.6709999997565,-26.2179700001916,0
                -55.670808299953,-26.2174832998997,0
                -55.6696416995403,-26.2178769999535,0
              </coordinates>
            </LinearRing>
          </outerBoundaryIs>
        </Polygon>
      </Placemark>
      <Placemark id="Lote_A.61">
        <ExtendedData>
          <SchemaData schemaUrl="#Lote_A.schema">
            <SimpleData name="Cédula">1949625.00000000000</SimpleData>
            <SimpleData name="Nombres_y_">MARIA VILDA GAMARRA FARI?A</SimpleData>
            <SimpleData name="Sexo">Mujer</SimpleData>
            <SimpleData name="Cambio_de_">NO</SimpleData>
            <SimpleData name="Titular_se">NO</SimpleData>
            <SimpleData name="ci_UNIF">1949625.00000000000</SimpleData>
            <SimpleData name="Situación">NO</SimpleData>
            <SimpleData name="Comunidad">Campesina</SimpleData>
            <SimpleData name="Modelo_imp">Modelo 5</SimpleData>
            <SimpleData name="Departamen">CAAZAPA</SimpleData>
            <SimpleData name="Distrito">TAVA?</SimpleData>
            <SimpleData name="Localidad">?U KA?Y</SimpleData>
            <SimpleData name="Teléfono">986581022</SimpleData>
            <SimpleData name="Vivienda_L">-26.23081440000</SimpleData>
            <SimpleData name="Vivienda_1">-55.58167660000</SimpleData>
            <SimpleData name="Superficie">0.70000000000</SimpleData>
            <SimpleData name="Situaci_1">Pol?gono</SimpleData>
            <SimpleData name="Plantado">SI</SimpleData>
            <SimpleData name="Plantado_f">2025/10/21</SimpleData>
            <SimpleData name="Jornales">0.00000000000</SimpleData>
            <SimpleData name="Monto">0.00000000000</SimpleData>
            <SimpleData name="Grupo_de_p">A-P2</SimpleData>
            <SimpleData name="Estado_del">Activo</SimpleData>
            <SimpleData name="Empresa">Red Forestal Paraguay SA</SimpleData>
            <SimpleData name="Lote">A</SimpleData>
            <SimpleData name="Parametro">0.70000000000</SimpleData>
            <SimpleData name="Sup_Sig">0.77073725039</SimpleData>
            <SimpleData name="Situacion">Cumple</SimpleData>
            <SimpleData name="X">-55.58610253000</SimpleData>
            <SimpleData name="Y">-26.22665813000</SimpleData>
            <SimpleData name="Shape_Leng">527.01424013500</SimpleData>
            <SimpleData name="Shape_Area">7707.37250389000</SimpleData>
          </SchemaData>
        </ExtendedData>
        <MultiGeometry>
          <Polygon>
            <outerBoundaryIs>
              <LinearRing>
                <coordinates>
                  -55.5855282998989,-26.2273482999692,0
                  -55.5862832997292,-26.2267433001185,0
                  -55.5860126001317,-26.2264078004819,0
                  -55.5852766001107,-26.2271211996625,0
                  -55.5855282998989,-26.2273482999692,0
                </coordinates>
              </LinearRing>
            </outerBoundaryIs>
          </Polygon>
          <Polygon>
            <outerBoundaryIs>
              <LinearRing>
                <coordinates>
                  -55.5864735005104,-26.22677499997,0
                  -55.5868947003108,-26.2263732001006,0
                  -55.5864582997056,-26.2259944001265,0
                  -55.5860883003241,-26.2263432997642,0
                  -55.5864735005104,-26.22677499997,0
                </coordinates>
              </LinearRing>
            </outerBoundaryIs>
          </Polygon>
        </MultiGeometry>
      </Placemark>
      <Placemark id="Lote_A.62">
        <ExtendedData>
          <SchemaData schemaUrl="#Lote_A.schema">
            <SimpleData name="Cédula">3723284.00000000000</SimpleData>
            <SimpleData name="Nombres_y_">ARNALDO RUBEN BAEZ ESPINOLA</SimpleData>
            <SimpleData name="Sexo">Hombre</SimpleData>
            <SimpleData name="Cambio_de_">NO</SimpleData>
            <SimpleData name="Titular_se">NO</SimpleData>
            <SimpleData name="ci_UNIF">3723284.00000000000</SimpleData>
            <SimpleData name="Situación">NO</SimpleData>
            <SimpleData name="Comunidad">Campesina</SimpleData>
            <SimpleData name="Modelo_imp">Modelo 5</SimpleData>
            <SimpleData name="Departamen">CAAZAPA</SimpleData>
            <SimpleData name="Distrito">TAVA?</SimpleData>
            <SimpleData name="Localidad">YVYHATY</SimpleData>
            <SimpleData name="Teléfono">0981352952</SimpleData>
            <SimpleData name="Vivienda_L">-26.18975970000</SimpleData>
            <SimpleData name="Vivienda_1">-55.59254580000</SimpleData>
            <SimpleData name="Superficie">0.80000000000</SimpleData>
            <SimpleData name="Situaci_1">Pol?gono</SimpleData>
            <SimpleData name="Plantado">SI</SimpleData>
            <SimpleData name="Plantado_f">2025/10/01</SimpleData>
            <SimpleData name="Jornales">0.00000000000</SimpleData>
            <SimpleData name="Monto">0.00000000000</SimpleData>
            <SimpleData name="Grupo_de_p">A-P1</SimpleData>
            <SimpleData name="Estado_del">Activo</SimpleData>
            <SimpleData name="Empresa">Red Forestal Paraguay SA</SimpleData>
            <SimpleData name="Lote">A</SimpleData>
            <SimpleData name="Parametro">0.70000000000</SimpleData>
            <SimpleData name="Sup_Sig">0.76300612193</SimpleData>
            <SimpleData name="Situacion">Cumple</SimpleData>
            <SimpleData name="X">-55.59170448000</SimpleData>
            <SimpleData name="Y">-26.18929742000</SimpleData>
            <SimpleData name="Shape_Leng">438.47604292100</SimpleData>
            <SimpleData name="Shape_Area">7630.06121928000</SimpleData>
          </SchemaData>
        </ExtendedData>
        <Polygon>
          <outerBoundaryIs>
            <LinearRing>
              <coordinates>
                -55.5916638007295,-26.1901317006044,0
                -55.591930300441,-26.1901473997852,0
                -55.5917968999628,-26.1893886998585,0
                -55.5922164004559,-26.1892255004493,0
                -55.5917956001323,-26.1886283001112,0
                -55.5912680998477,-26.1889022998359,0
                -55.5916638007295,-26.1901317006044,0
              </coordinates>
            </LinearRing>
          </outerBoundaryIs>
        </Polygon>
      </Placemark>
      <Placemark id="Lote_A.63">
        <ExtendedData>
          <SchemaData schemaUrl="#Lote_A.schema">
            <SimpleData name="Cédula">7653085.00000000000</SimpleData>
            <SimpleData name="Nombres_y_">CINTIA RAQUEL  TROCHE VERA</SimpleData>
            <SimpleData name="Sexo">Mujer</SimpleData>
            <SimpleData name="Cambio_de_">NO</SimpleData>
            <SimpleData name="Titular_se">NO</SimpleData>
            <SimpleData name="ci_UNIF">7653085.00000000000</SimpleData>
            <SimpleData name="Situación">NO</SimpleData>
            <SimpleData name="Comunidad">Campesina</SimpleData>
            <SimpleData name="Modelo_imp">Modelo 1</SimpleData>
            <SimpleData name="Departamen">CAAZAPA</SimpleData>
            <SimpleData name="Distrito">TAVA?</SimpleData>
            <SimpleData name="Localidad">SAN AGUSTIN</SimpleData>
            <SimpleData name="Teléfono">985347618</SimpleData>
            <SimpleData name="Vivienda_L">-26.15204830000</SimpleData>
            <SimpleData name="Vivienda_1">-55.59567830000</SimpleData>
            <SimpleData name="Superficie">0.80000000000</SimpleData>
            <SimpleData name="Situaci_1">Pol?gono</SimpleData>
            <SimpleData name="Plantado">SI</SimpleData>
            <SimpleData name="Plantado_f">2025/10/24</SimpleData>
            <SimpleData name="Jornales">0.00000000000</SimpleData>
            <SimpleData name="Monto">0.00000000000</SimpleData>
            <SimpleData name="Grupo_de_p">A-P3</SimpleData>
            <SimpleData name="Estado_del">Activo</SimpleData>
            <SimpleData name="Empresa">Red Forestal Paraguay SA</SimpleData>
            <SimpleData name="Lote">A</SimpleData>
            <SimpleData name="Parametro">0.80000000000</SimpleData>
            <SimpleData name="Sup_Sig">0.90036166732</SimpleData>
            <SimpleData name="Situacion">Cumple</SimpleData>
            <SimpleData name="X">-55.59887310000</SimpleData>
            <SimpleData name="Y">-26.14940249000</SimpleData>
            <SimpleData name="Shape_Leng">378.06083035300</SimpleData>
            <SimpleData name="Shape_Area">9003.61667324000</SimpleData>
          </SchemaData>
        </ExtendedData>
        <Polygon>
          <outerBoundaryIs>
            <LinearRing>
              <coordinates>
                -55.5983916995769,-26.1489543001191,0
                -55.5985116998815,-26.1499317000713,0
                -55.5991336990788,-26.1498525001366,0
                -55.5993411997263,-26.1498056000745,0
                -55.5992798992169,-26.1489765004862,0
                -55.5992449993946,-26.1489166998531,0
                -55.5983916995769,-26.1489543001191,0
              </coordinates>
            </LinearRing>
          </outerBoundaryIs>
        </Polygon>
      </Placemark>
      <Placemark id="Lote_A.64">
        <ExtendedData>
          <SchemaData schemaUrl="#Lote_A.schema">
            <SimpleData name="Cédula">4875803.00000000000</SimpleData>
            <SimpleData name="Nombres_y_">DUBELIA  ARG?ELLO VAZQUEZ</SimpleData>
            <SimpleData name="Sexo">Mujer</SimpleData>
            <SimpleData name="Cambio_de_">NO</SimpleData>
            <SimpleData name="Titular_se">NO</SimpleData>
            <SimpleData name="ci_UNIF">4875803.00000000000</SimpleData>
            <SimpleData name="Situación">NO</SimpleData>
            <SimpleData name="Comunidad">Campesina</SimpleData>
            <SimpleData name="Modelo_imp">Modelo 1</SimpleData>
            <SimpleData name="Departamen">CAAZAPA</SimpleData>
            <SimpleData name="Distrito">TAVA?</SimpleData>
            <SimpleData name="Localidad">ENRAMADITA</SimpleData>
            <SimpleData name="Teléfono">984493428</SimpleData>
            <SimpleData name="Vivienda_L">-26.17498290000</SimpleData>
            <SimpleData name="Vivienda_1">-55.70112320000</SimpleData>
            <SimpleData name="Superficie">0.80000000000</SimpleData>
            <SimpleData name="Situaci_1">Par?metro</SimpleData>
            <SimpleData name="Plantado">SI</SimpleData>
            <SimpleData name="Plantado_f">2025/10/24</SimpleData>
            <SimpleData name="Jornales">0.00000000000</SimpleData>
            <SimpleData name="Monto">0.00000000000</SimpleData>
            <SimpleData name="Grupo_de_p">A-P2</SimpleData>
            <SimpleData name="Estado_del">Activo</SimpleData>
            <SimpleData name="Empresa">Red Forestal Paraguay SA</SimpleData>
            <SimpleData name="Lote">A</SimpleData>
            <SimpleData name="Parametro">0.80000000000</SimpleData>
            <SimpleData name="Sup_Sig">0.81340095405</SimpleData>
            <SimpleData name="Situacion">Cumple</SimpleData>
            <SimpleData name="X">-55.66933324000</SimpleData>
            <SimpleData name="Y">-26.21849774000</SimpleData>
            <SimpleData name="Shape_Leng">498.83063334900</SimpleData>
            <SimpleData name="Shape_Area">8134.00954048000</SimpleData>
          </SchemaData>
        </ExtendedData>
        <MultiGeometry>
          <Polygon>
            <outerBoundaryIs>
              <LinearRing>
                <coordinates>
                  -55.6690409000439,-26.2190758999792,0
                  -55.6693746004399,-26.2190189000298,0
                  -55.6694090000196,-26.2189179999868,0
                  -55.6697300997462,-26.2187828996999,0
                  -55.669611100013,-26.2179295004292,0
                  -55.66897440029,-26.2181172999551,0
                  -55.6690409000439,-26.2190758999792,0
                </coordinates>
              </LinearRing>
            </outerBoundaryIs>
          </Polygon>
          <Polygon>
            <outerBoundaryIs>
              <LinearRing>
                <coordinates>
                  -55.6777913004058,-26.2168015004373,0
                  -55.6782872997028,-26.2166240997323,0
                  -55.6782328997417,-26.2164682004566,0
                  -55.6776943998409,-26.2166338996674,0
                  -55.6777913004058,-26.2168015004373,0
                </coordinates>
              </LinearRing>
            </outerBoundaryIs>
          </Polygon>
        </MultiGeometry>
      </Placemark>
      <Placemark id="Lote_A.65">
        <ExtendedData>
          <SchemaData schemaUrl="#Lote_A.schema">
            <SimpleData name="Cédula">7311362.00000000000</SimpleData>
            <SimpleData name="Nombres_y_">SANTA VILLALBA BENITEZ</SimpleData>
            <SimpleData name="Sexo">Mujer</SimpleData>
            <SimpleData name="Cambio_de_">NO</SimpleData>
            <SimpleData name="Titular_se">NO</SimpleData>
            <SimpleData name="ci_UNIF">7311362.00000000000</SimpleData>
            <SimpleData name="Situación">NO</SimpleData>
            <SimpleData name="Comunidad">Ind?gena</SimpleData>
            <SimpleData name="Modelo_imp">Modelo 3</SimpleData>
            <SimpleData name="Departamen">ITAPUA</SimpleData>
            <SimpleData name="Distrito">ALTO VERA</SimpleData>
            <SimpleData name="Localidad">COM INDIG MBERU - PIRAPO I</SimpleData>
            <SimpleData name="Teléfono">0984631890</SimpleData>
            <SimpleData name="Vivienda_L">-26.70333500000</SimpleData>
            <SimpleData name="Vivienda_1">-55.65865170000</SimpleData>
            <SimpleData name="Superficie">1.00000000000</SimpleData>
            <SimpleData name="Situaci_1">Par?metro</SimpleData>
            <SimpleData name="Plantado">SI</SimpleData>
            <SimpleData name="Plantado_f">2025/11/06</SimpleData>
            <SimpleData name="Jornales">0.00000000000</SimpleData>
            <SimpleData name="Monto">0.00000000000</SimpleData>
            <SimpleData name="Grupo_de_p">A-P2</SimpleData>
            <SimpleData name="Estado_del">Activo</SimpleData>
            <SimpleData name="Empresa">Red Forestal Paraguay SA</SimpleData>
            <SimpleData name="Lote">A</SimpleData>
            <SimpleData name="Parametro">1.00000000000</SimpleData>
            <SimpleData name="Sup_Sig">1.05404456057</SimpleData>
            <SimpleData name="Situacion">Cumple</SimpleData>
            <SimpleData name="X">-55.64825380000</SimpleData>
            <SimpleData name="Y">-26.69469843000</SimpleData>
            <SimpleData name="Shape_Leng">410.54687491200</SimpleData>
            <SimpleData name="Shape_Area">10540.44560570000</SimpleData>
          </SchemaData>
        </ExtendedData>
        <Polygon>
          <outerBoundaryIs>
            <LinearRing>
              <coordinates>
                -55.6480989025505,-26.6940701014199,0
                -55.647825075041,-26.6944698391815,0
                -55.6475830302071,-26.6948231754778,0
                -55.6475982999947,-26.6948767003998,0
                -55.6483049997634,-26.6953367004288,0
                -55.6489788879156,-26.6946479209028,0
                -55.6489883000355,-26.6946383005178,0
                -55.6489611220251,-26.6946186761319,0
                -55.6481348227972,-26.6940222232014,0
                -55.6481261817463,-26.6940159859849,0
                -55.6480989025505,-26.6940701014199,0
              </coordinates>
            </LinearRing>
          </outerBoundaryIs>
        </Polygon>
      </Placemark>
      <Placemark id="Lote_A.66">
        <ExtendedData>
          <SchemaData schemaUrl="#Lote_A.schema">
            <SimpleData name="Cédula">7188619.00000000000</SimpleData>
            <SimpleData name="Nombres_y_">PATROCINIA GIMENEZ MARTINEZ</SimpleData>
            <SimpleData name="Sexo">Mujer</SimpleData>
            <SimpleData name="Cambio_de_">NO</SimpleData>
            <SimpleData name="Titular_se">NO</SimpleData>
            <SimpleData name="ci_UNIF">7188619.00000000000</SimpleData>
            <SimpleData name="Situación">NO</SimpleData>
            <SimpleData name="Comunidad">Ind?gena</SimpleData>
            <SimpleData name="Modelo_imp">Modelo 3</SimpleData>
            <SimpleData name="Departamen">ITAPUA</SimpleData>
            <SimpleData name="Distrito">ALTO VERA</SimpleData>
            <SimpleData name="Localidad">COM INDIG MBERU - PIRAPO I</SimpleData>
            <SimpleData name="Teléfono">0985236094</SimpleData>
            <SimpleData name="Vivienda_L">-26.69898990000</SimpleData>
            <SimpleData name="Vivienda_1">-55.65954860000</SimpleData>
            <SimpleData name="Superficie">1.00000000000</SimpleData>
            <SimpleData name="Situaci_1">Pol?gono</SimpleData>
            <SimpleData name="Plantado">SI</SimpleData>
            <SimpleData name="Plantado_f">2025/11/06</SimpleData>
            <SimpleData name="Jornales">0.00000000000</SimpleData>
            <SimpleData name="Monto">0.00000000000</SimpleData>
            <SimpleData name="Grupo_de_p">A-P3</SimpleData>
            <SimpleData name="Estado_del">Activo</SimpleData>
            <SimpleData name="Empresa">Red Forestal Paraguay SA</SimpleData>
            <SimpleData name="Lote">A</SimpleData>
            <SimpleData name="Parametro">1.00000000000</SimpleData>
            <SimpleData name="Sup_Sig">1.00344759670</SimpleData>
            <SimpleData name="Situacion">Cumple</SimpleData>
            <SimpleData name="X">-55.64771062000</SimpleData>
            <SimpleData name="Y">-26.69567316000</SimpleData>
            <SimpleData name="Shape_Leng">415.00433937100</SimpleData>
            <SimpleData name="Shape_Area">10034.47596700000</SimpleData>
          </SchemaData>
        </ExtendedData>
        <Polygon>
          <outerBoundaryIs>
            <LinearRing>
              <coordinates>
                -55.6471600001547,-26.6959350001343,0
                -55.6478233001401,-26.696433299745,0
                -55.6482816996213,-26.6953867002277,0
                -55.6475534003288,-26.6949421001057,0
                -55.6471600001547,-26.6959350001343,0
              </coordinates>
            </LinearRing>
          </outerBoundaryIs>
        </Polygon>
      </Placemark>
      <Placemark id="Lote_A.67">
        <ExtendedData>
          <SchemaData schemaUrl="#Lote_A.schema">
            <SimpleData name="Cédula">2689413.00000000000</SimpleData>
            <SimpleData name="Nombres_y_">ESTEBAN BENITEZ FRANCO</SimpleData>
            <SimpleData name="Sexo">Hombre</SimpleData>
            <SimpleData name="Cambio_de_">NO</SimpleData>
            <SimpleData name="Titular_se">NO</SimpleData>
            <SimpleData name="ci_UNIF">2689413.00000000000</SimpleData>
            <SimpleData name="Situación">NO</SimpleData>
            <SimpleData name="Comunidad">Campesina</SimpleData>
            <SimpleData name="Modelo_imp">Modelo 1</SimpleData>
            <SimpleData name="Departamen">CAAZAPA</SimpleData>
            <SimpleData name="Distrito">TAVA?</SimpleData>
            <SimpleData name="Localidad">ENRAMADITA</SimpleData>
            <SimpleData name="Teléfono">0985627320</SimpleData>
            <SimpleData name="Vivienda_L">-26.17073010000</SimpleData>
            <SimpleData name="Vivienda_1">-55.67659330000</SimpleData>
            <SimpleData name="Superficie">0.80000000000</SimpleData>
            <SimpleData name="Situaci_1">Pol?gono</SimpleData>
            <SimpleData name="Plantado">SI</SimpleData>
            <SimpleData name="Plantado_f">2025/09/25</SimpleData>
            <SimpleData name="Jornales">0.00000000000</SimpleData>
            <SimpleData name="Monto">0.00000000000</SimpleData>
            <SimpleData name="Grupo_de_p">A-P1</SimpleData>
            <SimpleData name="Estado_del">Activo</SimpleData>
            <SimpleData name="Empresa">Red Forestal Paraguay SA</SimpleData>
            <SimpleData name="Lote">A</SimpleData>
            <SimpleData name="Parametro">0.80000000000</SimpleData>
            <SimpleData name="Sup_Sig">0.94036736590</SimpleData>
            <SimpleData name="Situacion">Cumple</SimpleData>
            <SimpleData name="X">-55.66885034000</SimpleData>
            <SimpleData name="Y">-26.16977459000</SimpleData>
            <SimpleData name="Shape_Leng">556.93838049500</SimpleData>
            <SimpleData name="Shape_Area">9403.67365903000</SimpleData>
          </SchemaData>
        </ExtendedData>
        <MultiGeometry>
          <Polygon>
            <outerBoundaryIs>
              <LinearRing>
                <coordinates>
                  -55.6683083000645,-26.1862183002392,0
                  -55.6682006002443,-26.1859871998603,0
                  -55.6677183003437,-26.1858417000543,0
                  -55.6674580003365,-26.1858483998292,0
                  -55.6674166998377,-26.1859434003834,0
                  -55.6675049995433,-26.1862067001111,0
                  -55.6683083000645,-26.1862183002392,0
                </coordinates>
              </LinearRing>
            </outerBoundaryIs>
          </Polygon>
          <Polygon>
            <outerBoundaryIs>
              <LinearRing>
                <coordinates>
                  -55.6691724000553,-26.1702264998288,0
                  -55.6692149997669,-26.1693683003865,0
                  -55.6685669007047,-26.169298200107,0
                  -55.6684567005912,-26.1701783000324,0
                  -55.6691724000553,-26.1702264998288,0
                </coordinates>
              </LinearRing>
            </outerBoundaryIs>
          </Polygon>
        </MultiGeometry>
      </Placemark>
      <Placemark id="Lote_A.68">
        <ExtendedData>
          <SchemaData schemaUrl="#Lote_A.schema">
            <SimpleData name="Cédula">5991202.00000000000</SimpleData>
            <SimpleData name="Nombres_y_">CELINA FERNANDEZ VELAZQUEZ</SimpleData>
            <SimpleData name="Sexo">Mujer</SimpleData>
            <SimpleData name="Cambio_de_">NO</SimpleData>
            <SimpleData name="Titular_se">NO</SimpleData>
            <SimpleData name="ci_UNIF">5991202.00000000000</SimpleData>
            <SimpleData name="Situación">NO</SimpleData>
            <SimpleData name="Comunidad">Campesina</SimpleData>
            <SimpleData name="Modelo_imp">Modelo 1</SimpleData>
            <SimpleData name="Departamen">CAAZAPA</SimpleData>
            <SimpleData name="Distrito">TAVA?</SimpleData>
            <SimpleData name="Localidad"><![CDATA[VALLE'I]]></SimpleData>
            <SimpleData name="Teléfono">0984473063</SimpleData>
            <SimpleData name="Vivienda_L">-26.24553930000</SimpleData>
            <SimpleData name="Vivienda_1">-55.65081410000</SimpleData>
            <SimpleData name="Superficie">0.80000000000</SimpleData>
            <SimpleData name="Situaci_1">Par?metro</SimpleData>
            <SimpleData name="Plantado">SI</SimpleData>
            <SimpleData name="Plantado_f">2026/01/15</SimpleData>
            <SimpleData name="Jornales">0.00000000000</SimpleData>
            <SimpleData name="Monto">0.00000000000</SimpleData>
            <SimpleData name="Grupo_de_p">A-P2</SimpleData>
            <SimpleData name="Estado_del">Activo</SimpleData>
            <SimpleData name="Empresa">Red Forestal Paraguay SA</SimpleData>
            <SimpleData name="Lote">A</SimpleData>
            <SimpleData name="Parametro">0.80000000000</SimpleData>
            <SimpleData name="Sup_Sig">0.93412499331</SimpleData>
            <SimpleData name="Situacion">Cumple</SimpleData>
            <SimpleData name="X">-55.64943529000</SimpleData>
            <SimpleData name="Y">-26.24304170000</SimpleData>
            <SimpleData name="Shape_Leng">388.85040587500</SimpleData>
            <SimpleData name="Shape_Area">9341.24993310000</SimpleData>
          </SchemaData>
        </ExtendedData>
        <Polygon>
          <outerBoundaryIs>
            <LinearRing>
              <coordinates>
                -55.6489777003859,-26.2434464004407,0
                -55.649275700086,-26.2435170996426,0
                -55.6498182995764,-26.2434349995855,0
                -55.650126499679,-26.2427769003991,0
                -55.6489002996683,-26.2425549999638,0
                -55.6489777003859,-26.2434464004407,0
              </coordinates>
            </LinearRing>
          </outerBoundaryIs>
        </Polygon>
      </Placemark>
      <Placemark id="Lote_A.69">
        <ExtendedData>
          <SchemaData schemaUrl="#Lote_A.schema">
            <SimpleData name="Cédula">3445656.00000000000</SimpleData>
            <SimpleData name="Nombres_y_">NILMA ARAUJO ESCOBAR</SimpleData>
            <SimpleData name="Sexo">Mujer</SimpleData>
            <SimpleData name="Cambio_de_">NO</SimpleData>
            <SimpleData name="Titular_se">NO</SimpleData>
            <SimpleData name="ci_UNIF">3445656.00000000000</SimpleData>
            <SimpleData name="Situación">NO</SimpleData>
            <SimpleData name="Comunidad">Campesina</SimpleData>
            <SimpleData name="Modelo_imp">Modelo 1</SimpleData>
            <SimpleData name="Departamen">CAAZAPA</SimpleData>
            <SimpleData name="Distrito">TAVA?</SimpleData>
            <SimpleData name="Localidad">ENRAMADITA</SimpleData>
            <SimpleData name="Teléfono">0984884324</SimpleData>
            <SimpleData name="Vivienda_L">-26.17004940000</SimpleData>
            <SimpleData name="Vivienda_1">-55.67908710000</SimpleData>
            <SimpleData name="Superficie">0.80000000000</SimpleData>
            <SimpleData name="Situaci_1">Pol?gono</SimpleData>
            <SimpleData name="Plantado">SI</SimpleData>
            <SimpleData name="Plantado_f">2025/09/24</SimpleData>
            <SimpleData name="Jornales">0.00000000000</SimpleData>
            <SimpleData name="Monto">0.00000000000</SimpleData>
            <SimpleData name="Grupo_de_p">A-P1</SimpleData>
            <SimpleData name="Estado_del">Activo</SimpleData>
            <SimpleData name="Empresa">Red Forestal Paraguay SA</SimpleData>
            <SimpleData name="Lote">A</SimpleData>
            <SimpleData name="Parametro">0.80000000000</SimpleData>
            <SimpleData name="Sup_Sig">0.93445291327</SimpleData>
            <SimpleData name="Situacion">Cumple</SimpleData>
            <SimpleData name="X">-55.67675594000</SimpleData>
            <SimpleData name="Y">-26.15636615000</SimpleData>
            <SimpleData name="Shape_Leng">406.51239093000</SimpleData>
            <SimpleData name="Shape_Area">9344.52913272000</SimpleData>
          </SchemaData>
        </ExtendedData>
        <Polygon>
          <outerBoundaryIs>
            <LinearRing>
              <coordinates>
                -55.6763850001157,-26.1557783004423,0
                -55.6764233003379,-26.1569733003421,0
                -55.6771300002461,-26.1569567004626,0
                -55.6770833002341,-26.1557517998027,0
                -55.6763850001157,-26.1557783004423,0
              </coordinates>
            </LinearRing>
          </outerBoundaryIs>
        </Polygon>
      </Placemark>
      <Placemark id="Lote_A.70">
        <ExtendedData>
          <SchemaData schemaUrl="#Lote_A.schema">
            <SimpleData name="Cédula">4886663.00000000000</SimpleData>
            <SimpleData name="Nombres_y_">BERNARDINO BAEZ AVALOS</SimpleData>
            <SimpleData name="Sexo">Hombre</SimpleData>
            <SimpleData name="Cambio_de_">NO</SimpleData>
            <SimpleData name="Titular_se">NO</SimpleData>
            <SimpleData name="ci_UNIF">4886663.00000000000</SimpleData>
            <SimpleData name="Situación">NO</SimpleData>
            <SimpleData name="Comunidad">Campesina</SimpleData>
            <SimpleData name="Modelo_imp">Modelo 1</SimpleData>
            <SimpleData name="Departamen">CAAZAPA</SimpleData>
            <SimpleData name="Distrito">TAVA?</SimpleData>
            <SimpleData name="Localidad">ENRAMADITA</SimpleData>
            <SimpleData name="Teléfono">0984483490</SimpleData>
            <SimpleData name="Vivienda_L">-26.16592190000</SimpleData>
            <SimpleData name="Vivienda_1">-55.67924880000</SimpleData>
            <SimpleData name="Superficie">0.80000000000</SimpleData>
            <SimpleData name="Situaci_1">Pol?gono</SimpleData>
            <SimpleData name="Plantado">SI</SimpleData>
            <SimpleData name="Plantado_f">2025/09/25</SimpleData>
            <SimpleData name="Jornales">0.00000000000</SimpleData>
            <SimpleData name="Monto">0.00000000000</SimpleData>
            <SimpleData name="Grupo_de_p">A-P1</SimpleData>
            <SimpleData name="Estado_del">Activo</SimpleData>
            <SimpleData name="Empresa">Red Forestal Paraguay SA</SimpleData>
            <SimpleData name="Lote">A</SimpleData>
            <SimpleData name="Parametro">0.80000000000</SimpleData>
            <SimpleData name="Sup_Sig">0.89138678998</SimpleData>
            <SimpleData name="Situacion">Cumple</SimpleData>
            <SimpleData name="X">-55.67325962000</SimpleData>
            <SimpleData name="Y">-26.14117702000</SimpleData>
            <SimpleData name="Shape_Leng">498.30224700400</SimpleData>
            <SimpleData name="Shape_Area">8913.86789983000</SimpleData>
          </SchemaData>
        </ExtendedData>
        <Polygon>
          <outerBoundaryIs>
            <LinearRing>
              <coordinates>
                -55.6734274016273,-26.1413982533854,0
                -55.6739882993551,-26.1414416997966,0
                -55.6743826006029,-26.1412577996505,0
                -55.6743939999465,-26.1410903999261,0
                -55.6722142994153,-26.1408883001079,0
                -55.6723099999501,-26.1413116996909,0
                -55.6727963207032,-26.1413493696479,0
                -55.6734274016273,-26.1413982533854,0
              </coordinates>
            </LinearRing>
          </outerBoundaryIs>
        </Polygon>
      </Placemark>
      <Placemark id="Lote_A.71">
        <ExtendedData>
          <SchemaData schemaUrl="#Lote_A.schema">
            <SimpleData name="Cédula">7271454.00000000000</SimpleData>
            <SimpleData name="Nombres_y_">MARIA CRISTINA DUARTE MARTINEZ</SimpleData>
            <SimpleData name="Sexo">Mujer</SimpleData>
            <SimpleData name="Cambio_de_">NO</SimpleData>
            <SimpleData name="Titular_se">NO</SimpleData>
            <SimpleData name="ci_UNIF">7271454.00000000000</SimpleData>
            <SimpleData name="Situación">NO</SimpleData>
            <SimpleData name="Comunidad">Ind?gena</SimpleData>
            <SimpleData name="Modelo_imp">Modelo 3</SimpleData>
            <SimpleData name="Departamen">ITAPUA</SimpleData>
            <SimpleData name="Distrito">ALTO VERA</SimpleData>
            <SimpleData name="Localidad">COM INDIG MBERU - PIRAPO I</SimpleData>
            <SimpleData name="Teléfono">0982571204</SimpleData>
            <SimpleData name="Vivienda_L">-26.71031670000</SimpleData>
            <SimpleData name="Vivienda_1">-55.65381290000</SimpleData>
            <SimpleData name="Superficie">1.00000000000</SimpleData>
            <SimpleData name="Situaci_1">Par?metro</SimpleData>
            <SimpleData name="Plantado">SI</SimpleData>
            <SimpleData name="Plantado_f">2025/11/06</SimpleData>
            <SimpleData name="Jornales">0.00000000000</SimpleData>
            <SimpleData name="Monto">0.00000000000</SimpleData>
            <SimpleData name="Grupo_de_p">A-P2</SimpleData>
            <SimpleData name="Estado_del">Activo</SimpleData>
            <SimpleData name="Empresa">Red Forestal Paraguay SA</SimpleData>
            <SimpleData name="Lote">A</SimpleData>
            <SimpleData name="Parametro">1.00000000000</SimpleData>
            <SimpleData name="Sup_Sig">1.16248812276</SimpleData>
            <SimpleData name="Situacion">Cumple</SimpleData>
            <SimpleData name="X">-55.64876578000</SimpleData>
            <SimpleData name="Y">-26.69383990000</SimpleData>
            <SimpleData name="Shape_Leng">443.11482657900</SimpleData>
            <SimpleData name="Shape_Area">11624.88122760000</SimpleData>
          </SchemaData>
        </ExtendedData>
        <Polygon>
          <outerBoundaryIs>
            <LinearRing>
              <coordinates>
                -55.6485136431492,-26.6932465572702,0
                -55.6481261817463,-26.6940159859849,0
                -55.6481348227972,-26.6940222232014,0
                -55.6489611220251,-26.6946186761319,0
                -55.6493841996229,-26.69372479979,0
                -55.6493824659864,-26.6937231764057,0
                -55.6486342090241,-26.693022462118,0
                -55.6485136431492,-26.6932465572702,0
              </coordinates>
            </LinearRing>
          </outerBoundaryIs>
        </Polygon>
      </Placemark>
      <Placemark id="Lote_A.72">
        <ExtendedData>
          <SchemaData schemaUrl="#Lote_A.schema">
            <SimpleData name="Cédula">5766160.00000000000</SimpleData>
            <SimpleData name="Nombres_y_">SANDRA  BENITEZ ROJAS</SimpleData>
            <SimpleData name="Sexo">Mujer</SimpleData>
            <SimpleData name="Cambio_de_">NO</SimpleData>
            <SimpleData name="Titular_se">NO</SimpleData>
            <SimpleData name="ci_UNIF">5766160.00000000000</SimpleData>
            <SimpleData name="Situación">NO</SimpleData>
            <SimpleData name="Comunidad">Campesina</SimpleData>
            <SimpleData name="Modelo_imp">Modelo 1</SimpleData>
            <SimpleData name="Departamen">CAAZAPA</SimpleData>
            <SimpleData name="Distrito">TAVA?</SimpleData>
            <SimpleData name="Localidad">ENRAMADITA</SimpleData>
            <SimpleData name="Teléfono">986773406</SimpleData>
            <SimpleData name="Vivienda_L">-26.17033400000</SimpleData>
            <SimpleData name="Vivienda_1">-55.67671890000</SimpleData>
            <SimpleData name="Superficie">0.80000000000</SimpleData>
            <SimpleData name="Situaci_1">Pol?gono</SimpleData>
            <SimpleData name="Plantado">SI</SimpleData>
            <SimpleData name="Plantado_f">2025/10/04</SimpleData>
            <SimpleData name="Jornales">0.00000000000</SimpleData>
            <SimpleData name="Monto">0.00000000000</SimpleData>
            <SimpleData name="Grupo_de_p">A-P2</SimpleData>
            <SimpleData name="Estado_del">Activo</SimpleData>
            <SimpleData name="Empresa">Red Forestal Paraguay SA</SimpleData>
            <SimpleData name="Lote">A</SimpleData>
            <SimpleData name="Parametro">0.80000000000</SimpleData>
            <SimpleData name="Sup_Sig">0.85495978417</SimpleData>
            <SimpleData name="Situacion">Cumple</SimpleData>
            <SimpleData name="X">-55.68168689000</SimpleData>
            <SimpleData name="Y">-26.16625471000</SimpleData>
            <SimpleData name="Shape_Leng">504.85849331300</SimpleData>
            <SimpleData name="Shape_Area">8549.59784168000</SimpleData>
          </SchemaData>
        </ExtendedData>
        <Polygon>
          <outerBoundaryIs>
            <LinearRing>
              <coordinates>
                -55.6806082996859,-26.16623829986,0
                -55.6825400002966,-26.1666132996513,0
                -55.6828582999117,-26.166289999644,0
                -55.680715000358,-26.1658850002277,0
                -55.6806082996859,-26.16623829986,0
              </coordinates>
            </LinearRing>
          </outerBoundaryIs>
        </Polygon>
      </Placemark>
      <Placemark id="Lote_A.73">
        <ExtendedData>
          <SchemaData schemaUrl="#Lote_A.schema">
            <SimpleData name="Cédula">5153841.00000000000</SimpleData>
            <SimpleData name="Nombres_y_">MARIA ELIZABETH ORUE ORTIGOZA</SimpleData>
            <SimpleData name="Sexo">Mujer</SimpleData>
            <SimpleData name="Cambio_de_">NO</SimpleData>
            <SimpleData name="Titular_se">NO</SimpleData>
            <SimpleData name="ci_UNIF">5153841.00000000000</SimpleData>
            <SimpleData name="Situación">NO</SimpleData>
            <SimpleData name="Comunidad">Campesina</SimpleData>
            <SimpleData name="Modelo_imp">Modelo 1</SimpleData>
            <SimpleData name="Departamen">CAAZAPA</SimpleData>
            <SimpleData name="Distrito">TAVA?</SimpleData>
            <SimpleData name="Localidad">SAN AGUSTIN</SimpleData>
            <SimpleData name="Teléfono">0981707289</SimpleData>
            <SimpleData name="Vivienda_L">-26.17192260000</SimpleData>
            <SimpleData name="Vivienda_1">-55.59495620000</SimpleData>
            <SimpleData name="Superficie">0.80000000000</SimpleData>
            <SimpleData name="Situaci_1">Par?metro</SimpleData>
            <SimpleData name="Plantado">SI</SimpleData>
            <SimpleData name="Plantado_f">2025/10/24</SimpleData>
            <SimpleData name="Jornales">0.00000000000</SimpleData>
            <SimpleData name="Monto">0.00000000000</SimpleData>
            <SimpleData name="Grupo_de_p">A-P1</SimpleData>
            <SimpleData name="Estado_del">Activo</SimpleData>
            <SimpleData name="Empresa">Red Forestal Paraguay SA</SimpleData>
            <SimpleData name="Lote">A</SimpleData>
            <SimpleData name="Parametro">0.80000000000</SimpleData>
            <SimpleData name="Sup_Sig">0.84942952965</SimpleData>
            <SimpleData name="Situacion">Cumple</SimpleData>
            <SimpleData name="X">-55.58160738000</SimpleData>
            <SimpleData name="Y">-26.15262766000</SimpleData>
            <SimpleData name="Shape_Leng">379.05990465200</SimpleData>
            <SimpleData name="Shape_Area">8494.29529649000</SimpleData>
          </SchemaData>
        </ExtendedData>
        <Polygon>
          <outerBoundaryIs>
            <LinearRing>
              <coordinates>
                -55.5814283004909,-26.1531299999859,0
                -55.5815250002297,-26.153198300253,0
                -55.5820604000691,-26.1531849998475,0
                -55.5818416998765,-26.1520782997836,0
                -55.5812932997499,-26.1520466999718,0
                -55.5812099997496,-26.1521317000594,0
                -55.5812400005407,-26.1529032998599,0
                -55.5813451000073,-26.1529165004614,0
                -55.5814283004909,-26.1531299999859,0
              </coordinates>
            </LinearRing>
          </outerBoundaryIs>
        </Polygon>
      </Placemark>
      <Placemark id="Lote_A.74">
        <ExtendedData>
          <SchemaData schemaUrl="#Lote_A.schema">
            <SimpleData name="Cédula">8242209.00000000000</SimpleData>
            <SimpleData name="Nombres_y_">DIRCEN OLIVEIRA HOLVACH</SimpleData>
            <SimpleData name="Sexo">Hombre</SimpleData>
            <SimpleData name="Cambio_de_">NO</SimpleData>
            <SimpleData name="Titular_se">NO</SimpleData>
            <SimpleData name="ci_UNIF">8242209.00000000000</SimpleData>
            <SimpleData name="Situación">NO</SimpleData>
            <SimpleData name="Comunidad">Campesina</SimpleData>
            <SimpleData name="Modelo_imp">Modelo 5</SimpleData>
            <SimpleData name="Departamen">CAAZAPA</SimpleData>
            <SimpleData name="Distrito">TAVA?</SimpleData>
            <SimpleData name="Localidad">VIRGEN DEL CARMEN</SimpleData>
            <SimpleData name="Teléfono">0984667391</SimpleData>
            <SimpleData name="Vivienda_L">-26.23856900000</SimpleData>
            <SimpleData name="Vivienda_1">-55.65863760000</SimpleData>
            <SimpleData name="Superficie">0.70000000000</SimpleData>
            <SimpleData name="Situaci_1">Pol?gono</SimpleData>
            <SimpleData name="Plantado">SI</SimpleData>
            <SimpleData name="Plantado_f">2025/10/12</SimpleData>
            <SimpleData name="Jornales">0.00000000000</SimpleData>
            <SimpleData name="Monto">0.00000000000</SimpleData>
            <SimpleData name="Grupo_de_p">A-P1</SimpleData>
            <SimpleData name="Estado_del">Activo</SimpleData>
            <SimpleData name="Empresa">Red Forestal Paraguay SA</SimpleData>
            <SimpleData name="Lote">A</SimpleData>
            <SimpleData name="Parametro">0.70000000000</SimpleData>
            <SimpleData name="Sup_Sig">0.69760048184</SimpleData>
            <SimpleData name="Situacion">Cumple</SimpleData>
            <SimpleData name="X">-55.68421258000</SimpleData>
            <SimpleData name="Y">-26.23597990000</SimpleData>
            <SimpleData name="Shape_Leng">636.32280001400</SimpleData>
            <SimpleData name="Shape_Area">6976.00481838000</SimpleData>
          </SchemaData>
        </ExtendedData>
        <MultiGeometry>
          <Polygon>
            <outerBoundaryIs>
              <LinearRing>
                <coordinates>
                  -55.6845320997625,-26.2370128002827,0
                  -55.6845082995606,-26.2366517010677,0
                  -55.684370499904,-26.2366898001329,0
                  -55.6842330987814,-26.2369249997589,0
                  -55.6845320997625,-26.2370128002827,0
                </coordinates>
              </LinearRing>
            </outerBoundaryIs>
          </Polygon>
          <Polygon>
            <outerBoundaryIs>
              <LinearRing>
                <coordinates>
                  -55.6845887002567,-26.236174799826,0
                  -55.6847667000463,-26.236380000378,0
                  -55.6850300006469,-26.2361300006442,0
                  -55.684393299263,-26.2356332999093,0
                  -55.6839632989698,-26.2360317006175,0
                  -55.6842860993923,-26.2362363003863,0
                  -55.6845887002567,-26.236174799826,0
                </coordinates>
              </LinearRing>
            </outerBoundaryIs>
          </Polygon>
          <Polygon>
            <outerBoundaryIs>
              <LinearRing>
                <coordinates>
                  -55.684098399883,-26.2357253007593,0
                  -55.683239798997,-26.2353201011497,0
                  -55.6831599997343,-26.2355617003972,0
                  -55.6835532994371,-26.2356683004409,0
                  -55.6838717000716,-26.2359099997033,0
                  -55.684098399883,-26.2357253007593,0
                </coordinates>
              </LinearRing>
            </outerBoundaryIs>
          </Polygon>
        </MultiGeometry>
      </Placemark>
      <Placemark id="Lote_A.75">
        <ExtendedData>
          <SchemaData schemaUrl="#Lote_A.schema">
            <SimpleData name="Cédula">6889177.00000000000</SimpleData>
            <SimpleData name="Nombres_y_">BERNARDO LOPEZ GONZALEZ</SimpleData>
            <SimpleData name="Sexo">Hombre</SimpleData>
            <SimpleData name="Cambio_de_">NO</SimpleData>
            <SimpleData name="Titular_se">NO</SimpleData>
            <SimpleData name="ci_UNIF">6889177.00000000000</SimpleData>
            <SimpleData name="Situación">NO</SimpleData>
            <SimpleData name="Comunidad">Ind?gena</SimpleData>
            <SimpleData name="Modelo_imp">Modelo 3</SimpleData>
            <SimpleData name="Departamen">ITAPUA</SimpleData>
            <SimpleData name="Distrito">ALTO VERA</SimpleData>
            <SimpleData name="Localidad">COM INDIG MBERU - PIRAPO I</SimpleData>
            <SimpleData name="Teléfono">0984339141</SimpleData>
            <SimpleData name="Vivienda_L">-26.69941920000</SimpleData>
            <SimpleData name="Vivienda_1">-55.66020690000</SimpleData>
            <SimpleData name="Superficie">1.00000000000</SimpleData>
            <SimpleData name="Situaci_1">Par?metro</SimpleData>
            <SimpleData name="Plantado">SI</SimpleData>
            <SimpleData name="Plantado_f">2025/11/06</SimpleData>
            <SimpleData name="Jornales">0.00000000000</SimpleData>
            <SimpleData name="Monto">0.00000000000</SimpleData>
            <SimpleData name="Grupo_de_p">A-P2</SimpleData>
            <SimpleData name="Estado_del">Activo</SimpleData>
            <SimpleData name="Empresa">Red Forestal Paraguay SA</SimpleData>
            <SimpleData name="Lote">A</SimpleData>
            <SimpleData name="Parametro">1.00000000000</SimpleData>
            <SimpleData name="Sup_Sig">1.01775722688</SimpleData>
            <SimpleData name="Situacion">Cumple</SimpleData>
            <SimpleData name="X">-55.64908533000</SimpleData>
            <SimpleData name="Y">-26.69532715000</SimpleData>
            <SimpleData name="Shape_Leng">408.84256010700</SimpleData>
            <SimpleData name="Shape_Area">10177.57226880000</SimpleData>
          </SchemaData>
        </ExtendedData>
        <Polygon>
          <outerBoundaryIs>
            <LinearRing>
              <coordinates>
                -55.6483299997275,-26.695360000051,0
                -55.6493819004735,-26.6959643003448,0
                -55.6497482999374,-26.6953149998038,0
                -55.6489817002131,-26.6946750003089,0
                -55.6483299997275,-26.695360000051,0
              </coordinates>
            </LinearRing>
          </outerBoundaryIs>
        </Polygon>
      </Placemark>
      <Placemark id="Lote_A.76">
        <ExtendedData>
          <SchemaData schemaUrl="#Lote_A.schema">
            <SimpleData name="Cédula">6593223.00000000000</SimpleData>
            <SimpleData name="Nombres_y_">MARIA ELISE GIMENEZ FIGUEREDO</SimpleData>
            <SimpleData name="Sexo">Mujer</SimpleData>
            <SimpleData name="Cambio_de_">NO</SimpleData>
            <SimpleData name="Titular_se">NO</SimpleData>
            <SimpleData name="ci_UNIF">6593223.00000000000</SimpleData>
            <SimpleData name="Situación">NO</SimpleData>
            <SimpleData name="Comunidad">Campesina</SimpleData>
            <SimpleData name="Modelo_imp">Modelo 1</SimpleData>
            <SimpleData name="Departamen">CAAZAPA</SimpleData>
            <SimpleData name="Distrito">TAVA?</SimpleData>
            <SimpleData name="Localidad">ENRAMADITA</SimpleData>
            <SimpleData name="Teléfono">0981740493</SimpleData>
            <SimpleData name="Vivienda_L">-26.16656610000</SimpleData>
            <SimpleData name="Vivienda_1">-55.67412830000</SimpleData>
            <SimpleData name="Superficie">0.80000000000</SimpleData>
            <SimpleData name="Situaci_1">Pol?gono</SimpleData>
            <SimpleData name="Plantado">SI</SimpleData>
            <SimpleData name="Plantado_f">2025/09/25</SimpleData>
            <SimpleData name="Jornales">0.00000000000</SimpleData>
            <SimpleData name="Monto">0.00000000000</SimpleData>
            <SimpleData name="Grupo_de_p">A-P1</SimpleData>
            <SimpleData name="Estado_del">Activo</SimpleData>
            <SimpleData name="Empresa">Red Forestal Paraguay SA</SimpleData>
            <SimpleData name="Lote">A</SimpleData>
            <SimpleData name="Parametro">0.80000000000</SimpleData>
            <SimpleData name="Sup_Sig">0.85282551751</SimpleData>
            <SimpleData name="Situacion">Cumple</SimpleData>
            <SimpleData name="X">-55.67384717000</SimpleData>
            <SimpleData name="Y">-26.14042200000</SimpleData>
            <SimpleData name="Shape_Leng">442.67103653200</SimpleData>
            <SimpleData name="Shape_Area">8528.25517512000</SimpleData>
          </SchemaData>
        </ExtendedData>
        <Polygon>
          <outerBoundaryIs>
            <LinearRing>
              <coordinates>
                -55.6729628004227,-26.140597600027,0
                -55.6747171997263,-26.1406929000426,0
                -55.6747364998773,-26.1402847999602,0
                -55.6730784005489,-26.1401135999105,0
                -55.6729628004227,-26.140597600027,0
              </coordinates>
            </LinearRing>
          </outerBoundaryIs>
        </Polygon>
      </Placemark>
      <Placemark id="Lote_A.77">
        <ExtendedData>
          <SchemaData schemaUrl="#Lote_A.schema">
            <SimpleData name="Cédula">6768856.00000000000</SimpleData>
            <SimpleData name="Nombres_y_">SANDRA BRIZUELA MARTINEZ</SimpleData>
            <SimpleData name="Sexo">Mujer</SimpleData>
            <SimpleData name="Cambio_de_">NO</SimpleData>
            <SimpleData name="Titular_se">NO</SimpleData>
            <SimpleData name="ci_UNIF">6768856.00000000000</SimpleData>
            <SimpleData name="Situación">NO</SimpleData>
            <SimpleData name="Comunidad">Ind?gena</SimpleData>
            <SimpleData name="Modelo_imp">Modelo 3</SimpleData>
            <SimpleData name="Departamen">ITAPUA</SimpleData>
            <SimpleData name="Distrito">ALTO VERA</SimpleData>
            <SimpleData name="Localidad">COM INDIG MBERU - PIRAPO I</SimpleData>
            <SimpleData name="Teléfono">0982071647</SimpleData>
            <SimpleData name="Vivienda_L">-26.70484460000</SimpleData>
            <SimpleData name="Vivienda_1">-55.66193800000</SimpleData>
            <SimpleData name="Superficie">1.00000000000</SimpleData>
            <SimpleData name="Situaci_1">Par?metro</SimpleData>
            <SimpleData name="Plantado">SI</SimpleData>
            <SimpleData name="Plantado_f">2025/11/06</SimpleData>
            <SimpleData name="Jornales">0.00000000000</SimpleData>
            <SimpleData name="Monto">0.00000000000</SimpleData>
            <SimpleData name="Grupo_de_p">A-P2</SimpleData>
            <SimpleData name="Estado_del">Activo</SimpleData>
            <SimpleData name="Empresa">Red Forestal Paraguay SA</SimpleData>
            <SimpleData name="Lote">A</SimpleData>
            <SimpleData name="Parametro">1.00000000000</SimpleData>
            <SimpleData name="Sup_Sig">1.11786741317</SimpleData>
            <SimpleData name="Situacion">Cumple</SimpleData>
            <SimpleData name="X">-55.64855388000</SimpleData>
            <SimpleData name="Y">-26.69209441000</SimpleData>
            <SimpleData name="Shape_Leng">432.20136980200</SimpleData>
            <SimpleData name="Shape_Area">11178.67413170000</SimpleData>
          </SchemaData>
        </ExtendedData>
        <Polygon>
          <outerBoundaryIs>
            <LinearRing>
              <coordinates>
                -55.6480830478569,-26.6923590385164,0
                -55.6486701002799,-26.6928710996657,0
                -55.6491917003377,-26.6919633002367,0
                -55.6484249997797,-26.6913232999203,0
                -55.6479216996374,-26.6922183001152,0
                -55.6479416797645,-26.6922357274591,0
                -55.6480830478569,-26.6923590385164,0
              </coordinates>
            </LinearRing>
          </outerBoundaryIs>
        </Polygon>
      </Placemark>
      <Placemark id="Lote_A.78">
        <ExtendedData>
          <SchemaData schemaUrl="#Lote_A.schema">
            <SimpleData name="Cédula">7108865.00000000000</SimpleData>
            <SimpleData name="Nombres_y_">FLORENCIA GIMENEZ MEDINA</SimpleData>
            <SimpleData name="Sexo">Mujer</SimpleData>
            <SimpleData name="Cambio_de_">NO</SimpleData>
            <SimpleData name="Titular_se">NO</SimpleData>
            <SimpleData name="ci_UNIF">7108865.00000000000</SimpleData>
            <SimpleData name="Situación">NO</SimpleData>
            <SimpleData name="Comunidad">Ind?gena</SimpleData>
            <SimpleData name="Modelo_imp">Modelo 3</SimpleData>
            <SimpleData name="Departamen">ITAPUA</SimpleData>
            <SimpleData name="Distrito">ALTO VERA</SimpleData>
            <SimpleData name="Localidad">COM INDIG MBERU - PIRAPO I</SimpleData>
            <SimpleData name="Teléfono">0983368446</SimpleData>
            <SimpleData name="Vivienda_L">-26.70444000000</SimpleData>
            <SimpleData name="Vivienda_1">-55.65977170000</SimpleData>
            <SimpleData name="Superficie">1.00000000000</SimpleData>
            <SimpleData name="Situaci_1">Par?metro</SimpleData>
            <SimpleData name="Plantado">SI</SimpleData>
            <SimpleData name="Plantado_f">2025/11/06</SimpleData>
            <SimpleData name="Jornales">0.00000000000</SimpleData>
            <SimpleData name="Monto">0.00000000000</SimpleData>
            <SimpleData name="Grupo_de_p">A-P2</SimpleData>
            <SimpleData name="Estado_del">Activo</SimpleData>
            <SimpleData name="Empresa">Red Forestal Paraguay SA</SimpleData>
            <SimpleData name="Lote">A</SimpleData>
            <SimpleData name="Parametro">1.00000000000</SimpleData>
            <SimpleData name="Sup_Sig">1.01912018527</SimpleData>
            <SimpleData name="Situacion">Cumple</SimpleData>
            <SimpleData name="X">-55.65082505000</SimpleData>
            <SimpleData name="Y">-26.69377054000</SimpleData>
            <SimpleData name="Shape_Leng">410.88716964500</SimpleData>
            <SimpleData name="Shape_Area">10191.20185270000</SimpleData>
          </SchemaData>
        </ExtendedData>
        <Polygon>
          <outerBoundaryIs>
            <LinearRing>
              <coordinates>
                -55.6502722046054,-26.6936402375428,0
                -55.6500858005598,-26.6938921997666,0
                -55.6501086538208,-26.6939020268193,0
                -55.6507203837034,-26.6941650594009,0
                -55.6508830233847,-26.6942349900408,0
                -55.6511926007135,-26.6943681006987,0
                -55.6514904000473,-26.6937742003893,0
                -55.6506754997912,-26.693095099974,0
                -55.6502722046054,-26.6936402375428,0
              </coordinates>
            </LinearRing>
          </outerBoundaryIs>
        </Polygon>
      </Placemark>
      <Placemark id="Lote_A.79">
        <ExtendedData>
          <SchemaData schemaUrl="#Lote_A.schema">
            <SimpleData name="Cédula">7239001.00000000000</SimpleData>
            <SimpleData name="Nombres_y_">FATIMA BENITEZ BOGADO</SimpleData>
            <SimpleData name="Sexo">Mujer</SimpleData>
            <SimpleData name="Cambio_de_">NO</SimpleData>
            <SimpleData name="Titular_se">NO</SimpleData>
            <SimpleData name="ci_UNIF">7239001.00000000000</SimpleData>
            <SimpleData name="Situación">NO</SimpleData>
            <SimpleData name="Comunidad">Ind?gena</SimpleData>
            <SimpleData name="Modelo_imp">Modelo 3</SimpleData>
            <SimpleData name="Departamen">ITAPUA</SimpleData>
            <SimpleData name="Distrito">ALTO VERA</SimpleData>
            <SimpleData name="Localidad">COM INDIG MBERU - PIRAPO I</SimpleData>
            <SimpleData name="Teléfono">0986911700</SimpleData>
            <SimpleData name="Vivienda_L">-26.70532770000</SimpleData>
            <SimpleData name="Vivienda_1">-55.65711670000</SimpleData>
            <SimpleData name="Superficie">1.00000000000</SimpleData>
            <SimpleData name="Situaci_1">Pol?gono</SimpleData>
            <SimpleData name="Plantado">SI</SimpleData>
            <SimpleData name="Plantado_f">2025/11/06</SimpleData>
            <SimpleData name="Jornales">0.00000000000</SimpleData>
            <SimpleData name="Monto">0.00000000000</SimpleData>
            <SimpleData name="Grupo_de_p">A-P1</SimpleData>
            <SimpleData name="Estado_del">Activo</SimpleData>
            <SimpleData name="Empresa">Red Forestal Paraguay SA</SimpleData>
            <SimpleData name="Lote">A</SimpleData>
            <SimpleData name="Parametro">1.00000000000</SimpleData>
            <SimpleData name="Sup_Sig">1.14588799458</SimpleData>
            <SimpleData name="Situacion">Cumple</SimpleData>
            <SimpleData name="X">-55.64693772000</SimpleData>
            <SimpleData name="Y">-26.69497916000</SimpleData>
            <SimpleData name="Shape_Leng">435.51173960200</SimpleData>
            <SimpleData name="Shape_Area">11458.87994580000</SimpleData>
          </SchemaData>
        </ExtendedData>
        <Polygon>
          <outerBoundaryIs>
            <LinearRing>
              <coordinates>
                -55.6467701998225,-26.6942334999425,0
                -55.6462560002883,-26.6950826001176,0
                -55.6471858004006,-26.6957378007331,0
                -55.6475678997332,-26.6948285001823,0
                -55.6467701998225,-26.6942334999425,0
              </coordinates>
            </LinearRing>
          </outerBoundaryIs>
        </Polygon>
      </Placemark>
      <Placemark id="Lote_A.80">
        <ExtendedData>
          <SchemaData schemaUrl="#Lote_A.schema">
            <SimpleData name="Cédula">1971289.00000000000</SimpleData>
            <SimpleData name="Nombres_y_">PANFILO BRIZUELA ROA</SimpleData>
            <SimpleData name="Sexo">Hombre</SimpleData>
            <SimpleData name="Cambio_de_">NO</SimpleData>
            <SimpleData name="Titular_se">NO</SimpleData>
            <SimpleData name="ci_UNIF">1971289.00000000000</SimpleData>
            <SimpleData name="Situación">NO</SimpleData>
            <SimpleData name="Comunidad">Campesina</SimpleData>
            <SimpleData name="Modelo_imp">Modelo 5</SimpleData>
            <SimpleData name="Departamen">CAAZAPA</SimpleData>
            <SimpleData name="Distrito">TAVA?</SimpleData>
            <SimpleData name="Localidad">TORO BLANCO</SimpleData>
            <SimpleData name="Teléfono">0985940802</SimpleData>
            <SimpleData name="Vivienda_L">-26.22164320000</SimpleData>
            <SimpleData name="Vivienda_1">-55.69749030000</SimpleData>
            <SimpleData name="Superficie">0.70000000000</SimpleData>
            <SimpleData name="Situaci_1">Pol?gono</SimpleData>
            <SimpleData name="Plantado">SI</SimpleData>
            <SimpleData name="Plantado_f">2025/10/12</SimpleData>
            <SimpleData name="Jornales">0.00000000000</SimpleData>
            <SimpleData name="Monto">0.00000000000</SimpleData>
            <SimpleData name="Grupo_de_p">A-P1</SimpleData>
            <SimpleData name="Estado_del">Activo</SimpleData>
            <SimpleData name="Empresa">Red Forestal Paraguay SA</SimpleData>
            <SimpleData name="Lote">A</SimpleData>
            <SimpleData name="Parametro">0.70000000000</SimpleData>
            <SimpleData name="Sup_Sig">0.87504220952</SimpleData>
            <SimpleData name="Situacion">Cumple</SimpleData>
            <SimpleData name="X">-55.69654777000</SimpleData>
            <SimpleData name="Y">-26.22178639000</SimpleData>
            <SimpleData name="Shape_Leng">380.99244209600</SimpleData>
            <SimpleData name="Shape_Area">8750.42209517000</SimpleData>
          </SchemaData>
        </ExtendedData>
        <Polygon>
          <outerBoundaryIs>
            <LinearRing>
              <coordinates>
                -55.6959517003251,-26.2221450003597,0
                -55.6961732998873,-26.2221852998418,0
                -55.6972500004872,-26.2219697005252,0
                -55.6969963996359,-26.2213046002752,0
                -55.6960702004277,-26.2215888003014,0
                -55.6958515004891,-26.2217651005187,0
                -55.6959517003251,-26.2221450003597,0
              </coordinates>
            </LinearRing>
          </outerBoundaryIs>
        </Polygon>
      </Placemark>
      <Placemark id="Lote_A.81">
        <ExtendedData>
          <SchemaData schemaUrl="#Lote_A.schema">
            <SimpleData name="Cédula">8068664.00000000000</SimpleData>
            <SimpleData name="Nombres_y_">ALICIA QUINTANA BOGADO</SimpleData>
            <SimpleData name="Sexo">Mujer</SimpleData>
            <SimpleData name="Cambio_de_">NO</SimpleData>
            <SimpleData name="Titular_se">NO</SimpleData>
            <SimpleData name="ci_UNIF">8068664.00000000000</SimpleData>
            <SimpleData name="Situación">NO</SimpleData>
            <SimpleData name="Comunidad">Ind?gena</SimpleData>
            <SimpleData name="Modelo_imp">Modelo 3</SimpleData>
            <SimpleData name="Departamen">ITAPUA</SimpleData>
            <SimpleData name="Distrito">ALTO VERA</SimpleData>
            <SimpleData name="Localidad">COM INDIG MBERU - PIRAPO I</SimpleData>
            <SimpleData name="Teléfono">0984489743</SimpleData>
            <SimpleData name="Vivienda_L">-26.70296570000</SimpleData>
            <SimpleData name="Vivienda_1">-55.65507820000</SimpleData>
            <SimpleData name="Superficie">1.00000000000</SimpleData>
            <SimpleData name="Situaci_1">Pol?gono</SimpleData>
            <SimpleData name="Plantado">SI</SimpleData>
            <SimpleData name="Plantado_f">2025/11/06</SimpleData>
            <SimpleData name="Jornales">0.00000000000</SimpleData>
            <SimpleData name="Monto">0.00000000000</SimpleData>
            <SimpleData name="Grupo_de_p">A-P2</SimpleData>
            <SimpleData name="Estado_del">Activo</SimpleData>
            <SimpleData name="Empresa">Red Forestal Paraguay SA</SimpleData>
            <SimpleData name="Lote">A</SimpleData>
            <SimpleData name="Parametro">1.00000000000</SimpleData>
            <SimpleData name="Sup_Sig">1.03328380642</SimpleData>
            <SimpleData name="Situacion">Cumple</SimpleData>
            <SimpleData name="X">-55.65078824000</SimpleData>
            <SimpleData name="Y">-26.69255655000</SimpleData>
            <SimpleData name="Shape_Leng">413.90398754400</SimpleData>
            <SimpleData name="Shape_Area">10332.83806420000</SimpleData>
          </SchemaData>
        </ExtendedData>
        <Polygon>
          <outerBoundaryIs>
            <LinearRing>
              <coordinates>
                -55.6501600481062,-26.6925749240251,0
                -55.650143300367,-26.6926000002178,0
                -55.650948300242,-26.6932833002331,0
                -55.6509832549075,-26.6932243561129,0
                -55.6510622829372,-26.6930910904025,0
                -55.6514217000931,-26.6924849997995,0
                -55.6506337892502,-26.6918394733966,0
                -55.6504191859747,-26.6921869146086,0
                -55.6501600481062,-26.6925749240251,0
              </coordinates>
            </LinearRing>
          </outerBoundaryIs>
        </Polygon>
      </Placemark>
      <Placemark id="Lote_A.82">
        <ExtendedData>
          <SchemaData schemaUrl="#Lote_A.schema">
            <SimpleData name="Cédula">5766123.00000000000</SimpleData>
            <SimpleData name="Nombres_y_">RODRIGO  BENITEZ ROJAS</SimpleData>
            <SimpleData name="Sexo">Hombre</SimpleData>
            <SimpleData name="Cambio_de_">NO</SimpleData>
            <SimpleData name="Titular_se">NO</SimpleData>
            <SimpleData name="ci_UNIF">5766123.00000000000</SimpleData>
            <SimpleData name="Situación">NO</SimpleData>
            <SimpleData name="Comunidad">Campesina</SimpleData>
            <SimpleData name="Modelo_imp">Modelo 1</SimpleData>
            <SimpleData name="Departamen">CAAZAPA</SimpleData>
            <SimpleData name="Distrito">TAVA?</SimpleData>
            <SimpleData name="Localidad">ENRAMADITA</SimpleData>
            <SimpleData name="Teléfono">986319391</SimpleData>
            <SimpleData name="Vivienda_L">-26.17080210000</SimpleData>
            <SimpleData name="Vivienda_1">-55.67644210000</SimpleData>
            <SimpleData name="Superficie">0.80000000000</SimpleData>
            <SimpleData name="Situaci_1">Pol?gono</SimpleData>
            <SimpleData name="Plantado">SI</SimpleData>
            <SimpleData name="Plantado_f">2025/10/04</SimpleData>
            <SimpleData name="Jornales">0.00000000000</SimpleData>
            <SimpleData name="Monto">0.00000000000</SimpleData>
            <SimpleData name="Grupo_de_p">A-P2</SimpleData>
            <SimpleData name="Estado_del">Activo</SimpleData>
            <SimpleData name="Empresa">Red Forestal Paraguay SA</SimpleData>
            <SimpleData name="Lote">A</SimpleData>
            <SimpleData name="Parametro">0.80000000000</SimpleData>
            <SimpleData name="Sup_Sig">0.88585967269</SimpleData>
            <SimpleData name="Situacion">Cumple</SimpleData>
            <SimpleData name="X">-55.68179958000</SimpleData>
            <SimpleData name="Y">-26.16588641000</SimpleData>
            <SimpleData name="Shape_Leng">524.05378979700</SimpleData>
            <SimpleData name="Shape_Area">8858.59672691000</SimpleData>
          </SchemaData>
        </ExtendedData>
        <Polygon>
          <outerBoundaryIs>
            <LinearRing>
              <coordinates>
                -55.6807125001499,-26.1658561999904,0
                -55.6828687001131,-26.1662848999832,0
                -55.6830318002732,-26.1660450001674,0
                -55.6818967999432,-26.1657066004713,0
                -55.6808650998053,-26.1654634000212,0
                -55.6807125001499,-26.1658561999904,0
              </coordinates>
            </LinearRing>
          </outerBoundaryIs>
        </Polygon>
      </Placemark>
      <Placemark id="Lote_A.83">
        <ExtendedData>
          <SchemaData schemaUrl="#Lote_A.schema">
            <SimpleData name="Cédula">2689491.00000000000</SimpleData>
            <SimpleData name="Nombres_y_">MAGDA LOLIA GIMENEZ DE IBARRA</SimpleData>
            <SimpleData name="Sexo">Mujer</SimpleData>
            <SimpleData name="Cambio_de_">NO</SimpleData>
            <SimpleData name="Titular_se">NO</SimpleData>
            <SimpleData name="ci_UNIF">2689491.00000000000</SimpleData>
            <SimpleData name="Situación">NO</SimpleData>
            <SimpleData name="Comunidad">Campesina</SimpleData>
            <SimpleData name="Modelo_imp">Modelo 1</SimpleData>
            <SimpleData name="Departamen">CAAZAPA</SimpleData>
            <SimpleData name="Distrito">TAVA?</SimpleData>
            <SimpleData name="Localidad">VIRGEN DEL CARMEN</SimpleData>
            <SimpleData name="Teléfono">985870658</SimpleData>
            <SimpleData name="Vivienda_L">-26.23646670000</SimpleData>
            <SimpleData name="Vivienda_1">-55.68429670000</SimpleData>
            <SimpleData name="Superficie">0.80000000000</SimpleData>
            <SimpleData name="Situaci_1">Pol?gono</SimpleData>
            <SimpleData name="Plantado">SI</SimpleData>
            <SimpleData name="Plantado_f">2025/09/24</SimpleData>
            <SimpleData name="Jornales">0.00000000000</SimpleData>
            <SimpleData name="Monto">0.00000000000</SimpleData>
            <SimpleData name="Grupo_de_p">A-P1</SimpleData>
            <SimpleData name="Estado_del">Activo</SimpleData>
            <SimpleData name="Empresa">Red Forestal Paraguay SA</SimpleData>
            <SimpleData name="Lote">A</SimpleData>
            <SimpleData name="Parametro">0.80000000000</SimpleData>
            <SimpleData name="Sup_Sig">0.84463748360</SimpleData>
            <SimpleData name="Situacion">Cumple</SimpleData>
            <SimpleData name="X">-55.68234519000</SimpleData>
            <SimpleData name="Y">-26.23521509000</SimpleData>
            <SimpleData name="Shape_Leng">386.82003153900</SimpleData>
            <SimpleData name="Shape_Area">8446.37483601000</SimpleData>
          </SchemaData>
        </ExtendedData>
        <Polygon>
          <outerBoundaryIs>
            <LinearRing>
              <coordinates>
                -55.6818056996286,-26.2354534999144,0
                -55.6829218998546,-26.2355935992384,0
                -55.6830875999125,-26.2354285007167,0
                -55.683071699975,-26.2352367001062,0
                -55.6824716996348,-26.2349049992069,0
                -55.6820832995977,-26.2348166996629,0
                -55.6820784002743,-26.2348081006016,0
                -55.6819119996091,-26.234843199517,0
                -55.681567099998,-26.2349537000446,0
                -55.6817966007326,-26.2352201005437,0
                -55.6818056996286,-26.2354534999144,0
              </coordinates>
            </LinearRing>
          </outerBoundaryIs>
        </Polygon>
      </Placemark>
      <Placemark id="Lote_A.84">
        <ExtendedData>
          <SchemaData schemaUrl="#Lote_A.schema">
            <SimpleData name="Cédula">7653388.00000000000</SimpleData>
            <SimpleData name="Nombres_y_">SONIA  CACERES GODOY</SimpleData>
            <SimpleData name="Sexo">Mujer</SimpleData>
            <SimpleData name="Cambio_de_">NO</SimpleData>
            <SimpleData name="Titular_se">NO</SimpleData>
            <SimpleData name="ci_UNIF">7653388.00000000000</SimpleData>
            <SimpleData name="Situación">NO</SimpleData>
            <SimpleData name="Comunidad">Campesina</SimpleData>
            <SimpleData name="Modelo_imp">Modelo 1</SimpleData>
            <SimpleData name="Departamen">CAAZAPA</SimpleData>
            <SimpleData name="Distrito">TAVA?</SimpleData>
            <SimpleData name="Localidad">VIRGEN DEL CARMEN</SimpleData>
            <SimpleData name="Teléfono">981662945</SimpleData>
            <SimpleData name="Vivienda_L">-26.23109890000</SimpleData>
            <SimpleData name="Vivienda_1">-55.69294260000</SimpleData>
            <SimpleData name="Superficie">0.80000000000</SimpleData>
            <SimpleData name="Situaci_1">Pol?gono</SimpleData>
            <SimpleData name="Plantado">SI</SimpleData>
            <SimpleData name="Plantado_f">2025/10/16</SimpleData>
            <SimpleData name="Jornales">0.00000000000</SimpleData>
            <SimpleData name="Monto">0.00000000000</SimpleData>
            <SimpleData name="Grupo_de_p">A-P1</SimpleData>
            <SimpleData name="Estado_del">Activo</SimpleData>
            <SimpleData name="Empresa">Red Forestal Paraguay SA</SimpleData>
            <SimpleData name="Lote">A</SimpleData>
            <SimpleData name="Parametro">0.80000000000</SimpleData>
            <SimpleData name="Sup_Sig">0.83411245211</SimpleData>
            <SimpleData name="Situacion">Cumple</SimpleData>
            <SimpleData name="X">-55.69388719000</SimpleData>
            <SimpleData name="Y">-26.23091420000</SimpleData>
            <SimpleData name="Shape_Leng">361.78592419100</SimpleData>
            <SimpleData name="Shape_Area">8341.12452110000</SimpleData>
          </SchemaData>
        </ExtendedData>
        <Polygon>
          <outerBoundaryIs>
            <LinearRing>
              <coordinates>
                -55.6936298998076,-26.2311652004678,0
                -55.6942617003827,-26.2314582997699,0
                -55.6943933000533,-26.2312616998887,0
                -55.6944466999846,-26.2308816997714,0
                -55.6942882004215,-26.2306430997312,0
                -55.6934571004863,-26.2304560000937,0
                -55.6931916996863,-26.2308283004347,0
                -55.6936298998076,-26.2311652004678,0
              </coordinates>
            </LinearRing>
          </outerBoundaryIs>
        </Polygon>
      </Placemark>
      <Placemark id="Lote_A.85">
        <ExtendedData>
          <SchemaData schemaUrl="#Lote_A.schema">
            <SimpleData name="Cédula">7111615.00000000000</SimpleData>
            <SimpleData name="Nombres_y_">ROSMARI SANCHEZ</SimpleData>
            <SimpleData name="Sexo">Mujer</SimpleData>
            <SimpleData name="Cambio_de_">NO</SimpleData>
            <SimpleData name="Titular_se">NO</SimpleData>
            <SimpleData name="ci_UNIF">7111615.00000000000</SimpleData>
            <SimpleData name="Situación">NO</SimpleData>
            <SimpleData name="Comunidad">Campesina</SimpleData>
            <SimpleData name="Modelo_imp">Modelo 1</SimpleData>
            <SimpleData name="Departamen">CAAZAPA</SimpleData>
            <SimpleData name="Distrito">TAVA?</SimpleData>
            <SimpleData name="Localidad">TORO BLANCO</SimpleData>
            <SimpleData name="Teléfono">0986962791</SimpleData>
            <SimpleData name="Vivienda_L">-26.25095610000</SimpleData>
            <SimpleData name="Vivienda_1">-55.69961490000</SimpleData>
            <SimpleData name="Superficie">0.80000000000</SimpleData>
            <SimpleData name="Situaci_1">Par?metro</SimpleData>
            <SimpleData name="Plantado">SI</SimpleData>
            <SimpleData name="Plantado_f">2025/12/03</SimpleData>
            <SimpleData name="Jornales">0.00000000000</SimpleData>
            <SimpleData name="Monto">0.00000000000</SimpleData>
            <SimpleData name="Grupo_de_p">A-P2</SimpleData>
            <SimpleData name="Estado_del">Activo</SimpleData>
            <SimpleData name="Empresa">Red Forestal Paraguay SA</SimpleData>
            <SimpleData name="Lote">A</SimpleData>
            <SimpleData name="Parametro">0.80000000000</SimpleData>
            <SimpleData name="Sup_Sig">0.97065856589</SimpleData>
            <SimpleData name="Situacion">Cumple</SimpleData>
            <SimpleData name="X">-55.70516945000</SimpleData>
            <SimpleData name="Y">-26.24953220000</SimpleData>
            <SimpleData name="Shape_Leng">551.75519893200</SimpleData>
            <SimpleData name="Shape_Area">9706.58565894000</SimpleData>
          </SchemaData>
        </ExtendedData>
        <Polygon>
          <outerBoundaryIs>
            <LinearRing>
              <coordinates>
                -55.706370000066,-26.2492704999569,0
                -55.704596699642,-26.249398300485,0
                -55.7045710999238,-26.2493326996046,0
                -55.7040332992067,-26.2493783002588,0
                -55.7041182999186,-26.2498167004431,0
                -55.7063450000326,-26.2496283000321,0
                -55.706370000066,-26.2492704999569,0
              </coordinates>
            </LinearRing>
          </outerBoundaryIs>
        </Polygon>
      </Placemark>
      <Placemark id="Lote_A.86">
        <ExtendedData>
          <SchemaData schemaUrl="#Lote_A.schema">
            <SimpleData name="Cédula">4778713.00000000000</SimpleData>
            <SimpleData name="Nombres_y_">CELINA ESTHER GIMENEZ FIGUEREDO</SimpleData>
            <SimpleData name="Sexo">Mujer</SimpleData>
            <SimpleData name="Cambio_de_">NO</SimpleData>
            <SimpleData name="Titular_se">NO</SimpleData>
            <SimpleData name="ci_UNIF">4778713.00000000000</SimpleData>
            <SimpleData name="Situación">NO</SimpleData>
            <SimpleData name="Comunidad">Campesina</SimpleData>
            <SimpleData name="Modelo_imp">Modelo 5</SimpleData>
            <SimpleData name="Departamen">CAAZAPA</SimpleData>
            <SimpleData name="Distrito">TAVA?</SimpleData>
            <SimpleData name="Localidad">YVY ATY</SimpleData>
            <SimpleData name="Teléfono">0981974071</SimpleData>
            <SimpleData name="Vivienda_L">-26.17251060000</SimpleData>
            <SimpleData name="Vivienda_1">-55.58581320000</SimpleData>
            <SimpleData name="Superficie">0.70000000000</SimpleData>
            <SimpleData name="Situaci_1">Pol?gono</SimpleData>
            <SimpleData name="Plantado">SI</SimpleData>
            <SimpleData name="Plantado_f">2025/10/08</SimpleData>
            <SimpleData name="Jornales">0.00000000000</SimpleData>
            <SimpleData name="Monto">0.00000000000</SimpleData>
            <SimpleData name="Grupo_de_p">A-P2</SimpleData>
            <SimpleData name="Estado_del">Activo</SimpleData>
            <SimpleData name="Empresa">Red Forestal Paraguay SA</SimpleData>
            <SimpleData name="Lote">A</SimpleData>
            <SimpleData name="Parametro">0.70000000000</SimpleData>
            <SimpleData name="Sup_Sig">0.77379797878</SimpleData>
            <SimpleData name="Situacion">Cumple</SimpleData>
            <SimpleData name="X">-55.58597358000</SimpleData>
            <SimpleData name="Y">-26.17041964000</SimpleData>
            <SimpleData name="Shape_Leng">372.39540059500</SimpleData>
            <SimpleData name="Shape_Area">7737.97978782000</SimpleData>
          </SchemaData>
        </ExtendedData>
        <Polygon>
          <outerBoundaryIs>
            <LinearRing>
              <coordinates>
                -55.5856970996485,-26.1709844997935,0
                -55.5861099997899,-26.1710233004303,0
                -55.5861549998875,-26.1706967002558,0
                -55.5863166999241,-26.17066639995,0
                -55.5864100003158,-26.1698966998011,0
                -55.5855849998592,-26.170016700216,0
                -55.5855999998437,-26.1705666997265,0
                -55.5856617001463,-26.1707033004152,0
                -55.5856970996485,-26.1709844997935,0
              </coordinates>
            </LinearRing>
          </outerBoundaryIs>
        </Polygon>
      </Placemark>
      <Placemark id="Lote_A.87">
        <ExtendedData>
          <SchemaData schemaUrl="#Lote_A.schema">
            <SimpleData name="Cédula">5639709.00000000000</SimpleData>
            <SimpleData name="Nombres_y_">MARCO DANIEL RAMIREZ ALVARES</SimpleData>
            <SimpleData name="Sexo">Hombre</SimpleData>
            <SimpleData name="Cambio_de_">NO</SimpleData>
            <SimpleData name="Titular_se">NO</SimpleData>
            <SimpleData name="ci_UNIF">5639709.00000000000</SimpleData>
            <SimpleData name="Situación">NO</SimpleData>
            <SimpleData name="Comunidad">Campesina</SimpleData>
            <SimpleData name="Modelo_imp">Modelo 1</SimpleData>
            <SimpleData name="Departamen">CAAZAPA</SimpleData>
            <SimpleData name="Distrito">TAVA?</SimpleData>
            <SimpleData name="Localidad">TORO BLANCO</SimpleData>
            <SimpleData name="Teléfono">0986901759</SimpleData>
            <SimpleData name="Vivienda_L">-26.23178410000</SimpleData>
            <SimpleData name="Vivienda_1">-55.67010020000</SimpleData>
            <SimpleData name="Superficie">0.80000000000</SimpleData>
            <SimpleData name="Situaci_1">Pol?gono</SimpleData>
            <SimpleData name="Plantado">SI</SimpleData>
            <SimpleData name="Plantado_f">2025/09/27</SimpleData>
            <SimpleData name="Jornales">0.00000000000</SimpleData>
            <SimpleData name="Monto">0.00000000000</SimpleData>
            <SimpleData name="Grupo_de_p">A-P3</SimpleData>
            <SimpleData name="Estado_del">Activo</SimpleData>
            <SimpleData name="Empresa">Red Forestal Paraguay SA</SimpleData>
            <SimpleData name="Lote">A</SimpleData>
            <SimpleData name="Parametro">0.80000000000</SimpleData>
            <SimpleData name="Sup_Sig">0.98228202220</SimpleData>
            <SimpleData name="Situacion">Cumple</SimpleData>
            <SimpleData name="X">-55.66689205000</SimpleData>
            <SimpleData name="Y">-26.23483025000</SimpleData>
            <SimpleData name="Shape_Leng">575.54430979400</SimpleData>
            <SimpleData name="Shape_Area">9822.82022198000</SimpleData>
          </SchemaData>
        </ExtendedData>
        <MultiGeometry>
          <Polygon>
            <outerBoundaryIs>
              <LinearRing>
                <coordinates>
                  -55.6676499999913,-26.2354330000997,0
                  -55.6678416990344,-26.235431800019,0
                  -55.6678232990251,-26.2346482999795,0
                  -55.6676282997056,-26.2346582005176,0
                  -55.6676499999913,-26.2354330000997,0
                </coordinates>
              </LinearRing>
            </outerBoundaryIs>
          </Polygon>
          <Polygon>
            <outerBoundaryIs>
              <LinearRing>
                <coordinates>
                  -55.6661666997339,-26.235156699892,0
                  -55.6672666998315,-26.235063300466,0
                  -55.6672866993199,-26.2343917001701,0
                  -55.666744999475,-26.2344333005323,0
                  -55.6662982991938,-26.2345550000903,0
                  -55.6660666990344,-26.2347299999006,0
                  -55.6661666997339,-26.235156699892,0
                </coordinates>
              </LinearRing>
            </outerBoundaryIs>
          </Polygon>
        </MultiGeometry>
      </Placemark>
      <Placemark id="Lote_A.88">
        <ExtendedData>
          <SchemaData schemaUrl="#Lote_A.schema">
            <SimpleData name="Cédula">5668331.00000000000</SimpleData>
            <SimpleData name="Nombres_y_">MARICEL  ZARZA VAZQUEZ</SimpleData>
            <SimpleData name="Sexo">Mujer</SimpleData>
            <SimpleData name="Cambio_de_">NO</SimpleData>
            <SimpleData name="Titular_se">NO</SimpleData>
            <SimpleData name="ci_UNIF">5668331.00000000000</SimpleData>
            <SimpleData name="Situación">NO</SimpleData>
            <SimpleData name="Comunidad">Campesina</SimpleData>
            <SimpleData name="Modelo_imp">Modelo 1</SimpleData>
            <SimpleData name="Departamen">CAAZAPA</SimpleData>
            <SimpleData name="Distrito">TAVA?</SimpleData>
            <SimpleData name="Localidad">SAN FRANCISCO</SimpleData>
            <SimpleData name="Teléfono">986161643</SimpleData>
            <SimpleData name="Vivienda_L">-26.15175500000</SimpleData>
            <SimpleData name="Vivienda_1">-55.55918500000</SimpleData>
            <SimpleData name="Superficie">0.80000000000</SimpleData>
            <SimpleData name="Situaci_1">Parametro</SimpleData>
            <SimpleData name="Plantado">SI</SimpleData>
            <SimpleData name="Plantado_f">2025/10/30</SimpleData>
            <SimpleData name="Jornales">0.00000000000</SimpleData>
            <SimpleData name="Monto">0.00000000000</SimpleData>
            <SimpleData name="Grupo_de_p">A-P3</SimpleData>
            <SimpleData name="Estado_del">Activo</SimpleData>
            <SimpleData name="Empresa">Red Forestal Paraguay SA</SimpleData>
            <SimpleData name="Lote">A</SimpleData>
            <SimpleData name="Parametro">0.80000000000</SimpleData>
            <SimpleData name="Sup_Sig">0.99165555692</SimpleData>
            <SimpleData name="Situacion">Cumple</SimpleData>
            <SimpleData name="X">-55.56735816000</SimpleData>
            <SimpleData name="Y">-26.14153320000</SimpleData>
            <SimpleData name="Shape_Leng">497.74752180600</SimpleData>
            <SimpleData name="Shape_Area">9916.55556918000</SimpleData>
          </SchemaData>
        </ExtendedData>
        <Polygon>
          <outerBoundaryIs>
            <LinearRing>
              <coordinates>
                -55.5670541732767,-26.1419707238013,0
                -55.5670334446266,-26.1424369363554,0
                -55.5675267000936,-26.1424149996556,0
                -55.5676900002347,-26.1406366999303,0
                -55.5672167004415,-26.1406100001493,0
                -55.5670541732767,-26.1419707238013,0
              </coordinates>
            </LinearRing>
          </outerBoundaryIs>
        </Polygon>
      </Placemark>
      <Placemark id="Lote_A.89">
        <ExtendedData>
          <SchemaData schemaUrl="#Lote_A.schema">
            <SimpleData name="Cédula">4593966.00000000000</SimpleData>
            <SimpleData name="Nombres_y_">MAXIMA  ROJAS</SimpleData>
            <SimpleData name="Sexo">Mujer</SimpleData>
            <SimpleData name="Cambio_de_">NO</SimpleData>
            <SimpleData name="Titular_se">NO</SimpleData>
            <SimpleData name="ci_UNIF">4593966.00000000000</SimpleData>
            <SimpleData name="Situación">NO</SimpleData>
            <SimpleData name="Comunidad">Campesina</SimpleData>
            <SimpleData name="Modelo_imp">Modelo 1</SimpleData>
            <SimpleData name="Departamen">CAAZAPA</SimpleData>
            <SimpleData name="Distrito">TAVA?</SimpleData>
            <SimpleData name="Localidad">TORO BLANCO</SimpleData>
            <SimpleData name="Teléfono">982920766</SimpleData>
            <SimpleData name="Vivienda_L">-26.21350000000</SimpleData>
            <SimpleData name="Vivienda_1">-55.69566830000</SimpleData>
            <SimpleData name="Superficie">0.80000000000</SimpleData>
            <SimpleData name="Situaci_1">Parametro</SimpleData>
            <SimpleData name="Plantado">SI</SimpleData>
            <SimpleData name="Plantado_f">2026/01/15</SimpleData>
            <SimpleData name="Jornales">0.00000000000</SimpleData>
            <SimpleData name="Monto">0.00000000000</SimpleData>
            <SimpleData name="Grupo_de_p">A-P3</SimpleData>
            <SimpleData name="Estado_del">Activo</SimpleData>
            <SimpleData name="Empresa">Red Forestal Paraguay SA</SimpleData>
            <SimpleData name="Lote">A</SimpleData>
            <SimpleData name="Parametro">0.80000000000</SimpleData>
            <SimpleData name="Sup_Sig">0.87007734665</SimpleData>
            <SimpleData name="Situacion">Cumple</SimpleData>
            <SimpleData name="X">-55.69762972000</SimpleData>
            <SimpleData name="Y">-26.21226221000</SimpleData>
            <SimpleData name="Shape_Leng">545.54242766400</SimpleData>
            <SimpleData name="Shape_Area">8700.77346645000</SimpleData>
          </SchemaData>
        </ExtendedData>
        <Polygon>
          <outerBoundaryIs>
            <LinearRing>
              <coordinates>
                -55.6969579002622,-26.2121866003357,0
                -55.6976000004818,-26.212983499932,0
                -55.6980866999311,-26.2126752995716,0
                -55.6976317004135,-26.2119867998943,0
                -55.6984800003131,-26.2114617003471,0
                -55.6983732998416,-26.2113500004046,0
                -55.6969579002622,-26.2121866003357,0
              </coordinates>
            </LinearRing>
          </outerBoundaryIs>
        </Polygon>
      </Placemark>
      <Placemark id="Lote_A.90">
        <ExtendedData>
          <SchemaData schemaUrl="#Lote_A.schema">
            <SimpleData name="Cédula">6588622.00000000000</SimpleData>
            <SimpleData name="Nombres_y_">MARISA MEDINA RIOS</SimpleData>
            <SimpleData name="Sexo">Mujer</SimpleData>
            <SimpleData name="Cambio_de_">NO</SimpleData>
            <SimpleData name="Titular_se">NO</SimpleData>
            <SimpleData name="ci_UNIF">6588622.00000000000</SimpleData>
            <SimpleData name="Situación">NO</SimpleData>
            <SimpleData name="Comunidad">Campesina</SimpleData>
            <SimpleData name="Modelo_imp">Modelo 1</SimpleData>
            <SimpleData name="Departamen">CAAZAPA</SimpleData>
            <SimpleData name="Distrito">TAVA?</SimpleData>
            <SimpleData name="Localidad">SAN FRANCISCO</SimpleData>
            <SimpleData name="Teléfono">0984755101</SimpleData>
            <SimpleData name="Vivienda_L">-26.15181950000</SimpleData>
            <SimpleData name="Vivienda_1">-55.55852430000</SimpleData>
            <SimpleData name="Superficie">0.80000000000</SimpleData>
            <SimpleData name="Situaci_1">Par?metro</SimpleData>
            <SimpleData name="Plantado">SI</SimpleData>
            <SimpleData name="Plantado_f">2025/10/30</SimpleData>
            <SimpleData name="Jornales">0.00000000000</SimpleData>
            <SimpleData name="Monto">0.00000000000</SimpleData>
            <SimpleData name="Grupo_de_p">A-P3</SimpleData>
            <SimpleData name="Estado_del">Activo</SimpleData>
            <SimpleData name="Empresa">Red Forestal Paraguay SA</SimpleData>
            <SimpleData name="Lote">A</SimpleData>
            <SimpleData name="Parametro">0.80000000000</SimpleData>
            <SimpleData name="Sup_Sig">0.80148959745</SimpleData>
            <SimpleData name="Situacion">Cumple</SimpleData>
            <SimpleData name="X">-55.56681940000</SimpleData>
            <SimpleData name="Y">-26.14209312000</SimpleData>
            <SimpleData name="Shape_Leng">445.95651448300</SimpleData>
            <SimpleData name="Shape_Area">8014.89597452000</SimpleData>
          </SchemaData>
        </ExtendedData>
        <Polygon>
          <outerBoundaryIs>
            <LinearRing>
              <coordinates>
                -55.5670334446266,-26.1424369363554,0
                -55.5670541732767,-26.1419707238013,0
                -55.567081699944,-26.1413516003172,0
                -55.5666300004893,-26.1412416997058,0
                -55.5665633000203,-26.1428982998697,0
                -55.5670133003935,-26.1428900000722,0
                -55.5670334446266,-26.1424369363554,0
              </coordinates>
            </LinearRing>
          </outerBoundaryIs>
        </Polygon>
      </Placemark>
      <Placemark id="Lote_A.91">
        <ExtendedData>
          <SchemaData schemaUrl="#Lote_A.schema">
            <SimpleData name="Cédula">6607303.00000000000</SimpleData>
            <SimpleData name="Nombres_y_">LIZ ROSMARI DIAZ BENITEZ</SimpleData>
            <SimpleData name="Sexo">Mujer</SimpleData>
            <SimpleData name="Cambio_de_">NO</SimpleData>
            <SimpleData name="Titular_se">NO</SimpleData>
            <SimpleData name="ci_UNIF">6607303.00000000000</SimpleData>
            <SimpleData name="Situación">NO</SimpleData>
            <SimpleData name="Comunidad">Campesina</SimpleData>
            <SimpleData name="Modelo_imp">Modelo 5</SimpleData>
            <SimpleData name="Departamen">ITAPUA</SimpleData>
            <SimpleData name="Distrito">ALTO VERA</SimpleData>
            <SimpleData name="Localidad">TARUMA</SimpleData>
            <SimpleData name="Teléfono">982767714</SimpleData>
            <SimpleData name="Vivienda_L">-26.73187670000</SimpleData>
            <SimpleData name="Vivienda_1">-55.81995830000</SimpleData>
            <SimpleData name="Superficie">0.70000000000</SimpleData>
            <SimpleData name="Situaci_1">Parametro</SimpleData>
            <SimpleData name="Plantado">SI</SimpleData>
            <SimpleData name="Plantado_f">2026/02/02</SimpleData>
            <SimpleData name="Jornales">0.00000000000</SimpleData>
            <SimpleData name="Monto">0.00000000000</SimpleData>
            <SimpleData name="Grupo_de_p">A-P3</SimpleData>
            <SimpleData name="Estado_del">Activo</SimpleData>
            <SimpleData name="Empresa">Red Forestal Paraguay SA</SimpleData>
            <SimpleData name="Lote">A</SimpleData>
            <SimpleData name="Parametro">0.70000000000</SimpleData>
            <SimpleData name="Sup_Sig">0.69787206777</SimpleData>
            <SimpleData name="Situacion">Cumple</SimpleData>
            <SimpleData name="X">-55.83105111000</SimpleData>
            <SimpleData name="Y">-26.68692730000</SimpleData>
            <SimpleData name="Shape_Leng">499.81934544300</SimpleData>
            <SimpleData name="Shape_Area">6978.72067774000</SimpleData>
          </SchemaData>
        </ExtendedData>
        <MultiGeometry>
          <Polygon>
            <outerBoundaryIs>
              <LinearRing>
                <coordinates>
                  -55.8307596997499,-26.6874479997785,0
                  -55.83155729982,-26.6869523999233,0
                  -55.831210200087,-26.6865261996665,0
                  -55.8303850000068,-26.6869951999126,0
                  -55.8307596997499,-26.6874479997785,0
                </coordinates>
              </LinearRing>
            </outerBoundaryIs>
          </Polygon>
          <Polygon>
            <outerBoundaryIs>
              <LinearRing>
                <coordinates>
                  -55.8316030996388,-26.6869372000935,0
                  -55.8317516997432,-26.686865299691,0
                  -55.8312308997267,-26.6862889001185,0
                  -55.8311857997546,-26.6864301996206,0
                  -55.8316030996388,-26.6869372000935,0
                </coordinates>
              </LinearRing>
            </outerBoundaryIs>
          </Polygon>
        </MultiGeometry>
      </Placemark>
      <Placemark id="Lote_A.92">
        <ExtendedData>
          <SchemaData schemaUrl="#Lote_A.schema">
            <SimpleData name="Cédula">6655884.00000000000</SimpleData>
            <SimpleData name="Nombres_y_">MARIELA BAREIRO CACERES</SimpleData>
            <SimpleData name="Sexo">Mujer</SimpleData>
            <SimpleData name="Cambio_de_">NO</SimpleData>
            <SimpleData name="Titular_se">NO</SimpleData>
            <SimpleData name="ci_UNIF">6655884.00000000000</SimpleData>
            <SimpleData name="Situación">NO</SimpleData>
            <SimpleData name="Comunidad">Campesina</SimpleData>
            <SimpleData name="Modelo_imp">Modelo 5</SimpleData>
            <SimpleData name="Departamen">ITAPUA</SimpleData>
            <SimpleData name="Distrito">ALTO VERA</SimpleData>
            <SimpleData name="Localidad">TARUMA</SimpleData>
            <SimpleData name="Teléfono">0985474127</SimpleData>
            <SimpleData name="Vivienda_L">-26.73284780000</SimpleData>
            <SimpleData name="Vivienda_1">-55.82694180000</SimpleData>
            <SimpleData name="Superficie">0.70000000000</SimpleData>
            <SimpleData name="Situaci_1">Par?metro</SimpleData>
            <SimpleData name="Plantado">SI</SimpleData>
            <SimpleData name="Plantado_f">2026/01/16</SimpleData>
            <SimpleData name="Jornales">0.00000000000</SimpleData>
            <SimpleData name="Monto">0.00000000000</SimpleData>
            <SimpleData name="Grupo_de_p">A-P3</SimpleData>
            <SimpleData name="Estado_del">Activo</SimpleData>
            <SimpleData name="Empresa">Red Forestal Paraguay SA</SimpleData>
            <SimpleData name="Lote">A</SimpleData>
            <SimpleData name="Parametro">0.70000000000</SimpleData>
            <SimpleData name="Sup_Sig">0.72580757516</SimpleData>
            <SimpleData name="Situacion">Cumple</SimpleData>
            <SimpleData name="X">-55.82866767000</SimpleData>
            <SimpleData name="Y">-26.73221058000</SimpleData>
            <SimpleData name="Shape_Leng">537.92685734300</SimpleData>
            <SimpleData name="Shape_Area">7258.07575156000</SimpleData>
          </SchemaData>
        </ExtendedData>
        <MultiGeometry>
          <Polygon>
            <outerBoundaryIs>
              <LinearRing>
                <coordinates>
                  -55.8263132002724,-26.7376751996506,0
                  -55.8268116003716,-26.7369646001924,0
                  -55.8265987998195,-26.7369649999898,0
                  -55.8261367001081,-26.7375833001509,0
                  -55.8263132002724,-26.7376751996506,0
                </coordinates>
              </LinearRing>
            </outerBoundaryIs>
          </Polygon>
          <Polygon>
            <outerBoundaryIs>
              <LinearRing>
                <coordinates>
                  -55.8288300999105,-26.7327428998924,0
                  -55.8292306002851,-26.7322665996432,0
                  -55.8283200000079,-26.7316999999292,0
                  -55.8281485003541,-26.7320438000829,0
                  -55.8288300999105,-26.7327428998924,0
                </coordinates>
              </LinearRing>
            </outerBoundaryIs>
          </Polygon>
        </MultiGeometry>
      </Placemark>
      <Placemark id="Lote_A.93">
        <ExtendedData>
          <SchemaData schemaUrl="#Lote_A.schema">
            <SimpleData name="Cédula">5730725.00000000000</SimpleData>
            <SimpleData name="Nombres_y_">CAROLINA BENITEZ AMARILLA</SimpleData>
            <SimpleData name="Sexo">Mujer</SimpleData>
            <SimpleData name="Cambio_de_">NO</SimpleData>
            <SimpleData name="Titular_se">NO</SimpleData>
            <SimpleData name="ci_UNIF">5730725.00000000000</SimpleData>
            <SimpleData name="Situación">NO</SimpleData>
            <SimpleData name="Comunidad">Campesina</SimpleData>
            <SimpleData name="Modelo_imp">Modelo 1</SimpleData>
            <SimpleData name="Departamen">CAAZAPA</SimpleData>
            <SimpleData name="Distrito">TAVA?</SimpleData>
            <SimpleData name="Localidad">TORO BLANCO</SimpleData>
            <SimpleData name="Teléfono">0986328449</SimpleData>
            <SimpleData name="Vivienda_L">-26.23862810000</SimpleData>
            <SimpleData name="Vivienda_1">-55.70267150000</SimpleData>
            <SimpleData name="Superficie">0.80000000000</SimpleData>
            <SimpleData name="Situaci_1">Par?metro</SimpleData>
            <SimpleData name="Plantado">SI</SimpleData>
            <SimpleData name="Plantado_f">2026/01/05</SimpleData>
            <SimpleData name="Jornales">0.00000000000</SimpleData>
            <SimpleData name="Monto">0.00000000000</SimpleData>
            <SimpleData name="Grupo_de_p">A-P3</SimpleData>
            <SimpleData name="Estado_del">Activo</SimpleData>
            <SimpleData name="Empresa">Red Forestal Paraguay SA</SimpleData>
            <SimpleData name="Lote">A</SimpleData>
            <SimpleData name="Parametro">0.80000000000</SimpleData>
            <SimpleData name="Sup_Sig">0.85163912159</SimpleData>
            <SimpleData name="Situacion">Cumple</SimpleData>
            <SimpleData name="X">-55.71202431000</SimpleData>
            <SimpleData name="Y">-26.31121299000</SimpleData>
            <SimpleData name="Shape_Leng">370.46648855000</SimpleData>
            <SimpleData name="Shape_Area">8516.39121586000</SimpleData>
          </SchemaData>
        </ExtendedData>
        <Polygon>
          <outerBoundaryIs>
            <LinearRing>
              <coordinates>
                -55.7113700997285,-26.3110074002108,0
                -55.7118666999391,-26.3117617003748,0
                -55.7126866999962,-26.3113849995966,0
                -55.7121799996526,-26.3106817004153,0
                -55.7113700997285,-26.3110074002108,0
              </coordinates>
            </LinearRing>
          </outerBoundaryIs>
        </Polygon>
      </Placemark>
      <Placemark id="Lote_A.94">
        <ExtendedData>
          <SchemaData schemaUrl="#Lote_A.schema">
            <SimpleData name="Cédula">6600755.00000000000</SimpleData>
            <SimpleData name="Nombres_y_">BACILIA DUARTE SANGER</SimpleData>
            <SimpleData name="Sexo">Mujer</SimpleData>
            <SimpleData name="Cambio_de_">NO</SimpleData>
            <SimpleData name="Titular_se">NO</SimpleData>
            <SimpleData name="ci_UNIF">6600755.00000000000</SimpleData>
            <SimpleData name="Situación">NO</SimpleData>
            <SimpleData name="Comunidad">Ind?gena</SimpleData>
            <SimpleData name="Modelo_imp">Modelo 2</SimpleData>
            <SimpleData name="Departamen">ITAPUA</SimpleData>
            <SimpleData name="Distrito">ALTO VERA</SimpleData>
            <SimpleData name="Localidad">COM INDIG KOEJU</SimpleData>
            <SimpleData name="Teléfono">0982784986</SimpleData>
            <SimpleData name="Vivienda_L">-26.72338610000</SimpleData>
            <SimpleData name="Vivienda_1">-55.83855350000</SimpleData>
            <SimpleData name="Superficie">0.80000000000</SimpleData>
            <SimpleData name="Situaci_1">Par?metro</SimpleData>
            <SimpleData name="Plantado">SI</SimpleData>
            <SimpleData name="Plantado_f">2026/01/16</SimpleData>
            <SimpleData name="Jornales">0.00000000000</SimpleData>
            <SimpleData name="Monto">0.00000000000</SimpleData>
            <SimpleData name="Grupo_de_p">A-P3</SimpleData>
            <SimpleData name="Estado_del">Activo</SimpleData>
            <SimpleData name="Empresa">Red Forestal Paraguay SA</SimpleData>
            <SimpleData name="Lote">A</SimpleData>
            <SimpleData name="Parametro">0.80000000000</SimpleData>
            <SimpleData name="Sup_Sig">0.82353038761</SimpleData>
            <SimpleData name="Situacion">Cumple</SimpleData>
            <SimpleData name="X">-55.83978559000</SimpleData>
            <SimpleData name="Y">-26.72363442000</SimpleData>
            <SimpleData name="Shape_Leng">444.24610725100</SimpleData>
            <SimpleData name="Shape_Area">8235.30387607000</SimpleData>
          </SchemaData>
        </ExtendedData>
        <Polygon>
          <outerBoundaryIs>
            <LinearRing>
              <coordinates>
                -55.8392918608758,-26.723159297372,0
                -55.8392026001355,-26.7231802997644,0
                -55.8391941005779,-26.7231932239857,0
                -55.8389715001342,-26.7235317004298,0
                -55.8405298998332,-26.7242181003331,0
                -55.8406644998927,-26.7239649998815,0
                -55.8400955000842,-26.7236558001201,0
                -55.8401891004902,-26.7234877998468,0
                -55.8394117004892,-26.7231310998251,0
                -55.8392918608758,-26.723159297372,0
              </coordinates>
            </LinearRing>
          </outerBoundaryIs>
        </Polygon>
      </Placemark>
      <Placemark id="Lote_A.95">
        <ExtendedData>
          <SchemaData schemaUrl="#Lote_A.schema">
            <SimpleData name="Cédula">5153887.00000000000</SimpleData>
            <SimpleData name="Nombres_y_">ELVA MANCUELLO GONZALEZ</SimpleData>
            <SimpleData name="Sexo">Mujer</SimpleData>
            <SimpleData name="Cambio_de_">NO</SimpleData>
            <SimpleData name="Titular_se">NO</SimpleData>
            <SimpleData name="ci_UNIF">5153887.00000000000</SimpleData>
            <SimpleData name="Situación">NO</SimpleData>
            <SimpleData name="Comunidad">Campesina</SimpleData>
            <SimpleData name="Modelo_imp">Modelo 1</SimpleData>
            <SimpleData name="Departamen">CAAZAPA</SimpleData>
            <SimpleData name="Distrito">TAVA?</SimpleData>
            <SimpleData name="Localidad">SAN AGUSTIN</SimpleData>
            <SimpleData name="Teléfono">0986910202</SimpleData>
            <SimpleData name="Vivienda_L">-26.15221950000</SimpleData>
            <SimpleData name="Vivienda_1">-55.59682100000</SimpleData>
            <SimpleData name="Superficie">0.80000000000</SimpleData>
            <SimpleData name="Situaci_1">Par?metro</SimpleData>
            <SimpleData name="Plantado">SI</SimpleData>
            <SimpleData name="Plantado_f">2025/10/24</SimpleData>
            <SimpleData name="Jornales">0.00000000000</SimpleData>
            <SimpleData name="Monto">0.00000000000</SimpleData>
            <SimpleData name="Grupo_de_p">A-P3</SimpleData>
            <SimpleData name="Estado_del">Activo</SimpleData>
            <SimpleData name="Empresa">Red Forestal Paraguay SA</SimpleData>
            <SimpleData name="Lote">A</SimpleData>
            <SimpleData name="Parametro">0.80000000000</SimpleData>
            <SimpleData name="Sup_Sig">0.81182705350</SimpleData>
            <SimpleData name="Situacion">Cumple</SimpleData>
            <SimpleData name="X">-55.59825002000</SimpleData>
            <SimpleData name="Y">-26.14222257000</SimpleData>
            <SimpleData name="Shape_Leng">448.01970983100</SimpleData>
            <SimpleData name="Shape_Area">8118.27053496000</SimpleData>
          </SchemaData>
        </ExtendedData>
        <Polygon>
          <outerBoundaryIs>
            <LinearRing>
              <coordinates>
                -55.597941699961,-26.1415300003041,0
                -55.5981069001108,-26.1430414998711,0
                -55.598241699578,-26.1430032997103,0
                -55.5985716995419,-26.1430233001175,0
                -55.5983774997871,-26.1413761002434,0
                -55.5980333000275,-26.1414332998543,0
                -55.597941699961,-26.1415300003041,0
              </coordinates>
            </LinearRing>
          </outerBoundaryIs>
        </Polygon>
      </Placemark>
      <Placemark id="Lote_A.96">
        <ExtendedData>
          <SchemaData schemaUrl="#Lote_A.schema">
            <SimpleData name="Cédula">8141631.00000000000</SimpleData>
            <SimpleData name="Nombres_y_">LILIANA BENITEZ CABRERA</SimpleData>
            <SimpleData name="Sexo">Mujer</SimpleData>
            <SimpleData name="Cambio_de_">NO</SimpleData>
            <SimpleData name="Titular_se">NO</SimpleData>
            <SimpleData name="ci_UNIF">8141631.00000000000</SimpleData>
            <SimpleData name="Situación">NO</SimpleData>
            <SimpleData name="Comunidad">Ind?gena</SimpleData>
            <SimpleData name="Modelo_imp">Modelo 1</SimpleData>
            <SimpleData name="Departamen">ITAPUA</SimpleData>
            <SimpleData name="Distrito">ALTO VERA</SimpleData>
            <SimpleData name="Localidad">COM INDIG KOEJU</SimpleData>
            <SimpleData name="Teléfono">0986604402</SimpleData>
            <SimpleData name="Vivienda_L">-26.56099740000</SimpleData>
            <SimpleData name="Vivienda_1">-55.71769950000</SimpleData>
            <SimpleData name="Superficie">0.80000000000</SimpleData>
            <SimpleData name="Situaci_1">Par?metro</SimpleData>
            <SimpleData name="Plantado">SI</SimpleData>
            <SimpleData name="Plantado_f">2026/01/15</SimpleData>
            <SimpleData name="Jornales">0.00000000000</SimpleData>
            <SimpleData name="Monto">0.00000000000</SimpleData>
            <SimpleData name="Grupo_de_p">A-P3</SimpleData>
            <SimpleData name="Estado_del">Activo</SimpleData>
            <SimpleData name="Empresa">Red Forestal Paraguay SA</SimpleData>
            <SimpleData name="Lote">A</SimpleData>
            <SimpleData name="Parametro">0.80000000000</SimpleData>
            <SimpleData name="Sup_Sig">0.84922054961</SimpleData>
            <SimpleData name="Situacion">Cumple</SimpleData>
            <SimpleData name="X">-55.83893037000</SimpleData>
            <SimpleData name="Y">-26.72274447000</SimpleData>
            <SimpleData name="Shape_Leng">426.42765000600</SimpleData>
            <SimpleData name="Shape_Area">8492.20549606000</SimpleData>
          </SchemaData>
        </ExtendedData>
        <Polygon>
          <outerBoundaryIs>
            <LinearRing>
              <coordinates>
                -55.8391941005779,-26.7231932239857,0
                -55.8392026001355,-26.7231802997644,0
                -55.8392918608758,-26.723159297372,0
                -55.8394695003728,-26.7229087999135,0
                -55.8393027997235,-26.7227805002403,0
                -55.8394050001352,-26.7226012995785,0
                -55.8395047003855,-26.7223617001914,0
                -55.8390066996387,-26.72219170037,0
                -55.8385275000654,-26.7227322000076,0
                -55.8383315001009,-26.7226267001941,0
                -55.8381431004511,-26.722926900192,0
                -55.8388314995206,-26.7231686999542,0
                -55.838923499793,-26.7230640998757,0
                -55.8391423004546,-26.7231976002349,0
                -55.8391941005779,-26.7231932239857,0
              </coordinates>
            </LinearRing>
          </outerBoundaryIs>
        </Polygon>
      </Placemark>
      <Placemark id="Lote_A.97">
        <ExtendedData>
          <SchemaData schemaUrl="#Lote_A.schema">
            <SimpleData name="Cédula">5129578.00000000000</SimpleData>
            <SimpleData name="Nombres_y_">FRANCISCO JAVIER ORUE ACOSTA</SimpleData>
            <SimpleData name="Sexo">Hombre</SimpleData>
            <SimpleData name="Cambio_de_">NO</SimpleData>
            <SimpleData name="Titular_se">NO</SimpleData>
            <SimpleData name="ci_UNIF">5129578.00000000000</SimpleData>
            <SimpleData name="Situación">NO</SimpleData>
            <SimpleData name="Comunidad">Campesina</SimpleData>
            <SimpleData name="Modelo_imp">Modelo 5</SimpleData>
            <SimpleData name="Departamen">ITAPUA</SimpleData>
            <SimpleData name="Distrito">ALTO VERA</SimpleData>
            <SimpleData name="Localidad">SAN ROQUE GONZALEZ</SimpleData>
            <SimpleData name="Teléfono">0982530636</SimpleData>
            <SimpleData name="Vivienda_L">-26.69229400000</SimpleData>
            <SimpleData name="Vivienda_1">-55.84920350000</SimpleData>
            <SimpleData name="Superficie">0.70000000000</SimpleData>
            <SimpleData name="Situaci_1">Par?metro</SimpleData>
            <SimpleData name="Plantado">SI</SimpleData>
            <SimpleData name="Plantado_f">2026/01/15</SimpleData>
            <SimpleData name="Jornales">0.00000000000</SimpleData>
            <SimpleData name="Monto">0.00000000000</SimpleData>
            <SimpleData name="Grupo_de_p">A-P3</SimpleData>
            <SimpleData name="Estado_del">Activo</SimpleData>
            <SimpleData name="Empresa">Red Forestal Paraguay SA</SimpleData>
            <SimpleData name="Lote">A</SimpleData>
            <SimpleData name="Parametro">0.70000000000</SimpleData>
            <SimpleData name="Sup_Sig">0.72223076180</SimpleData>
            <SimpleData name="Situacion">Cumple</SimpleData>
            <SimpleData name="X">-55.83693910000</SimpleData>
            <SimpleData name="Y">-26.69010755000</SimpleData>
            <SimpleData name="Shape_Leng">358.90393573200</SimpleData>
            <SimpleData name="Shape_Area">7222.30761799000</SimpleData>
          </SchemaData>
        </ExtendedData>
        <Polygon>
          <outerBoundaryIs>
            <LinearRing>
              <coordinates>
                -55.8370889002234,-26.6905486001057,0
                -55.8373264998679,-26.6905894000602,0
                -55.837532800333,-26.6902034999912,0
                -55.8372424000188,-26.6898399999899,0
                -55.8362217000851,-26.6896683001459,0
                -55.8365584998941,-26.6902399001651,0
                -55.8370889002234,-26.6905486001057,0
              </coordinates>
            </LinearRing>
          </outerBoundaryIs>
        </Polygon>
      </Placemark>
      <Placemark id="Lote_A.98">
        <ExtendedData>
          <SchemaData schemaUrl="#Lote_A.schema">
            <SimpleData name="Cédula">1813436.00000000000</SimpleData>
            <SimpleData name="Nombres_y_">CELSO MOREL BENITEZ</SimpleData>
            <SimpleData name="Sexo">Hombre</SimpleData>
            <SimpleData name="Cambio_de_">NO</SimpleData>
            <SimpleData name="Titular_se">NO</SimpleData>
            <SimpleData name="ci_UNIF">1813436.00000000000</SimpleData>
            <SimpleData name="Situación">NO</SimpleData>
            <SimpleData name="Comunidad">Campesina</SimpleData>
            <SimpleData name="Modelo_imp">Modelo 1</SimpleData>
            <SimpleData name="Departamen">CAAZAPA</SimpleData>
            <SimpleData name="Distrito">TAVA?</SimpleData>
            <SimpleData name="Localidad">ENRAMADITA</SimpleData>
            <SimpleData name="Teléfono">0984796428</SimpleData>
            <SimpleData name="Vivienda_L">-26.17348190000</SimpleData>
            <SimpleData name="Vivienda_1">-55.69294120000</SimpleData>
            <SimpleData name="Superficie">0.80000000000</SimpleData>
            <SimpleData name="Situaci_1">Pol?gono</SimpleData>
            <SimpleData name="Plantado">SI</SimpleData>
            <SimpleData name="Plantado_f">2025/10/31</SimpleData>
            <SimpleData name="Jornales">0.00000000000</SimpleData>
            <SimpleData name="Monto">0.00000000000</SimpleData>
            <SimpleData name="Grupo_de_p">A-P3</SimpleData>
            <SimpleData name="Estado_del">Activo</SimpleData>
            <SimpleData name="Empresa">Red Forestal Paraguay SA</SimpleData>
            <SimpleData name="Lote">A</SimpleData>
            <SimpleData name="Parametro">0.80000000000</SimpleData>
            <SimpleData name="Sup_Sig">0.87857322202</SimpleData>
            <SimpleData name="Situacion">Cumple</SimpleData>
            <SimpleData name="X">-55.69756274000</SimpleData>
            <SimpleData name="Y">-26.16406405000</SimpleData>
            <SimpleData name="Shape_Leng">376.24103387600</SimpleData>
            <SimpleData name="Shape_Area">8785.73222017000</SimpleData>
          </SchemaData>
        </ExtendedData>
        <Polygon>
          <outerBoundaryIs>
            <LinearRing>
              <coordinates>
                -55.6970967000233,-26.1644317002677,0
                -55.6980271004008,-26.1645255000981,0
                -55.698061100234,-26.1636918004012,0
                -55.6970516999246,-26.1636282997605,0
                -55.6970967000233,-26.1644317002677,0
              </coordinates>
            </LinearRing>
          </outerBoundaryIs>
        </Polygon>
      </Placemark>
      <Placemark id="Lote_A.99">
        <ExtendedData>
          <SchemaData schemaUrl="#Lote_A.schema">
            <SimpleData name="Cédula">7094797.00000000000</SimpleData>
            <SimpleData name="Nombres_y_">GRICELDA  CUEVAS RAMOS</SimpleData>
            <SimpleData name="Sexo">Mujer</SimpleData>
            <SimpleData name="Cambio_de_">NO</SimpleData>
            <SimpleData name="Titular_se">NO</SimpleData>
            <SimpleData name="ci_UNIF">7094797.00000000000</SimpleData>
            <SimpleData name="Situación">NO</SimpleData>
            <SimpleData name="Comunidad">Campesina</SimpleData>
            <SimpleData name="Modelo_imp">Modelo 1</SimpleData>
            <SimpleData name="Departamen">CAAZAPA</SimpleData>
            <SimpleData name="Distrito">TAVA?</SimpleData>
            <SimpleData name="Localidad">ASENT. 7 DE DICIEMBRE</SimpleData>
            <SimpleData name="Teléfono">986149058</SimpleData>
            <SimpleData name="Vivienda_L">-26.23644670000</SimpleData>
            <SimpleData name="Vivienda_1">-55.59395330000</SimpleData>
            <SimpleData name="Superficie">0.80000000000</SimpleData>
            <SimpleData name="Situaci_1">Parametro</SimpleData>
            <SimpleData name="Plantado">SI</SimpleData>
            <SimpleData name="Plantado_f">2025/10/23</SimpleData>
            <SimpleData name="Jornales">0.00000000000</SimpleData>
            <SimpleData name="Monto">0.00000000000</SimpleData>
            <SimpleData name="Grupo_de_p">A-P3</SimpleData>
            <SimpleData name="Estado_del">Activo</SimpleData>
            <SimpleData name="Empresa">Red Forestal Paraguay SA</SimpleData>
            <SimpleData name="Lote">A</SimpleData>
            <SimpleData name="Parametro">0.80000000000</SimpleData>
            <SimpleData name="Sup_Sig">1.12122225410</SimpleData>
            <SimpleData name="Situacion">Cumple</SimpleData>
            <SimpleData name="X">-55.58987042000</SimpleData>
            <SimpleData name="Y">-26.23611739000</SimpleData>
            <SimpleData name="Shape_Leng">424.39720986500</SimpleData>
            <SimpleData name="Shape_Area">11212.22254100000</SimpleData>
          </SchemaData>
        </ExtendedData>
        <Polygon>
          <outerBoundaryIs>
            <LinearRing>
              <coordinates>
                -55.5894021996052,-26.2356233004462,0
                -55.5893166004188,-26.2366098002761,0
                -55.5903949999662,-26.2365999999401,0
                -55.5903629998093,-26.2355981997251,0
                -55.5894021996052,-26.2356233004462,0
              </coordinates>
            </LinearRing>
          </outerBoundaryIs>
        </Polygon>
      </Placemark>
      <Placemark id="Lote_A.100">
        <ExtendedData>
          <SchemaData schemaUrl="#Lote_A.schema">
            <SimpleData name="Cédula">6021948.00000000000</SimpleData>
            <SimpleData name="Nombres_y_">GRACIELA MOREL LAGOS</SimpleData>
            <SimpleData name="Sexo">Mujer</SimpleData>
            <SimpleData name="Cambio_de_">NO</SimpleData>
            <SimpleData name="Titular_se">NO</SimpleData>
            <SimpleData name="ci_UNIF">6021948.00000000000</SimpleData>
            <SimpleData name="Situación">NO</SimpleData>
            <SimpleData name="Comunidad">Campesina</SimpleData>
            <SimpleData name="Modelo_imp">Modelo 5</SimpleData>
            <SimpleData name="Departamen">ITAPUA</SimpleData>
            <SimpleData name="Distrito">ALTO VERA</SimpleData>
            <SimpleData name="Localidad">SAN ROQUE GONZALEZ</SimpleData>
            <SimpleData name="Teléfono">0986635169</SimpleData>
            <SimpleData name="Vivienda_L">-26.69329480000</SimpleData>
            <SimpleData name="Vivienda_1">-55.86584800000</SimpleData>
            <SimpleData name="Superficie">0.70000000000</SimpleData>
            <SimpleData name="Situaci_1">Par?metro</SimpleData>
            <SimpleData name="Plantado">SI</SimpleData>
            <SimpleData name="Plantado_f">2026/01/09</SimpleData>
            <SimpleData name="Jornales">0.00000000000</SimpleData>
            <SimpleData name="Monto">0.00000000000</SimpleData>
            <SimpleData name="Grupo_de_p">A-P3</SimpleData>
            <SimpleData name="Estado_del">Activo</SimpleData>
            <SimpleData name="Empresa">Red Forestal Paraguay SA</SimpleData>
            <SimpleData name="Lote">A</SimpleData>
            <SimpleData name="Parametro">0.70000000000</SimpleData>
            <SimpleData name="Sup_Sig">0.70071504061</SimpleData>
            <SimpleData name="Situacion">Cumple</SimpleData>
            <SimpleData name="X">-55.86698427000</SimpleData>
            <SimpleData name="Y">-26.69109508000</SimpleData>
            <SimpleData name="Shape_Leng">554.60299357200</SimpleData>
            <SimpleData name="Shape_Area">7007.15040612000</SimpleData>
          </SchemaData>
        </ExtendedData>
        <MultiGeometry>
          <Polygon>
            <outerBoundaryIs>
              <LinearRing>
                <coordinates>
                  -55.8673749998087,-26.6913182996248,0
                  -55.8676073002988,-26.6909277002313,0
                  -55.8675143000428,-26.6909146001626,0
                  -55.8665783996152,-26.6908703002457,0
                  -55.8663760494792,-26.6912770649787,0
                  -55.8673749998087,-26.6913182996248,0
                </coordinates>
              </LinearRing>
            </outerBoundaryIs>
          </Polygon>
          <Polygon>
            <outerBoundaryIs>
              <LinearRing>
                <coordinates>
                  -55.867775899872,-26.6905736999682,0
                  -55.8679271004299,-26.6903536002583,0
                  -55.8669227997296,-26.6903049999241,0
                  -55.8667797001647,-26.6905003002573,0
                  -55.867775899872,-26.6905736999682,0
                </coordinates>
              </LinearRing>
            </outerBoundaryIs>
          </Polygon>
        </MultiGeometry>
      </Placemark>
      <Placemark id="Lote_A.101">
        <ExtendedData>
          <SchemaData schemaUrl="#Lote_A.schema">
            <SimpleData name="Cédula">7112602.00000000000</SimpleData>
            <SimpleData name="Nombres_y_">ELIZA KANIUKA VERA</SimpleData>
            <SimpleData name="Sexo">Mujer</SimpleData>
            <SimpleData name="Cambio_de_">NO</SimpleData>
            <SimpleData name="Titular_se">NO</SimpleData>
            <SimpleData name="ci_UNIF">7112602.00000000000</SimpleData>
            <SimpleData name="Situación">NO</SimpleData>
            <SimpleData name="Comunidad">Ind?gena</SimpleData>
            <SimpleData name="Modelo_imp">Modelo 5</SimpleData>
            <SimpleData name="Departamen">ITAPUA</SimpleData>
            <SimpleData name="Distrito">ALTO VERA</SimpleData>
            <SimpleData name="Localidad">COM INDIG KOEJU</SimpleData>
            <SimpleData name="Teléfono">ND</SimpleData>
            <SimpleData name="Vivienda_L">-26.73099190000</SimpleData>
            <SimpleData name="Vivienda_1">-55.85947380000</SimpleData>
            <SimpleData name="Superficie">0.70000000000</SimpleData>
            <SimpleData name="Situaci_1">Par?metro</SimpleData>
            <SimpleData name="Plantado">SI</SimpleData>
            <SimpleData name="Plantado_f">2026/01/15</SimpleData>
            <SimpleData name="Jornales">0.00000000000</SimpleData>
            <SimpleData name="Monto">0.00000000000</SimpleData>
            <SimpleData name="Grupo_de_p">A-P3</SimpleData>
            <SimpleData name="Estado_del">Activo</SimpleData>
            <SimpleData name="Empresa">Red Forestal Paraguay SA</SimpleData>
            <SimpleData name="Lote">A</SimpleData>
            <SimpleData name="Parametro">0.70000000000</SimpleData>
            <SimpleData name="Sup_Sig">0.70621480163</SimpleData>
            <SimpleData name="Situacion">Cumple</SimpleData>
            <SimpleData name="X">-55.83935678000</SimpleData>
            <SimpleData name="Y">-26.72571758000</SimpleData>
            <SimpleData name="Shape_Leng">342.52720236000</SimpleData>
            <SimpleData name="Shape_Area">7062.14801627000</SimpleData>
          </SchemaData>
        </ExtendedData>
        <Polygon>
          <outerBoundaryIs>
            <LinearRing>
              <coordinates>
                -55.838774999011,-26.7259772998523,0
                -55.839358599588,-26.7261963000861,0
                -55.839397599067,-26.7261046995603,0
                -55.8396674998986,-26.7259448000656,0
                -55.8400101992746,-26.7255286994354,0
                -55.8391838994165,-26.7252412992879,0
                -55.838774999011,-26.7259772998523,0
              </coordinates>
            </LinearRing>
          </outerBoundaryIs>
        </Polygon>
      </Placemark>
      <Placemark id="Lote_A.102">
        <ExtendedData>
          <SchemaData schemaUrl="#Lote_A.schema">
            <SimpleData name="Cédula">6745283.00000000000</SimpleData>
            <SimpleData name="Nombres_y_">ZULMA  VERA DUARTE</SimpleData>
            <SimpleData name="Sexo">Mujer</SimpleData>
            <SimpleData name="Cambio_de_">NO</SimpleData>
            <SimpleData name="Titular_se">NO</SimpleData>
            <SimpleData name="ci_UNIF">6745283.00000000000</SimpleData>
            <SimpleData name="Situación">NO</SimpleData>
            <SimpleData name="Comunidad">Ind?gena</SimpleData>
            <SimpleData name="Modelo_imp">Modelo 5</SimpleData>
            <SimpleData name="Departamen">ITAPUA</SimpleData>
            <SimpleData name="Distrito">ALTO VERA</SimpleData>
            <SimpleData name="Localidad"><![CDATA[COM INDIG KO'EJU]]></SimpleData>
            <SimpleData name="Teléfono">0</SimpleData>
            <SimpleData name="Vivienda_L">-26.72440930000</SimpleData>
            <SimpleData name="Vivienda_1">-55.83741480000</SimpleData>
            <SimpleData name="Superficie">0.70000000000</SimpleData>
            <SimpleData name="Situaci_1">Parametro</SimpleData>
            <SimpleData name="Plantado">SI</SimpleData>
            <SimpleData name="Plantado_f">2026/01/25</SimpleData>
            <SimpleData name="Jornales">0.00000000000</SimpleData>
            <SimpleData name="Monto">0.00000000000</SimpleData>
            <SimpleData name="Grupo_de_p">A-P3</SimpleData>
            <SimpleData name="Estado_del">Activo</SimpleData>
            <SimpleData name="Empresa">Red Forestal Paraguay SA</SimpleData>
            <SimpleData name="Lote">A</SimpleData>
            <SimpleData name="Parametro">0.70000000000</SimpleData>
            <SimpleData name="Sup_Sig">0.70393483897</SimpleData>
            <SimpleData name="Situacion">Cumple</SimpleData>
            <SimpleData name="X">-55.83922527000</SimpleData>
            <SimpleData name="Y">-26.72455350000</SimpleData>
            <SimpleData name="Shape_Leng">388.51709346900</SimpleData>
            <SimpleData name="Shape_Area">7039.34838969000</SimpleData>
          </SchemaData>
        </ExtendedData>
        <Polygon>
          <outerBoundaryIs>
            <LinearRing>
              <coordinates>
                -55.8386632996747,-26.7241317000864,0
                -55.8384218992172,-26.724413399963,0
                -55.8396199996374,-26.7250451000732,0
                -55.8398933990459,-26.7246015993122,0
                -55.8397770996581,-26.7244728998021,0
                -55.8392615993044,-26.7242069000046,0
                -55.8391471991223,-26.724376999903,0
                -55.8386632996747,-26.7241317000864,0
              </coordinates>
            </LinearRing>
          </outerBoundaryIs>
        </Polygon>
      </Placemark>
      <Placemark id="Lote_A.103">
        <ExtendedData>
          <SchemaData schemaUrl="#Lote_A.schema">
            <SimpleData name="Cédula">7197021.00000000000</SimpleData>
            <SimpleData name="Nombres_y_">ILDA ISABEL  MARTINEZ VERA</SimpleData>
            <SimpleData name="Sexo">Mujer</SimpleData>
            <SimpleData name="Cambio_de_">NO</SimpleData>
            <SimpleData name="Titular_se">NO</SimpleData>
            <SimpleData name="ci_UNIF">7197021.00000000000</SimpleData>
            <SimpleData name="Situación">NO</SimpleData>
            <SimpleData name="Comunidad">Ind?gena</SimpleData>
            <SimpleData name="Modelo_imp">Modelo 5</SimpleData>
            <SimpleData name="Departamen">ITAPUA</SimpleData>
            <SimpleData name="Distrito">ALTO VERA</SimpleData>
            <SimpleData name="Localidad"><![CDATA[COM INDIG KO'EJU]]></SimpleData>
            <SimpleData name="Teléfono">986366332</SimpleData>
            <SimpleData name="Vivienda_L">-26.72394940000</SimpleData>
            <SimpleData name="Vivienda_1">-55.83765550000</SimpleData>
            <SimpleData name="Superficie">0.70000000000</SimpleData>
            <SimpleData name="Situaci_1">Parametro</SimpleData>
            <SimpleData name="Plantado">SI</SimpleData>
            <SimpleData name="Plantado_f">2026/01/15</SimpleData>
            <SimpleData name="Jornales">0.00000000000</SimpleData>
            <SimpleData name="Monto">0.00000000000</SimpleData>
            <SimpleData name="Grupo_de_p">A-P3</SimpleData>
            <SimpleData name="Estado_del">Activo</SimpleData>
            <SimpleData name="Empresa">Red Forestal Paraguay SA</SimpleData>
            <SimpleData name="Lote">A</SimpleData>
            <SimpleData name="Parametro">0.70000000000</SimpleData>
            <SimpleData name="Sup_Sig">0.72830534329</SimpleData>
            <SimpleData name="Situacion">Cumple</SimpleData>
            <SimpleData name="X">-55.84922888000</SimpleData>
            <SimpleData name="Y">-26.72515306000</SimpleData>
            <SimpleData name="Shape_Leng">401.62602284900</SimpleData>
            <SimpleData name="Shape_Area">7283.05343294000</SimpleData>
          </SchemaData>
        </ExtendedData>
        <Polygon>
          <outerBoundaryIs>
            <LinearRing>
              <coordinates>
                -55.8485582995068,-26.7250766995833,0
                -55.8494276999441,-26.7255767998708,0
                -55.8501391997069,-26.7254535995481,0
                -55.8487527996229,-26.7245796995616,0
                -55.8485582995068,-26.7250766995833,0
              </coordinates>
            </LinearRing>
          </outerBoundaryIs>
        </Polygon>
      </Placemark>
      <Placemark id="Lote_A.104">
        <ExtendedData>
          <SchemaData schemaUrl="#Lote_A.schema">
            <SimpleData name="Cédula">2421355.00000000000</SimpleData>
            <SimpleData name="Nombres_y_">ROSALBA CUBA</SimpleData>
            <SimpleData name="Sexo">Mujer</SimpleData>
            <SimpleData name="Cambio_de_">NO</SimpleData>
            <SimpleData name="Titular_se">NO</SimpleData>
            <SimpleData name="ci_UNIF">2421355.00000000000</SimpleData>
            <SimpleData name="Situación">NO</SimpleData>
            <SimpleData name="Comunidad">Campesina</SimpleData>
            <SimpleData name="Modelo_imp">Modelo 1</SimpleData>
            <SimpleData name="Departamen">CAAZAPA</SimpleData>
            <SimpleData name="Distrito">TAVA?</SimpleData>
            <SimpleData name="Localidad">ASENT. 7 DE DICIEMBRE</SimpleData>
            <SimpleData name="Teléfono">0984168247</SimpleData>
            <SimpleData name="Vivienda_L">-26.25805290000</SimpleData>
            <SimpleData name="Vivienda_1">-55.59682510000</SimpleData>
            <SimpleData name="Superficie">0.80000000000</SimpleData>
            <SimpleData name="Situaci_1">Par?metro</SimpleData>
            <SimpleData name="Plantado">SI</SimpleData>
            <SimpleData name="Plantado_f">2025/10/23</SimpleData>
            <SimpleData name="Jornales">0.00000000000</SimpleData>
            <SimpleData name="Monto">0.00000000000</SimpleData>
            <SimpleData name="Grupo_de_p">A-P3</SimpleData>
            <SimpleData name="Estado_del">Activo</SimpleData>
            <SimpleData name="Empresa">Red Forestal Paraguay SA</SimpleData>
            <SimpleData name="Lote">A</SimpleData>
            <SimpleData name="Parametro">0.80000000000</SimpleData>
            <SimpleData name="Sup_Sig">0.95258242813</SimpleData>
            <SimpleData name="Situacion">Cumple</SimpleData>
            <SimpleData name="X">-55.59874054000</SimpleData>
            <SimpleData name="Y">-26.26086832000</SimpleData>
            <SimpleData name="Shape_Leng">412.54207437500</SimpleData>
            <SimpleData name="Shape_Area">9525.82428125000</SimpleData>
          </SchemaData>
        </ExtendedData>
        <Polygon>
          <outerBoundaryIs>
            <LinearRing>
              <coordinates>
                -55.5982217997684,-26.2606346000246,0
                -55.5987532997111,-26.2615699996067,0
                -55.5989164996084,-26.2615316997649,0
                -55.5993369994301,-26.2613184000726,0
                -55.598701699811,-26.2601066997275,0
                -55.5982496998485,-26.260381699979,0
                -55.5982217997684,-26.2606346000246,0
              </coordinates>
            </LinearRing>
          </outerBoundaryIs>
        </Polygon>
      </Placemark>
      <Placemark id="Lote_A.105">
        <ExtendedData>
          <SchemaData schemaUrl="#Lote_A.schema">
            <SimpleData name="Cédula">1448656.00000000000</SimpleData>
            <SimpleData name="Nombres_y_">ANASTASIO FERNANDEZ BOGADO</SimpleData>
            <SimpleData name="Sexo">Hombre</SimpleData>
            <SimpleData name="Cambio_de_">NO</SimpleData>
            <SimpleData name="Titular_se">NO</SimpleData>
            <SimpleData name="ci_UNIF">1448656.00000000000</SimpleData>
            <SimpleData name="Situación">NO</SimpleData>
            <SimpleData name="Comunidad">Campesina</SimpleData>
            <SimpleData name="Modelo_imp">Modelo 5</SimpleData>
            <SimpleData name="Departamen">ITAPUA</SimpleData>
            <SimpleData name="Distrito">ALTO VERA</SimpleData>
            <SimpleData name="Localidad">SAN ROQUE GONZALEZ</SimpleData>
            <SimpleData name="Teléfono">0982166484</SimpleData>
            <SimpleData name="Vivienda_L">-26.69484160000</SimpleData>
            <SimpleData name="Vivienda_1">-55.84156030000</SimpleData>
            <SimpleData name="Superficie">0.70000000000</SimpleData>
            <SimpleData name="Situaci_1">Parametro</SimpleData>
            <SimpleData name="Plantado">SI</SimpleData>
            <SimpleData name="Plantado_f">2026/01/21</SimpleData>
            <SimpleData name="Jornales">0.00000000000</SimpleData>
            <SimpleData name="Monto">0.00000000000</SimpleData>
            <SimpleData name="Grupo_de_p">A-P3</SimpleData>
            <SimpleData name="Estado_del">Activo</SimpleData>
            <SimpleData name="Empresa">Red Forestal Paraguay SA</SimpleData>
            <SimpleData name="Lote">A</SimpleData>
            <SimpleData name="Parametro">0.70000000000</SimpleData>
            <SimpleData name="Sup_Sig">0.73092494738</SimpleData>
            <SimpleData name="Situacion">Cumple</SimpleData>
            <SimpleData name="X">-55.84350365000</SimpleData>
            <SimpleData name="Y">-26.69489779000</SimpleData>
            <SimpleData name="Shape_Leng">541.51193099600</SimpleData>
            <SimpleData name="Shape_Area">7309.24947377000</SimpleData>
          </SchemaData>
        </ExtendedData>
        <Polygon>
          <outerBoundaryIs>
            <LinearRing>
              <coordinates>
                -55.842975899491,-26.6940991998318,0
                -55.8431627994111,-26.694761399376,0
                -55.842927799757,-26.695081699274,0
                -55.8431311999297,-26.6953047998909,0
                -55.8436210999402,-26.6949683993518,0
                -55.8441480992118,-26.6955970997295,0
                -55.8443342998409,-26.695447499669,0
                -55.8436457996746,-26.6946143997548,0
                -55.8435412997793,-26.6946606993939,0
                -55.8430456994752,-26.6940567995483,0
                -55.842975899491,-26.6940991998318,0
              </coordinates>
            </LinearRing>
          </outerBoundaryIs>
        </Polygon>
      </Placemark>
      <Placemark id="Lote_A.106">
        <ExtendedData>
          <SchemaData schemaUrl="#Lote_A.schema">
            <SimpleData name="Cédula">4077626.00000000000</SimpleData>
            <SimpleData name="Nombres_y_">MARI ESTELVINA BENITEZ VIGO</SimpleData>
            <SimpleData name="Sexo">Mujer</SimpleData>
            <SimpleData name="Cambio_de_">NO</SimpleData>
            <SimpleData name="Titular_se">NO</SimpleData>
            <SimpleData name="ci_UNIF">4077626.00000000000</SimpleData>
            <SimpleData name="Situación">NO</SimpleData>
            <SimpleData name="Comunidad">Campesina</SimpleData>
            <SimpleData name="Modelo_imp">Modelo 5</SimpleData>
            <SimpleData name="Departamen">ITAPUA</SimpleData>
            <SimpleData name="Distrito">ALTO VERA</SimpleData>
            <SimpleData name="Localidad">SAN ROQUE GONZALEZ</SimpleData>
            <SimpleData name="Teléfono">986124246</SimpleData>
            <SimpleData name="Vivienda_L">-26.69535190000</SimpleData>
            <SimpleData name="Vivienda_1">-55.84088160000</SimpleData>
            <SimpleData name="Superficie">0.70000000000</SimpleData>
            <SimpleData name="Situaci_1">Parametro</SimpleData>
            <SimpleData name="Plantado">SI</SimpleData>
            <SimpleData name="Plantado_f">2026/01/29</SimpleData>
            <SimpleData name="Jornales">0.00000000000</SimpleData>
            <SimpleData name="Monto">0.00000000000</SimpleData>
            <SimpleData name="Grupo_de_p">A-P3</SimpleData>
            <SimpleData name="Estado_del">Activo</SimpleData>
            <SimpleData name="Empresa">Red Forestal Paraguay SA</SimpleData>
            <SimpleData name="Lote">A</SimpleData>
            <SimpleData name="Parametro">0.70000000000</SimpleData>
            <SimpleData name="Sup_Sig">0.73439809970</SimpleData>
            <SimpleData name="Situacion">Cumple</SimpleData>
            <SimpleData name="X">-55.83885725000</SimpleData>
            <SimpleData name="Y">-26.69283578000</SimpleData>
            <SimpleData name="Shape_Leng">520.83998209700</SimpleData>
            <SimpleData name="Shape_Area">7343.98099698000</SimpleData>
          </SchemaData>
        </ExtendedData>
        <MultiGeometry>
          <Polygon>
            <outerBoundaryIs>
              <LinearRing>
                <coordinates>
                  -55.8407384997587,-26.6958586996439,0
                  -55.8410096993813,-26.6956591995817,0
                  -55.8408223992609,-26.6954233997692,0
                  -55.8408957998398,-26.695369799312,0
                  -55.8406899990117,-26.6951153998232,0
                  -55.8402796990202,-26.69537590015,0
                  -55.8407384997587,-26.6958586996439,0
                </coordinates>
              </LinearRing>
            </outerBoundaryIs>
          </Polygon>
          <Polygon>
            <outerBoundaryIs>
              <LinearRing>
                <coordinates>
                  -55.8385198991028,-26.6932729997621,0
                  -55.8393803999478,-26.6927618998374,0
                  -55.839165399847,-26.6924073996052,0
                  -55.8383548999613,-26.6928969001523,0
                  -55.8385198991028,-26.6932729997621,0
                </coordinates>
              </LinearRing>
            </outerBoundaryIs>
          </Polygon>
        </MultiGeometry>
      </Placemark>
      <Placemark id="Lote_A.107">
        <ExtendedData>
          <SchemaData schemaUrl="#Lote_A.schema">
            <SimpleData name="Cédula">6373818.00000000000</SimpleData>
            <SimpleData name="Nombres_y_">DAMIANA ULIAMBRE ORTIZ</SimpleData>
            <SimpleData name="Sexo">Mujer</SimpleData>
            <SimpleData name="Cambio_de_">NO</SimpleData>
            <SimpleData name="Titular_se">NO</SimpleData>
            <SimpleData name="ci_UNIF">6373818.00000000000</SimpleData>
            <SimpleData name="Situación">NO</SimpleData>
            <SimpleData name="Comunidad">Campesina</SimpleData>
            <SimpleData name="Modelo_imp">Modelo 5</SimpleData>
            <SimpleData name="Departamen">ITAPUA</SimpleData>
            <SimpleData name="Distrito">ALTO VERA</SimpleData>
            <SimpleData name="Localidad">TARUMA</SimpleData>
            <SimpleData name="Teléfono">0981943205</SimpleData>
            <SimpleData name="Vivienda_L">-26.73179300000</SimpleData>
            <SimpleData name="Vivienda_1">-55.82797810000</SimpleData>
            <SimpleData name="Superficie">0.70000000000</SimpleData>
            <SimpleData name="Situaci_1">Par?metro</SimpleData>
            <SimpleData name="Plantado">SI</SimpleData>
            <SimpleData name="Plantado_f">2026/01/16</SimpleData>
            <SimpleData name="Jornales">0.00000000000</SimpleData>
            <SimpleData name="Monto">0.00000000000</SimpleData>
            <SimpleData name="Grupo_de_p">A-P3</SimpleData>
            <SimpleData name="Estado_del">Activo</SimpleData>
            <SimpleData name="Empresa">Red Forestal Paraguay SA</SimpleData>
            <SimpleData name="Lote">A</SimpleData>
            <SimpleData name="Parametro">0.70000000000</SimpleData>
            <SimpleData name="Sup_Sig">0.69922904719</SimpleData>
            <SimpleData name="Situacion">Cumple</SimpleData>
            <SimpleData name="X">-55.83201902000</SimpleData>
            <SimpleData name="Y">-26.72940545000</SimpleData>
            <SimpleData name="Shape_Leng">332.06156055800</SimpleData>
            <SimpleData name="Shape_Area">6992.29047188000</SimpleData>
          </SchemaData>
        </ExtendedData>
        <Polygon>
          <outerBoundaryIs>
            <LinearRing>
              <coordinates>
                -55.8317548998958,-26.7296473001431,0
                -55.832240699298,-26.7299216997444,0
                -55.8326055992493,-26.7293234995259,0
                -55.83193119967,-26.728956399802,0
                -55.8317866994512,-26.7289701995986,0
                -55.8313963997131,-26.72940640003,0
                -55.8317548998958,-26.7296473001431,0
              </coordinates>
            </LinearRing>
          </outerBoundaryIs>
        </Polygon>
      </Placemark>
      <Placemark id="Lote_A.108">
        <ExtendedData>
          <SchemaData schemaUrl="#Lote_A.schema">
            <SimpleData name="Cédula">5449941.00000000000</SimpleData>
            <SimpleData name="Nombres_y_">ROMINA  BENITEZ MOLINAS</SimpleData>
            <SimpleData name="Sexo">Mujer</SimpleData>
            <SimpleData name="Cambio_de_">NO</SimpleData>
            <SimpleData name="Titular_se">NO</SimpleData>
            <SimpleData name="ci_UNIF">5449941.00000000000</SimpleData>
            <SimpleData name="Situación">NO</SimpleData>
            <SimpleData name="Comunidad">Campesina</SimpleData>
            <SimpleData name="Modelo_imp">Modelo 5</SimpleData>
            <SimpleData name="Departamen">ITAPUA</SimpleData>
            <SimpleData name="Distrito">ALTO VERA</SimpleData>
            <SimpleData name="Localidad">JOVERE</SimpleData>
            <SimpleData name="Teléfono">985418870</SimpleData>
            <SimpleData name="Vivienda_L">-26.59360670000</SimpleData>
            <SimpleData name="Vivienda_1">-55.73559670000</SimpleData>
            <SimpleData name="Superficie">0.70000000000</SimpleData>
            <SimpleData name="Situaci_1">Parametro</SimpleData>
            <SimpleData name="Plantado">SI</SimpleData>
            <SimpleData name="Plantado_f">2025/12/20</SimpleData>
            <SimpleData name="Jornales">0.00000000000</SimpleData>
            <SimpleData name="Monto">0.00000000000</SimpleData>
            <SimpleData name="Grupo_de_p">A-P3</SimpleData>
            <SimpleData name="Estado_del">Activo</SimpleData>
            <SimpleData name="Empresa">Red Forestal Paraguay SA</SimpleData>
            <SimpleData name="Lote">A</SimpleData>
            <SimpleData name="Parametro">0.70000000000</SimpleData>
            <SimpleData name="Sup_Sig">0.77282309194</SimpleData>
            <SimpleData name="Situacion">Cumple</SimpleData>
            <SimpleData name="X">-55.73380390000</SimpleData>
            <SimpleData name="Y">-26.59665265000</SimpleData>
            <SimpleData name="Shape_Leng">436.10925819400</SimpleData>
            <SimpleData name="Shape_Area">7728.23091939000</SimpleData>
          </SchemaData>
        </ExtendedData>
        <Polygon>
          <outerBoundaryIs>
            <LinearRing>
              <coordinates>
                -55.7332049997149,-26.5972483000879,0
                -55.7335666993967,-26.5974550998538,0
                -55.7344268999945,-26.5960484998246,0
                -55.7339845990398,-26.5958980996383,0
                -55.7332049997149,-26.5972483000879,0
              </coordinates>
            </LinearRing>
          </outerBoundaryIs>
        </Polygon>
      </Placemark>
      <Placemark id="Lote_A.109">
        <ExtendedData>
          <SchemaData schemaUrl="#Lote_A.schema">
            <SimpleData name="Cédula">5027967.00000000000</SimpleData>
            <SimpleData name="Nombres_y_">WALTER  SANCHEZ BENITEZ</SimpleData>
            <SimpleData name="Sexo">Hombre</SimpleData>
            <SimpleData name="Cambio_de_">NO</SimpleData>
            <SimpleData name="Titular_se">NO</SimpleData>
            <SimpleData name="ci_UNIF">5027967.00000000000</SimpleData>
            <SimpleData name="Situación">NO</SimpleData>
            <SimpleData name="Comunidad">Campesina</SimpleData>
            <SimpleData name="Modelo_imp">Modelo 1</SimpleData>
            <SimpleData name="Departamen">CAAZAPA</SimpleData>
            <SimpleData name="Distrito">TAVA?</SimpleData>
            <SimpleData name="Localidad">ASENT. 7 DE DICIEMBRE</SimpleData>
            <SimpleData name="Teléfono">984985893</SimpleData>
            <SimpleData name="Vivienda_L">-26.24217000000</SimpleData>
            <SimpleData name="Vivienda_1">-55.60439670000</SimpleData>
            <SimpleData name="Superficie">0.80000000000</SimpleData>
            <SimpleData name="Situaci_1">Parametro</SimpleData>
            <SimpleData name="Plantado">SI</SimpleData>
            <SimpleData name="Plantado_f">2025/10/23</SimpleData>
            <SimpleData name="Jornales">0.00000000000</SimpleData>
            <SimpleData name="Monto">0.00000000000</SimpleData>
            <SimpleData name="Grupo_de_p">A-P3</SimpleData>
            <SimpleData name="Estado_del">Activo</SimpleData>
            <SimpleData name="Empresa">Red Forestal Paraguay SA</SimpleData>
            <SimpleData name="Lote">A</SimpleData>
            <SimpleData name="Parametro">0.80000000000</SimpleData>
            <SimpleData name="Sup_Sig">0.81792484229</SimpleData>
            <SimpleData name="Situacion">Cumple</SimpleData>
            <SimpleData name="X">-55.60296356000</SimpleData>
            <SimpleData name="Y">-26.24208706000</SimpleData>
            <SimpleData name="Shape_Leng">600.77486781900</SimpleData>
            <SimpleData name="Shape_Area">8179.24842290000</SimpleData>
          </SchemaData>
        </ExtendedData>
        <MultiGeometry>
          <Polygon>
            <outerBoundaryIs>
              <LinearRing>
                <coordinates>
                  -55.6023649995002,-26.2423432995603,0
                  -55.6036049995105,-26.242326999303,0
                  -55.603559999814,-26.2419366996036,0
                  -55.6032148991076,-26.241856399823,0
                  -55.6032165993175,-26.2418448994456,0
                  -55.6021045990873,-26.2418714997484,0
                  -55.6021832990929,-26.2422832999173,0
                  -55.6023332991388,-26.2422916999872,0
                  -55.6023649995002,-26.2423432995603,0
                </coordinates>
              </LinearRing>
            </outerBoundaryIs>
          </Polygon>
          <Polygon>
            <outerBoundaryIs>
              <LinearRing>
                <coordinates>
                  -55.6037398994095,-26.2423016997967,0
                  -55.6037599993322,-26.2423167993304,0
                  -55.6037949991931,-26.2420617000964,0
                  -55.6040113992063,-26.2421434996701,0
                  -55.6040817999768,-26.2420664001437,0
                  -55.6040964992388,-26.2419785000422,0
                  -55.6037749996401,-26.2419282997644,0
                  -55.6037665994215,-26.2416500996985,0
                  -55.6037151000053,-26.2416391999255,0
                  -55.6037398994095,-26.2423016997967,0
                </coordinates>
              </LinearRing>
            </outerBoundaryIs>
          </Polygon>
        </MultiGeometry>
      </Placemark>
      <Placemark id="Lote_A.110">
        <ExtendedData>
          <SchemaData schemaUrl="#Lote_A.schema">
            <SimpleData name="Cédula">7011500.00000000000</SimpleData>
            <SimpleData name="Nombres_y_">SONIA ELIZABETH  FLORES ROTELA</SimpleData>
            <SimpleData name="Sexo">Mujer</SimpleData>
            <SimpleData name="Cambio_de_">NO</SimpleData>
            <SimpleData name="Titular_se">NO</SimpleData>
            <SimpleData name="ci_UNIF">7011500.00000000000</SimpleData>
            <SimpleData name="Situación">NO</SimpleData>
            <SimpleData name="Comunidad">Campesina</SimpleData>
            <SimpleData name="Modelo_imp">Modelo 1</SimpleData>
            <SimpleData name="Departamen">CAAZAPA</SimpleData>
            <SimpleData name="Distrito">TAVA?</SimpleData>
            <SimpleData name="Localidad">SAN FRANCISCO</SimpleData>
            <SimpleData name="Teléfono">976433429</SimpleData>
            <SimpleData name="Vivienda_L">-26.16117830000</SimpleData>
            <SimpleData name="Vivienda_1">-55.56416000000</SimpleData>
            <SimpleData name="Superficie">0.80000000000</SimpleData>
            <SimpleData name="Situaci_1">Pol?gono</SimpleData>
            <SimpleData name="Plantado">SI</SimpleData>
            <SimpleData name="Plantado_f">2025/10/27</SimpleData>
            <SimpleData name="Jornales">0.00000000000</SimpleData>
            <SimpleData name="Monto">0.00000000000</SimpleData>
            <SimpleData name="Grupo_de_p">A-GN</SimpleData>
            <SimpleData name="Estado_del">Activo</SimpleData>
            <SimpleData name="Empresa">Red Forestal Paraguay SA</SimpleData>
            <SimpleData name="Lote">A</SimpleData>
            <SimpleData name="Parametro">0.80000000000</SimpleData>
            <SimpleData name="Sup_Sig">0.86186007640</SimpleData>
            <SimpleData name="Situacion">Cumple</SimpleData>
            <SimpleData name="X">-55.56287221000</SimpleData>
            <SimpleData name="Y">-26.15673759000</SimpleData>
            <SimpleData name="Shape_Leng">413.59428082900</SimpleData>
            <SimpleData name="Shape_Area">8618.60076400000</SimpleData>
          </SchemaData>
        </ExtendedData>
        <Polygon>
          <outerBoundaryIs>
            <LinearRing>
              <coordinates>
                -55.5624316993886,-26.1561399994184,0
                -55.5627566996744,-26.1574750003563,0
                -55.5633105003554,-26.1573098995936,0
                -55.5629967001878,-26.1560232999917,0
                -55.5624316993886,-26.1561399994184,0
              </coordinates>
            </LinearRing>
          </outerBoundaryIs>
        </Polygon>
      </Placemark>
      <Placemark id="Lote_A.111">
        <ExtendedData>
          <SchemaData schemaUrl="#Lote_A.schema">
            <SimpleData name="Cédula">1451905.00000000000</SimpleData>
            <SimpleData name="Nombres_y_">LORENZO ALCIDES MAIDANA VERA</SimpleData>
            <SimpleData name="Sexo">Hombre</SimpleData>
            <SimpleData name="Cambio_de_">NO</SimpleData>
            <SimpleData name="Titular_se">NO</SimpleData>
            <SimpleData name="ci_UNIF">1451905.00000000000</SimpleData>
            <SimpleData name="Situación">NO</SimpleData>
            <SimpleData name="Comunidad">Campesina</SimpleData>
            <SimpleData name="Modelo_imp">Modelo 5</SimpleData>
            <SimpleData name="Departamen">CAAZAPA</SimpleData>
            <SimpleData name="Distrito">TAVA?</SimpleData>
            <SimpleData name="Localidad">TORO BLANCO</SimpleData>
            <SimpleData name="Teléfono">0985782050</SimpleData>
            <SimpleData name="Vivienda_L">-26.23524290000</SimpleData>
            <SimpleData name="Vivienda_1">-55.67822130000</SimpleData>
            <SimpleData name="Superficie">0.70000000000</SimpleData>
            <SimpleData name="Situaci_1">Par?metro</SimpleData>
            <SimpleData name="Plantado">SI</SimpleData>
            <SimpleData name="Plantado_f">2025/10/12</SimpleData>
            <SimpleData name="Jornales">0.00000000000</SimpleData>
            <SimpleData name="Monto">0.00000000000</SimpleData>
            <SimpleData name="Grupo_de_p">A-GN</SimpleData>
            <SimpleData name="Estado_del">Activo</SimpleData>
            <SimpleData name="Empresa">Red Forestal Paraguay SA</SimpleData>
            <SimpleData name="Lote">A</SimpleData>
            <SimpleData name="Parametro">0.70000000000</SimpleData>
            <SimpleData name="Sup_Sig">0.70009498008</SimpleData>
            <SimpleData name="Situacion">Cumple</SimpleData>
            <SimpleData name="X">-55.68380211000</SimpleData>
            <SimpleData name="Y">-26.22932872000</SimpleData>
            <SimpleData name="Shape_Leng">446.67033550300</SimpleData>
            <SimpleData name="Shape_Area">7000.94980077000</SimpleData>
          </SchemaData>
        </ExtendedData>
        <Polygon>
          <outerBoundaryIs>
            <LinearRing>
              <coordinates>
                -55.6836416997537,-26.2292568002898,0
                -55.6836099997902,-26.2294599999454,0
                -55.6831032998977,-26.2294282996365,0
                -55.6830602003174,-26.2296714000381,0
                -55.6841250004532,-26.2296731998077,0
                -55.6844182994318,-26.2289150001736,0
                -55.6834214997705,-26.2290210995671,0
                -55.6833666996331,-26.2292183005234,0
                -55.6836416997537,-26.2292568002898,0
              </coordinates>
            </LinearRing>
          </outerBoundaryIs>
        </Polygon>
      </Placemark>
      <Placemark id="Lote_A.112">
        <ExtendedData>
          <SchemaData schemaUrl="#Lote_A.schema">
            <SimpleData name="Cédula">6297590.00000000000</SimpleData>
            <SimpleData name="Nombres_y_">ARACELIA  SANABRIA RUIZ DIAZ</SimpleData>
            <SimpleData name="Sexo">Mujer</SimpleData>
            <SimpleData name="Cambio_de_">NO</SimpleData>
            <SimpleData name="Titular_se">NO</SimpleData>
            <SimpleData name="ci_UNIF">6297590.00000000000</SimpleData>
            <SimpleData name="Situación">NO</SimpleData>
            <SimpleData name="Comunidad">Campesina</SimpleData>
            <SimpleData name="Modelo_imp">Modelo 5</SimpleData>
            <SimpleData name="Departamen">CAAZAPA</SimpleData>
            <SimpleData name="Distrito">TAVA?</SimpleData>
            <SimpleData name="Localidad">?U KA?Y</SimpleData>
            <SimpleData name="Teléfono">982151158</SimpleData>
            <SimpleData name="Vivienda_L">-26.23999140000</SimpleData>
            <SimpleData name="Vivienda_1">-55.58165500000</SimpleData>
            <SimpleData name="Superficie">0.70000000000</SimpleData>
            <SimpleData name="Situaci_1">Parametro</SimpleData>
            <SimpleData name="Plantado">SI</SimpleData>
            <SimpleData name="Plantado_f">2025/10/21</SimpleData>
            <SimpleData name="Jornales">0.00000000000</SimpleData>
            <SimpleData name="Monto">0.00000000000</SimpleData>
            <SimpleData name="Grupo_de_p">A-GN</SimpleData>
            <SimpleData name="Estado_del">Activo</SimpleData>
            <SimpleData name="Empresa">Red Forestal Paraguay SA</SimpleData>
            <SimpleData name="Lote">A</SimpleData>
            <SimpleData name="Parametro">0.70000000000</SimpleData>
            <SimpleData name="Sup_Sig">0.79137325476</SimpleData>
            <SimpleData name="Situacion">Cumple</SimpleData>
            <SimpleData name="X">-55.58398029000</SimpleData>
            <SimpleData name="Y">-26.24168078000</SimpleData>
            <SimpleData name="Shape_Leng">407.92392591200</SimpleData>
            <SimpleData name="Shape_Area">7913.73254755000</SimpleData>
          </SchemaData>
        </ExtendedData>
        <Polygon>
          <outerBoundaryIs>
            <LinearRing>
              <coordinates>
                -55.5838083000988,-26.2420750004732,0
                -55.5841270001811,-26.2423785991485,0
                -55.5845751000609,-26.2419935002093,0
                -55.5837366996073,-26.240931699844,0
                -55.5833999999568,-26.2413232997468,0
                -55.5838799996171,-26.2419032993851,0
                -55.5838083000988,-26.2420750004732,0
              </coordinates>
            </LinearRing>
          </outerBoundaryIs>
        </Polygon>
      </Placemark>
      <Placemark id="Lote_A.113">
        <ExtendedData>
          <SchemaData schemaUrl="#Lote_A.schema">
            <SimpleData name="Cédula">6580474.00000000000</SimpleData>
            <SimpleData name="Nombres_y_">YONI CESAR FERNANDEZ DIAZ</SimpleData>
            <SimpleData name="Sexo">Hombre</SimpleData>
            <SimpleData name="Cambio_de_">NO</SimpleData>
            <SimpleData name="Titular_se">NO</SimpleData>
            <SimpleData name="ci_UNIF">6580474.00000000000</SimpleData>
            <SimpleData name="Situación">NO</SimpleData>
            <SimpleData name="Comunidad">Ind?gena</SimpleData>
            <SimpleData name="Modelo_imp">Modelo 4</SimpleData>
            <SimpleData name="Departamen">CAAZAPA</SimpleData>
            <SimpleData name="Distrito">TAVA?</SimpleData>
            <SimpleData name="Localidad">COM INDIG KOKUERE GUASU</SimpleData>
            <SimpleData name="Teléfono">0984023221</SimpleData>
            <SimpleData name="Vivienda_L">-26.06178420000</SimpleData>
            <SimpleData name="Vivienda_1">-55.51293920000</SimpleData>
            <SimpleData name="Superficie">0.70000000000</SimpleData>
            <SimpleData name="Situaci_1">Par?metro</SimpleData>
            <SimpleData name="Plantado">SI</SimpleData>
            <SimpleData name="Plantado_f">1899/12/30</SimpleData>
            <SimpleData name="Jornales">0.00000000000</SimpleData>
            <SimpleData name="Monto">0.00000000000</SimpleData>
            <SimpleData name="Grupo_de_p">A-GN</SimpleData>
            <SimpleData name="Estado_del">Activo</SimpleData>
            <SimpleData name="Empresa">Red Forestal Paraguay SA</SimpleData>
            <SimpleData name="Lote">A</SimpleData>
            <SimpleData name="Parametro">0.70000000000</SimpleData>
            <SimpleData name="Sup_Sig">1.05418834380</SimpleData>
            <SimpleData name="Situacion">Cumple</SimpleData>
            <SimpleData name="X">-55.51269577000</SimpleData>
            <SimpleData name="Y">-26.06290543000</SimpleData>
            <SimpleData name="Shape_Leng">432.81864754700</SimpleData>
            <SimpleData name="Shape_Area">10541.88343800000</SimpleData>
          </SchemaData>
        </ExtendedData>
        <Polygon>
          <outerBoundaryIs>
            <LinearRing>
              <coordinates>
                -55.5120366999119,-26.0625749996369,0
                -55.5127332999775,-26.0637183000181,0
                -55.5131950003113,-26.0632632995643,0
                -55.5129533004055,-26.0622066993497,0
                -55.5120366999119,-26.0625749996369,0
              </coordinates>
            </LinearRing>
          </outerBoundaryIs>
        </Polygon>
      </Placemark>
      <Placemark id="Lote_A.114">
        <ExtendedData>
          <SchemaData schemaUrl="#Lote_A.schema">
            <SimpleData name="Cédula">6777261.00000000000</SimpleData>
            <SimpleData name="Nombres_y_">ROSA ESTHER  ACOSTA CHAMORRO</SimpleData>
            <SimpleData name="Sexo">Mujer</SimpleData>
            <SimpleData name="Cambio_de_">NO</SimpleData>
            <SimpleData name="Titular_se">NO</SimpleData>
            <SimpleData name="ci_UNIF">6777261.00000000000</SimpleData>
            <SimpleData name="Situación">NO</SimpleData>
            <SimpleData name="Comunidad">Campesina</SimpleData>
            <SimpleData name="Modelo_imp">Modelo 5</SimpleData>
            <SimpleData name="Departamen">CAAZAPA</SimpleData>
            <SimpleData name="Distrito">TAVA?</SimpleData>
            <SimpleData name="Localidad">?U KA?Y</SimpleData>
            <SimpleData name="Teléfono">984002102</SimpleData>
            <SimpleData name="Vivienda_L">-26.23315160000</SimpleData>
            <SimpleData name="Vivienda_1">-55.58349100000</SimpleData>
            <SimpleData name="Superficie">0.70000000000</SimpleData>
            <SimpleData name="Situaci_1">Pol?gono</SimpleData>
            <SimpleData name="Plantado">SI</SimpleData>
            <SimpleData name="Plantado_f">2025/10/21</SimpleData>
            <SimpleData name="Jornales">0.00000000000</SimpleData>
            <SimpleData name="Monto">0.00000000000</SimpleData>
            <SimpleData name="Grupo_de_p">A-GN</SimpleData>
            <SimpleData name="Estado_del">Activo</SimpleData>
            <SimpleData name="Empresa">Red Forestal Paraguay SA</SimpleData>
            <SimpleData name="Lote">A</SimpleData>
            <SimpleData name="Parametro">0.70000000000</SimpleData>
            <SimpleData name="Sup_Sig">0.73549402413</SimpleData>
            <SimpleData name="Situacion">Cumple</SimpleData>
            <SimpleData name="X">-55.58652077000</SimpleData>
            <SimpleData name="Y">-26.23005196000</SimpleData>
            <SimpleData name="Shape_Leng">458.03720283300</SimpleData>
            <SimpleData name="Shape_Area">7354.94024125000</SimpleData>
          </SchemaData>
        </ExtendedData>
        <Polygon>
          <outerBoundaryIs>
            <LinearRing>
              <coordinates>
                -55.5858765999472,-26.2305548992928,0
                -55.586171699863,-26.2307932997929,0
                -55.5869367005075,-26.2299749999607,0
                -55.5867782000801,-26.2298767996277,0
                -55.5871936998306,-26.2294817999851,0
                -55.5869549999544,-26.2292966997843,0
                -55.5861763993771,-26.229996999856,0
                -55.5862731007168,-26.2301154996828,0
                -55.5858765999472,-26.2305548992928,0
              </coordinates>
            </LinearRing>
          </outerBoundaryIs>
        </Polygon>
      </Placemark>
      <Placemark id="Lote_A.115">
        <ExtendedData>
          <SchemaData schemaUrl="#Lote_A.schema">
            <SimpleData name="Cédula">7495240.00000000000</SimpleData>
            <SimpleData name="Nombres_y_">MIRIAN FERNANDEZ VERA</SimpleData>
            <SimpleData name="Sexo">Mujer</SimpleData>
            <SimpleData name="Cambio_de_">NO</SimpleData>
            <SimpleData name="Titular_se">NO</SimpleData>
            <SimpleData name="ci_UNIF">7495240.00000000000</SimpleData>
            <SimpleData name="Situación">NO</SimpleData>
            <SimpleData name="Comunidad">Ind?gena</SimpleData>
            <SimpleData name="Modelo_imp">Modelo 4</SimpleData>
            <SimpleData name="Departamen">CAAZAPA</SimpleData>
            <SimpleData name="Distrito">TAVA?</SimpleData>
            <SimpleData name="Localidad">COM INDIG KOKUERE GUASU</SimpleData>
            <SimpleData name="Teléfono">0984380336</SimpleData>
            <SimpleData name="Vivienda_L">-26.06172030000</SimpleData>
            <SimpleData name="Vivienda_1">-55.51306180000</SimpleData>
            <SimpleData name="Superficie">0.70000000000</SimpleData>
            <SimpleData name="Situaci_1">Par?metro</SimpleData>
            <SimpleData name="Plantado">SI</SimpleData>
            <SimpleData name="Plantado_f">1899/12/30</SimpleData>
            <SimpleData name="Jornales">0.00000000000</SimpleData>
            <SimpleData name="Monto">0.00000000000</SimpleData>
            <SimpleData name="Grupo_de_p">A-GN</SimpleData>
            <SimpleData name="Estado_del">Activo</SimpleData>
            <SimpleData name="Empresa">Red Forestal Paraguay SA</SimpleData>
            <SimpleData name="Lote">A</SimpleData>
            <SimpleData name="Parametro">0.70000000000</SimpleData>
            <SimpleData name="Sup_Sig">0.70527378491</SimpleData>
            <SimpleData name="Situacion">Cumple</SimpleData>
            <SimpleData name="X">-55.51231178000</SimpleData>
            <SimpleData name="Y">-26.06128904000</SimpleData>
            <SimpleData name="Shape_Leng">358.94523737300</SimpleData>
            <SimpleData name="Shape_Area">7052.73784908000</SimpleData>
          </SchemaData>
        </ExtendedData>
        <Polygon>
          <outerBoundaryIs>
            <LinearRing>
              <coordinates>
                -55.5117883005383,-26.0610050004491,0
                -55.5123933002324,-26.0619899998128,0
                -55.5127649999353,-26.0615066994608,0
                -55.5123699998947,-26.0606750000787,0
                -55.5117883005383,-26.0610050004491,0
              </coordinates>
            </LinearRing>
          </outerBoundaryIs>
        </Polygon>
      </Placemark>
      <Placemark id="Lote_A.116">
        <ExtendedData>
          <SchemaData schemaUrl="#Lote_A.schema">
            <SimpleData name="Cédula">9115513.00000000000</SimpleData>
            <SimpleData name="Nombres_y_">BRUNO DANIEL MENDIETA SARATE</SimpleData>
            <SimpleData name="Sexo">Hombre</SimpleData>
            <SimpleData name="Cambio_de_">NO</SimpleData>
            <SimpleData name="Titular_se">NO</SimpleData>
            <SimpleData name="ci_UNIF">9115513.00000000000</SimpleData>
            <SimpleData name="Situación">NO</SimpleData>
            <SimpleData name="Comunidad">Campesina</SimpleData>
            <SimpleData name="Modelo_imp">Modelo 5</SimpleData>
            <SimpleData name="Departamen">CAAZAPA</SimpleData>
            <SimpleData name="Distrito">TAVA?</SimpleData>
            <SimpleData name="Localidad">?U KA?Y</SimpleData>
            <SimpleData name="Teléfono">982035517</SimpleData>
            <SimpleData name="Vivienda_L">-26.25327830000</SimpleData>
            <SimpleData name="Vivienda_1">-55.57290330000</SimpleData>
            <SimpleData name="Superficie">0.70000000000</SimpleData>
            <SimpleData name="Situaci_1">Parametro</SimpleData>
            <SimpleData name="Plantado">SI</SimpleData>
            <SimpleData name="Plantado_f">2026/01/15</SimpleData>
            <SimpleData name="Jornales">0.00000000000</SimpleData>
            <SimpleData name="Monto">0.00000000000</SimpleData>
            <SimpleData name="Grupo_de_p">A-GN</SimpleData>
            <SimpleData name="Estado_del">Activo</SimpleData>
            <SimpleData name="Empresa">Red Forestal Paraguay SA</SimpleData>
            <SimpleData name="Lote">A</SimpleData>
            <SimpleData name="Parametro">0.70000000000</SimpleData>
            <SimpleData name="Sup_Sig">0.70692378060</SimpleData>
            <SimpleData name="Situacion">Cumple</SimpleData>
            <SimpleData name="X">-55.57341203000</SimpleData>
            <SimpleData name="Y">-26.25360633000</SimpleData>
            <SimpleData name="Shape_Leng">517.19799098000</SimpleData>
            <SimpleData name="Shape_Area">7069.23780603000</SimpleData>
          </SchemaData>
        </ExtendedData>
        <MultiGeometry>
          <Polygon>
            <outerBoundaryIs>
              <LinearRing>
                <coordinates>
                  -55.5729850004101,-26.2540350003481,0
                  -55.5732232998265,-26.2539318001905,0
                  -55.5731486002552,-26.2534203006228,0
                  -55.5727132996032,-26.2534666998626,0
                  -55.5729850004101,-26.2540350003481,0
                </coordinates>
              </LinearRing>
            </outerBoundaryIs>
          </Polygon>
          <Polygon>
            <outerBoundaryIs>
              <LinearRing>
                <coordinates>
                  -55.5732449998564,-26.25370670017,0
                  -55.5733516992497,-26.2538333001969,0
                  -55.5735817001,-26.253880000799,0
                  -55.5736449994871,-26.2539051003164,0
                  -55.5740217001526,-26.2539417006104,0
                  -55.5739749997153,-26.2534064003394,0
                  -55.5735949993501,-26.2534649999566,0
                  -55.5735902001558,-26.2531435011142,0
                  -55.5732349999418,-26.2531100004629,0
                  -55.5732449998564,-26.25370670017,0
                </coordinates>
              </LinearRing>
            </outerBoundaryIs>
          </Polygon>
        </MultiGeometry>
      </Placemark>
    </Document>
  </Document>
</kml>
