<?xml version="1.0" encoding="UTF-8"?>
<kml xmlns="http://www.opengis.net/kml/2.2">
  <Document id="root_doc">
    <Schema id="Distrito_ARROYITO.schema">
      <SimpleField name="Cédula" type="double"/>
      <SimpleField name="cedula" type="string"/>
      <SimpleField name="Cédula_1" type="double"/>
      <SimpleField name="N_" type="double"/>
      <SimpleField name="Nombres_y_" type="string"/>
      <SimpleField name="Sexo" type="string"/>
      <SimpleField name="Cambio_de_" type="string"/>
      <SimpleField name="Titular_se" type="string"/>
      <SimpleField name="Cédula_Ti" type="string"/>
      <SimpleField name="Situación" type="string"/>
      <SimpleField name="Comunidad" type="string"/>
      <SimpleField name="Modelo" type="string"/>
      <SimpleField name="Departamen" type="string"/>
      <SimpleField name="Distrito" type="string"/>
      <SimpleField name="Localidad" type="string"/>
      <SimpleField name="Teléfono" type="string"/>
      <SimpleField name="Vivienda_L" type="double"/>
      <SimpleField name="Vivienda_1" type="double"/>
      <SimpleField name="Superficie" type="double"/>
      <SimpleField name="Situaci_1" type="string"/>
      <SimpleField name="Plantado" type="string"/>
      <SimpleField name="Parcela_La" type="double"/>
      <SimpleField name="Parcela_Lo" type="double"/>
      <SimpleField name="Grupo_Impl" type="string"/>
      <SimpleField name="Grupo_de_P" type="string"/>
      <SimpleField name="Jornales" type="double"/>
      <SimpleField name="Monto" type="double"/>
      <SimpleField name="Estado_del" type="string"/>
      <SimpleField name="Empresa" type="string"/>
      <SimpleField name="Lote" type="string"/>
      <SimpleField name="Fecha_de_M" type="string"/>
      <SimpleField name="F__de_pren" type="string"/>
      <SimpleField name="Cocina_Efi" type="string"/>
      <SimpleField name="Estado_FAO" type="string"/>
      <SimpleField name="Etapa_de_i" type="string"/>
      <SimpleField name="Fecha_visi" type="string"/>
      <SimpleField name="Etapa_impl" type="string"/>
      <SimpleField name="Cumple_sup" type="string"/>
      <SimpleField name="Estado_mon" type="string"/>
      <SimpleField name="Situaci_12" type="string"/>
      <SimpleField name="Observaci" type="string"/>
      <SimpleField name="Dias_trans" type="string"/>
      <SimpleField name="Prioridad" type="string"/>
      <SimpleField name="OBJECTID_1" type="int"/>
    </Schema>
    <Document id="Distrito_ARROYITO">
      <name>Distrito_ARROYITO</name>
      <Placemark id="Distrito_ARROYITO.1">
        <ExtendedData>
          <SchemaData schemaUrl="#Distrito_ARROYITO.schema">
            <SimpleData name="Cédula">6004084.00000000000</SimpleData>
            <SimpleData name="cedula">6004084</SimpleData>
            <SimpleData name="Cédula_1">6004084.00000000000</SimpleData>
            <SimpleData name="N_">204.00000000000</SimpleData>
            <SimpleData name="Nombres_y_">PERLA GODOY MAIDANA</SimpleData>
            <SimpleData name="Sexo">Mujer</SimpleData>
            <SimpleData name="Cambio_de_">NO</SimpleData>
            <SimpleData name="Titular_se">NO</SimpleData>
            <SimpleData name="Cédula_Ti">NO</SimpleData>
            <SimpleData name="Situación">NO</SimpleData>
            <SimpleData name="Comunidad">Campesina</SimpleData>
            <SimpleData name="Modelo">Modelo 5</SimpleData>
            <SimpleData name="Departamen">CONCEPCION</SimpleData>
            <SimpleData name="Distrito">ARROYITO</SimpleData>
            <SimpleData name="Localidad">NUCLEO 3</SimpleData>
            <SimpleData name="Teléfono">0981424230</SimpleData>
            <SimpleData name="Vivienda_L">-23.22431370000</SimpleData>
            <SimpleData name="Vivienda_1">-56.69217410000</SimpleData>
            <SimpleData name="Superficie">0.70000000000</SimpleData>
            <SimpleData name="Situaci_1">Par?metro</SimpleData>
            <SimpleData name="Plantado">SI</SimpleData>
            <SimpleData name="Parcela_La">-23.22289535000</SimpleData>
            <SimpleData name="Parcela_Lo">-56.69428276000</SimpleData>
            <SimpleData name="Grupo_Impl">G3</SimpleData>
            <SimpleData name="Grupo_de_P">J-P4-XX-XX-XX</SimpleData>
            <SimpleData name="Jornales">0.00000000000</SimpleData>
            <SimpleData name="Monto">0.00000000000</SimpleData>
            <SimpleData name="Estado_del">Activo</SimpleData>
            <SimpleData name="Empresa">Emilio Sol?s Grance</SimpleData>
            <SimpleData name="Lote">J</SimpleData>
            <SimpleData name="Fecha_de_M">-</SimpleData>
            <SimpleData name="F__de_pren">-</SimpleData>
            <SimpleData name="Cocina_Efi">No</SimpleData>
            <SimpleData name="Estado_FAO">Monitorear</SimpleData>
            <SimpleData name="Etapa_de_i">Mantenimiento A?o 1.1</SimpleData>
            <SimpleData name="Fecha_visi">2026/07/15</SimpleData>
            <SimpleData name="Etapa_impl">Mantenimiento A?o 1.1</SimpleData>
            <SimpleData name="Cumple_sup">Si</SimpleData>
            <SimpleData name="Estado_mon">-</SimpleData>
            <SimpleData name="Situaci_12">-</SimpleData>
            <SimpleData name="Observaci">-</SimpleData>
            <SimpleData name="Dias_trans">18</SimpleData>
            <SimpleData name="Prioridad">ALTA</SimpleData>
            <SimpleData name="OBJECTID_1">204</SimpleData>
          </SchemaData>
        </ExtendedData>
        <MultiGeometry>
          <Point>
            <coordinates>
              -56.7006803401394,-23.2318311371591,0
            </coordinates>
          </Point>
          <Point>
            <coordinates>
              -56.6942827584305,-23.2228953487393,0
            </coordinates>
          </Point>
        </MultiGeometry>
      </Placemark>
      <Placemark id="Distrito_ARROYITO.2">
        <ExtendedData>
          <SchemaData schemaUrl="#Distrito_ARROYITO.schema">
            <SimpleData name="Cédula">6991627.00000000000</SimpleData>
            <SimpleData name="cedula">6991627</SimpleData>
            <SimpleData name="Cédula_1">6991627.00000000000</SimpleData>
            <SimpleData name="N_">212.00000000000</SimpleData>
            <SimpleData name="Nombres_y_">HERMELINDA CORONEL ALEN</SimpleData>
            <SimpleData name="Sexo">Mujer</SimpleData>
            <SimpleData name="Cambio_de_">NO</SimpleData>
            <SimpleData name="Titular_se">NO</SimpleData>
            <SimpleData name="Cédula_Ti">NO</SimpleData>
            <SimpleData name="Situación">NO</SimpleData>
            <SimpleData name="Comunidad">Campesina</SimpleData>
            <SimpleData name="Modelo">Modelo 2</SimpleData>
            <SimpleData name="Departamen">CONCEPCION</SimpleData>
            <SimpleData name="Distrito">ARROYITO</SimpleData>
            <SimpleData name="Localidad">NUCLEO 3</SimpleData>
            <SimpleData name="Teléfono">0984875518</SimpleData>
            <SimpleData name="Vivienda_L">-23.23393540000</SimpleData>
            <SimpleData name="Vivienda_1">-56.70960260000</SimpleData>
            <SimpleData name="Superficie">0.80000000000</SimpleData>
            <SimpleData name="Situaci_1">Par?metro</SimpleData>
            <SimpleData name="Plantado">SI</SimpleData>
            <SimpleData name="Parcela_La">-23.23525479000</SimpleData>
            <SimpleData name="Parcela_Lo">-56.70842928000</SimpleData>
            <SimpleData name="Grupo_Impl">G3</SimpleData>
            <SimpleData name="Grupo_de_P">J-P3-XX-XX-XX</SimpleData>
            <SimpleData name="Jornales">0.00000000000</SimpleData>
            <SimpleData name="Monto">0.00000000000</SimpleData>
            <SimpleData name="Estado_del">Activo</SimpleData>
            <SimpleData name="Empresa">Emilio Sol?s Grance</SimpleData>
            <SimpleData name="Lote">J</SimpleData>
            <SimpleData name="Fecha_de_M">-</SimpleData>
            <SimpleData name="F__de_pren">-</SimpleData>
            <SimpleData name="Cocina_Efi">No</SimpleData>
            <SimpleData name="Estado_FAO">Monitorear</SimpleData>
            <SimpleData name="Etapa_de_i">Mantenimiento A?o 1.1</SimpleData>
            <SimpleData name="Fecha_visi">2026/07/17</SimpleData>
            <SimpleData name="Etapa_impl">Mantenimiento A?o 1.1</SimpleData>
            <SimpleData name="Cumple_sup">Si</SimpleData>
            <SimpleData name="Estado_mon">-</SimpleData>
            <SimpleData name="Situaci_12">-</SimpleData>
            <SimpleData name="Observaci">-</SimpleData>
            <SimpleData name="Dias_trans">17</SimpleData>
            <SimpleData name="Prioridad">ALTA</SimpleData>
            <SimpleData name="OBJECTID_1">212</SimpleData>
          </SchemaData>
        </ExtendedData>
        <MultiGeometry>
          <Point>
            <coordinates>
              -56.7086585675864,-23.2439306724873,0
            </coordinates>
          </Point>
          <Point>
            <coordinates>
              -56.7084292759409,-23.2352547868155,0
            </coordinates>
          </Point>
        </MultiGeometry>
      </Placemark>
      <Placemark id="Distrito_ARROYITO.3">
        <ExtendedData>
          <SchemaData schemaUrl="#Distrito_ARROYITO.schema">
            <SimpleData name="Cédula">5016573.00000000000</SimpleData>
            <SimpleData name="cedula">5016573</SimpleData>
            <SimpleData name="Cédula_1">5016573.00000000000</SimpleData>
            <SimpleData name="N_">195.00000000000</SimpleData>
            <SimpleData name="Nombres_y_">MIRIAM ROSALBA CORONEL MELGAREJO</SimpleData>
            <SimpleData name="Sexo">Mujer</SimpleData>
            <SimpleData name="Cambio_de_">NO</SimpleData>
            <SimpleData name="Titular_se">NO</SimpleData>
            <SimpleData name="Cédula_Ti">NO</SimpleData>
            <SimpleData name="Situación">NO</SimpleData>
            <SimpleData name="Comunidad">Campesina</SimpleData>
            <SimpleData name="Modelo">Modelo 5</SimpleData>
            <SimpleData name="Departamen">CONCEPCION</SimpleData>
            <SimpleData name="Distrito">ARROYITO</SimpleData>
            <SimpleData name="Localidad">NUCLEO 3</SimpleData>
            <SimpleData name="Teléfono">0984504996</SimpleData>
            <SimpleData name="Vivienda_L">-23.23353180000</SimpleData>
            <SimpleData name="Vivienda_1">-56.70891400000</SimpleData>
            <SimpleData name="Superficie">0.70000000000</SimpleData>
            <SimpleData name="Situaci_1">Par?metro</SimpleData>
            <SimpleData name="Plantado">SI</SimpleData>
            <SimpleData name="Parcela_La">-23.23438479000</SimpleData>
            <SimpleData name="Parcela_Lo">-56.70796109000</SimpleData>
            <SimpleData name="Grupo_Impl">G3</SimpleData>
            <SimpleData name="Grupo_de_P">J-P3-XX-XX-XX</SimpleData>
            <SimpleData name="Jornales">0.00000000000</SimpleData>
            <SimpleData name="Monto">0.00000000000</SimpleData>
            <SimpleData name="Estado_del">Activo</SimpleData>
            <SimpleData name="Empresa">Emilio Sol?s Grance</SimpleData>
            <SimpleData name="Lote">J</SimpleData>
            <SimpleData name="Fecha_de_M">-</SimpleData>
            <SimpleData name="F__de_pren">-</SimpleData>
            <SimpleData name="Cocina_Efi">No</SimpleData>
            <SimpleData name="Estado_FAO">Monitorear</SimpleData>
            <SimpleData name="Etapa_de_i">Mantenimiento A?o 1.1</SimpleData>
            <SimpleData name="Fecha_visi">2026/07/17</SimpleData>
            <SimpleData name="Etapa_impl">Mantenimiento A?o 1.1</SimpleData>
            <SimpleData name="Cumple_sup">Si</SimpleData>
            <SimpleData name="Estado_mon">-</SimpleData>
            <SimpleData name="Situaci_12">-</SimpleData>
            <SimpleData name="Observaci">-</SimpleData>
            <SimpleData name="Dias_trans">16</SimpleData>
            <SimpleData name="Prioridad">ALTA</SimpleData>
            <SimpleData name="OBJECTID_1">195</SimpleData>
          </SchemaData>
        </ExtendedData>
        <Point>
          <coordinates>
            -56.7079610886939,-23.2343847941322,0
          </coordinates>
        </Point>
      </Placemark>
      <Placemark id="Distrito_ARROYITO.4">
        <ExtendedData>
          <SchemaData schemaUrl="#Distrito_ARROYITO.schema">
            <SimpleData name="Cédula">6039607.00000000000</SimpleData>
            <SimpleData name="cedula">6039607</SimpleData>
            <SimpleData name="Cédula_1">6039607.00000000000</SimpleData>
            <SimpleData name="N_">218.00000000000</SimpleData>
            <SimpleData name="Nombres_y_">JUAN DARIO CORONEL AREVALOS</SimpleData>
            <SimpleData name="Sexo">Hombre</SimpleData>
            <SimpleData name="Cambio_de_">NO</SimpleData>
            <SimpleData name="Titular_se">NO</SimpleData>
            <SimpleData name="Cédula_Ti">NO</SimpleData>
            <SimpleData name="Situación">NO</SimpleData>
            <SimpleData name="Comunidad">Campesina</SimpleData>
            <SimpleData name="Modelo">Modelo 5</SimpleData>
            <SimpleData name="Departamen">CONCEPCION</SimpleData>
            <SimpleData name="Distrito">ARROYITO</SimpleData>
            <SimpleData name="Localidad">NUCLEO 6</SimpleData>
            <SimpleData name="Teléfono">0976488565</SimpleData>
            <SimpleData name="Vivienda_L">-23.28953160000</SimpleData>
            <SimpleData name="Vivienda_1">-56.70674940000</SimpleData>
            <SimpleData name="Superficie">0.70000000000</SimpleData>
            <SimpleData name="Situaci_1">Par?metro</SimpleData>
            <SimpleData name="Plantado">SI</SimpleData>
            <SimpleData name="Parcela_La">-23.28132587000</SimpleData>
            <SimpleData name="Parcela_Lo">-56.69657851000</SimpleData>
            <SimpleData name="Grupo_Impl">G3</SimpleData>
            <SimpleData name="Grupo_de_P">J-P4-XX-XX-XX</SimpleData>
            <SimpleData name="Jornales">0.00000000000</SimpleData>
            <SimpleData name="Monto">0.00000000000</SimpleData>
            <SimpleData name="Estado_del">Activo</SimpleData>
            <SimpleData name="Empresa">Emilio Sol?s Grance</SimpleData>
            <SimpleData name="Lote">J</SimpleData>
            <SimpleData name="Fecha_de_M">-</SimpleData>
            <SimpleData name="F__de_pren">-</SimpleData>
            <SimpleData name="Cocina_Efi">No</SimpleData>
            <SimpleData name="Estado_FAO">Monitorear</SimpleData>
            <SimpleData name="Etapa_de_i">Mantenimiento A?o 1.1</SimpleData>
            <SimpleData name="Fecha_visi">2026/07/15</SimpleData>
            <SimpleData name="Etapa_impl">Mantenimiento A?o 1.1</SimpleData>
            <SimpleData name="Cumple_sup">Si</SimpleData>
            <SimpleData name="Estado_mon">-</SimpleData>
            <SimpleData name="Situaci_12">-</SimpleData>
            <SimpleData name="Observaci">-</SimpleData>
            <SimpleData name="Dias_trans">18</SimpleData>
            <SimpleData name="Prioridad">ALTA</SimpleData>
            <SimpleData name="OBJECTID_1">218</SimpleData>
          </SchemaData>
        </ExtendedData>
        <Point>
          <coordinates>
            -56.696578510569,-23.2813258716495,0
          </coordinates>
        </Point>
      </Placemark>
      <Placemark id="Distrito_ARROYITO.5">
        <ExtendedData>
          <SchemaData schemaUrl="#Distrito_ARROYITO.schema">
            <SimpleData name="Cédula">4285024.00000000000</SimpleData>
            <SimpleData name="cedula">4285024</SimpleData>
            <SimpleData name="Cédula_1">4285024.00000000000</SimpleData>
            <SimpleData name="N_">197.00000000000</SimpleData>
            <SimpleData name="Nombres_y_">PETRONA CARRERA</SimpleData>
            <SimpleData name="Sexo">Mujer</SimpleData>
            <SimpleData name="Cambio_de_">NO</SimpleData>
            <SimpleData name="Titular_se">NO</SimpleData>
            <SimpleData name="Cédula_Ti">NO</SimpleData>
            <SimpleData name="Situación">NO</SimpleData>
            <SimpleData name="Comunidad">Campesina</SimpleData>
            <SimpleData name="Modelo">Modelo 5</SimpleData>
            <SimpleData name="Departamen">CONCEPCION</SimpleData>
            <SimpleData name="Distrito">ARROYITO</SimpleData>
            <SimpleData name="Localidad">NUCLEO 3</SimpleData>
            <SimpleData name="Teléfono">0981798350</SimpleData>
            <SimpleData name="Vivienda_L">-23.22954030000</SimpleData>
            <SimpleData name="Vivienda_1">-56.68897340000</SimpleData>
            <SimpleData name="Superficie">0.70000000000</SimpleData>
            <SimpleData name="Situaci_1">Par?metro</SimpleData>
            <SimpleData name="Plantado">SI</SimpleData>
            <SimpleData name="Parcela_La">-23.22655032000</SimpleData>
            <SimpleData name="Parcela_Lo">-56.68017253000</SimpleData>
            <SimpleData name="Grupo_Impl">G3</SimpleData>
            <SimpleData name="Grupo_de_P">J-P4-XX-XX-XX</SimpleData>
            <SimpleData name="Jornales">0.00000000000</SimpleData>
            <SimpleData name="Monto">0.00000000000</SimpleData>
            <SimpleData name="Estado_del">Activo</SimpleData>
            <SimpleData name="Empresa">Emilio Sol?s Grance</SimpleData>
            <SimpleData name="Lote">J</SimpleData>
            <SimpleData name="Fecha_de_M">-</SimpleData>
            <SimpleData name="F__de_pren">-</SimpleData>
            <SimpleData name="Cocina_Efi">No</SimpleData>
            <SimpleData name="Estado_FAO">Monitorear</SimpleData>
            <SimpleData name="Etapa_de_i">Mantenimiento A?o 1.1</SimpleData>
            <SimpleData name="Fecha_visi">2026/07/13</SimpleData>
            <SimpleData name="Etapa_impl">Mantenimiento A?o 1.1</SimpleData>
            <SimpleData name="Cumple_sup">Si</SimpleData>
            <SimpleData name="Estado_mon">-</SimpleData>
            <SimpleData name="Situaci_12">-</SimpleData>
            <SimpleData name="Observaci">-</SimpleData>
            <SimpleData name="Dias_trans">20</SimpleData>
            <SimpleData name="Prioridad">ALTA</SimpleData>
            <SimpleData name="OBJECTID_1">197</SimpleData>
          </SchemaData>
        </ExtendedData>
        <Point>
          <coordinates>
            -56.6801725283523,-23.2265503164572,0
          </coordinates>
        </Point>
      </Placemark>
      <Placemark id="Distrito_ARROYITO.6">
        <ExtendedData>
          <SchemaData schemaUrl="#Distrito_ARROYITO.schema">
            <SimpleData name="Cédula">6004002.00000000000</SimpleData>
            <SimpleData name="cedula">6004002</SimpleData>
            <SimpleData name="Cédula_1">6004002.00000000000</SimpleData>
            <SimpleData name="N_">221.00000000000</SimpleData>
            <SimpleData name="Nombres_y_">VALERIANA PAEZ SERRANO</SimpleData>
            <SimpleData name="Sexo">Mujer</SimpleData>
            <SimpleData name="Cambio_de_">NO</SimpleData>
            <SimpleData name="Titular_se">NO</SimpleData>
            <SimpleData name="Cédula_Ti">NO</SimpleData>
            <SimpleData name="Situación">NO</SimpleData>
            <SimpleData name="Comunidad">Campesina</SimpleData>
            <SimpleData name="Modelo">Modelo 5</SimpleData>
            <SimpleData name="Departamen">CONCEPCION</SimpleData>
            <SimpleData name="Distrito">ARROYITO</SimpleData>
            <SimpleData name="Localidad">NUCLEO 6</SimpleData>
            <SimpleData name="Teléfono">0985293135</SimpleData>
            <SimpleData name="Vivienda_L">-23.29411550000</SimpleData>
            <SimpleData name="Vivienda_1">-56.70261120000</SimpleData>
            <SimpleData name="Superficie">0.70000000000</SimpleData>
            <SimpleData name="Situaci_1">Par?metro</SimpleData>
            <SimpleData name="Plantado">SI</SimpleData>
            <SimpleData name="Parcela_La">-23.29227005000</SimpleData>
            <SimpleData name="Parcela_Lo">-56.70288652000</SimpleData>
            <SimpleData name="Grupo_Impl">G3</SimpleData>
            <SimpleData name="Grupo_de_P">J-P4-XX-XX-XX</SimpleData>
            <SimpleData name="Jornales">0.00000000000</SimpleData>
            <SimpleData name="Monto">0.00000000000</SimpleData>
            <SimpleData name="Estado_del">Activo</SimpleData>
            <SimpleData name="Empresa">Emilio Sol?s Grance</SimpleData>
            <SimpleData name="Lote">J</SimpleData>
            <SimpleData name="Fecha_de_M">-</SimpleData>
            <SimpleData name="F__de_pren">-</SimpleData>
            <SimpleData name="Cocina_Efi">No</SimpleData>
            <SimpleData name="Estado_FAO">Monitorear</SimpleData>
            <SimpleData name="Etapa_de_i">Mantenimiento A?o 1.1</SimpleData>
            <SimpleData name="Fecha_visi">2026/07/15</SimpleData>
            <SimpleData name="Etapa_impl">Mantenimiento A?o 1.1</SimpleData>
            <SimpleData name="Cumple_sup">Si</SimpleData>
            <SimpleData name="Estado_mon">-</SimpleData>
            <SimpleData name="Situaci_12">-</SimpleData>
            <SimpleData name="Observaci">-</SimpleData>
            <SimpleData name="Dias_trans">18</SimpleData>
            <SimpleData name="Prioridad">ALTA</SimpleData>
            <SimpleData name="OBJECTID_1">221</SimpleData>
          </SchemaData>
        </ExtendedData>
        <Point>
          <coordinates>
            -56.7028865211791,-23.2922700522095,0
          </coordinates>
        </Point>
      </Placemark>
      <Placemark id="Distrito_ARROYITO.7">
        <ExtendedData>
          <SchemaData schemaUrl="#Distrito_ARROYITO.schema">
            <SimpleData name="Cédula">6115508.00000000000</SimpleData>
            <SimpleData name="cedula">6115508</SimpleData>
            <SimpleData name="Cédula_1">6115508.00000000000</SimpleData>
            <SimpleData name="N_">217.00000000000</SimpleData>
            <SimpleData name="Nombres_y_">LETICIA SOLEDAD VALIENTE PAEZ</SimpleData>
            <SimpleData name="Sexo">Mujer</SimpleData>
            <SimpleData name="Cambio_de_">NO</SimpleData>
            <SimpleData name="Titular_se">NO</SimpleData>
            <SimpleData name="Cédula_Ti">NO</SimpleData>
            <SimpleData name="Situación">NO</SimpleData>
            <SimpleData name="Comunidad">Campesina</SimpleData>
            <SimpleData name="Modelo">Modelo 5</SimpleData>
            <SimpleData name="Departamen">CONCEPCION</SimpleData>
            <SimpleData name="Distrito">ARROYITO</SimpleData>
            <SimpleData name="Localidad">NUCLEO 6</SimpleData>
            <SimpleData name="Teléfono">0983582437</SimpleData>
            <SimpleData name="Vivienda_L">-23.29322260000</SimpleData>
            <SimpleData name="Vivienda_1">-56.69872440000</SimpleData>
            <SimpleData name="Superficie">0.70000000000</SimpleData>
            <SimpleData name="Situaci_1">Par?metro</SimpleData>
            <SimpleData name="Plantado">SI</SimpleData>
            <SimpleData name="Parcela_La">-23.29282987000</SimpleData>
            <SimpleData name="Parcela_Lo">-56.69622311000</SimpleData>
            <SimpleData name="Grupo_Impl">G3</SimpleData>
            <SimpleData name="Grupo_de_P">J-P4-XX-XX-XX</SimpleData>
            <SimpleData name="Jornales">0.00000000000</SimpleData>
            <SimpleData name="Monto">0.00000000000</SimpleData>
            <SimpleData name="Estado_del">Activo</SimpleData>
            <SimpleData name="Empresa">Emilio Sol?s Grance</SimpleData>
            <SimpleData name="Lote">J</SimpleData>
            <SimpleData name="Fecha_de_M">-</SimpleData>
            <SimpleData name="F__de_pren">-</SimpleData>
            <SimpleData name="Cocina_Efi">No</SimpleData>
            <SimpleData name="Estado_FAO">Monitorear</SimpleData>
            <SimpleData name="Etapa_de_i">Mantenimiento A?o 1.1</SimpleData>
            <SimpleData name="Fecha_visi">2026/07/15</SimpleData>
            <SimpleData name="Etapa_impl">Mantenimiento A?o 1.1</SimpleData>
            <SimpleData name="Cumple_sup">Si</SimpleData>
            <SimpleData name="Estado_mon">-</SimpleData>
            <SimpleData name="Situaci_12">-</SimpleData>
            <SimpleData name="Observaci">-</SimpleData>
            <SimpleData name="Dias_trans">18</SimpleData>
            <SimpleData name="Prioridad">ALTA</SimpleData>
            <SimpleData name="OBJECTID_1">217</SimpleData>
          </SchemaData>
        </ExtendedData>
        <Point>
          <coordinates>
            -56.6962231136725,-23.2928298743633,0
          </coordinates>
        </Point>
      </Placemark>
      <Placemark id="Distrito_ARROYITO.8">
        <ExtendedData>
          <SchemaData schemaUrl="#Distrito_ARROYITO.schema">
            <SimpleData name="Cédula">6743219.00000000000</SimpleData>
            <SimpleData name="cedula">6743219</SimpleData>
            <SimpleData name="Cédula_1">6743219.00000000000</SimpleData>
            <SimpleData name="N_">222.00000000000</SimpleData>
            <SimpleData name="Nombres_y_">MIRNA VILLAMAYOR FERNANDEZ</SimpleData>
            <SimpleData name="Sexo">Mujer</SimpleData>
            <SimpleData name="Cambio_de_">NO</SimpleData>
            <SimpleData name="Titular_se">NO</SimpleData>
            <SimpleData name="Cédula_Ti">NO</SimpleData>
            <SimpleData name="Situación">NO</SimpleData>
            <SimpleData name="Comunidad">Campesina</SimpleData>
            <SimpleData name="Modelo">Modelo 5</SimpleData>
            <SimpleData name="Departamen">CONCEPCION</SimpleData>
            <SimpleData name="Distrito">ARROYITO</SimpleData>
            <SimpleData name="Localidad">NUCLEO 6</SimpleData>
            <SimpleData name="Teléfono">0975574427</SimpleData>
            <SimpleData name="Vivienda_L">-23.29681770000</SimpleData>
            <SimpleData name="Vivienda_1">-56.71912020000</SimpleData>
            <SimpleData name="Superficie">0.70000000000</SimpleData>
            <SimpleData name="Situaci_1">Par?metro</SimpleData>
            <SimpleData name="Plantado">SI</SimpleData>
            <SimpleData name="Parcela_La">-23.29416828000</SimpleData>
            <SimpleData name="Parcela_Lo">-56.71321968000</SimpleData>
            <SimpleData name="Grupo_Impl">G3</SimpleData>
            <SimpleData name="Grupo_de_P">J-P4-XX-XX-XX</SimpleData>
            <SimpleData name="Jornales">0.00000000000</SimpleData>
            <SimpleData name="Monto">0.00000000000</SimpleData>
            <SimpleData name="Estado_del">Activo</SimpleData>
            <SimpleData name="Empresa">Emilio Sol?s Grance</SimpleData>
            <SimpleData name="Lote">J</SimpleData>
            <SimpleData name="Fecha_de_M">-</SimpleData>
            <SimpleData name="F__de_pren">-</SimpleData>
            <SimpleData name="Cocina_Efi">No</SimpleData>
            <SimpleData name="Estado_FAO">Monitorear</SimpleData>
            <SimpleData name="Etapa_de_i">Mantenimiento A?o 1.1</SimpleData>
            <SimpleData name="Fecha_visi">2026/07/15</SimpleData>
            <SimpleData name="Etapa_impl">Mantenimiento A?o 1.1</SimpleData>
            <SimpleData name="Cumple_sup">Si</SimpleData>
            <SimpleData name="Estado_mon">-</SimpleData>
            <SimpleData name="Situaci_12">-</SimpleData>
            <SimpleData name="Observaci">-</SimpleData>
            <SimpleData name="Dias_trans">18</SimpleData>
            <SimpleData name="Prioridad">ALTA</SimpleData>
            <SimpleData name="OBJECTID_1">222</SimpleData>
          </SchemaData>
        </ExtendedData>
        <Point>
          <coordinates>
            -56.713219681181,-23.2941682835115,0
          </coordinates>
        </Point>
      </Placemark>
      <Placemark id="Distrito_ARROYITO.9">
        <ExtendedData>
          <SchemaData schemaUrl="#Distrito_ARROYITO.schema">
            <SimpleData name="Cédula">6926529.00000000000</SimpleData>
            <SimpleData name="cedula">6926529</SimpleData>
            <SimpleData name="Cédula_1">6926529.00000000000</SimpleData>
            <SimpleData name="N_">208.00000000000</SimpleData>
            <SimpleData name="Nombres_y_">LUCIA PEREIRA RIOS</SimpleData>
            <SimpleData name="Sexo">Mujer</SimpleData>
            <SimpleData name="Cambio_de_">NO</SimpleData>
            <SimpleData name="Titular_se">NO</SimpleData>
            <SimpleData name="Cédula_Ti">NO</SimpleData>
            <SimpleData name="Situación">NO</SimpleData>
            <SimpleData name="Comunidad">Campesina</SimpleData>
            <SimpleData name="Modelo">Modelo 5</SimpleData>
            <SimpleData name="Departamen">CONCEPCION</SimpleData>
            <SimpleData name="Distrito">ARROYITO</SimpleData>
            <SimpleData name="Localidad">NUCLEO 3</SimpleData>
            <SimpleData name="Teléfono">0975253108</SimpleData>
            <SimpleData name="Vivienda_L">-23.23070740000</SimpleData>
            <SimpleData name="Vivienda_1">-56.69837010000</SimpleData>
            <SimpleData name="Superficie">0.70000000000</SimpleData>
            <SimpleData name="Situaci_1">Par?metro</SimpleData>
            <SimpleData name="Plantado">SI</SimpleData>
            <SimpleData name="Parcela_La">-23.25449565000</SimpleData>
            <SimpleData name="Parcela_Lo">-56.70061778000</SimpleData>
            <SimpleData name="Grupo_Impl">G3</SimpleData>
            <SimpleData name="Grupo_de_P">J-P4-XX-XX-XX</SimpleData>
            <SimpleData name="Jornales">0.00000000000</SimpleData>
            <SimpleData name="Monto">0.00000000000</SimpleData>
            <SimpleData name="Estado_del">Activo</SimpleData>
            <SimpleData name="Empresa">Emilio Sol?s Grance</SimpleData>
            <SimpleData name="Lote">J</SimpleData>
            <SimpleData name="Fecha_de_M">-</SimpleData>
            <SimpleData name="F__de_pren">-</SimpleData>
            <SimpleData name="Cocina_Efi">No</SimpleData>
            <SimpleData name="Estado_FAO">Monitorear</SimpleData>
            <SimpleData name="Etapa_de_i">Mantenimiento A?o 1.1</SimpleData>
            <SimpleData name="Fecha_visi">2026/07/29</SimpleData>
            <SimpleData name="Etapa_impl">Mantenimiento A?o 1.1</SimpleData>
            <SimpleData name="Cumple_sup">Si</SimpleData>
            <SimpleData name="Estado_mon">-</SimpleData>
            <SimpleData name="Situaci_12">-</SimpleData>
            <SimpleData name="Observaci">-</SimpleData>
            <SimpleData name="Dias_trans">4</SimpleData>
            <SimpleData name="Prioridad">ALTA</SimpleData>
            <SimpleData name="OBJECTID_1">208</SimpleData>
          </SchemaData>
        </ExtendedData>
        <Point>
          <coordinates>
            -56.7006177849887,-23.2544956497107,0
          </coordinates>
        </Point>
      </Placemark>
      <Placemark id="Distrito_ARROYITO.10">
        <ExtendedData>
          <SchemaData schemaUrl="#Distrito_ARROYITO.schema">
            <SimpleData name="Cédula">4561307.00000000000</SimpleData>
            <SimpleData name="cedula">4561307</SimpleData>
            <SimpleData name="Cédula_1">4561307.00000000000</SimpleData>
            <SimpleData name="N_">226.00000000000</SimpleData>
            <SimpleData name="Nombres_y_">ADOLFINA BAREIRO RIQUELME</SimpleData>
            <SimpleData name="Sexo">Mujer</SimpleData>
            <SimpleData name="Cambio_de_">NO</SimpleData>
            <SimpleData name="Titular_se">NO</SimpleData>
            <SimpleData name="Cédula_Ti">NO</SimpleData>
            <SimpleData name="Situación">NO</SimpleData>
            <SimpleData name="Comunidad">Campesina</SimpleData>
            <SimpleData name="Modelo">Modelo 5</SimpleData>
            <SimpleData name="Departamen">CONCEPCION</SimpleData>
            <SimpleData name="Distrito">ARROYITO</SimpleData>
            <SimpleData name="Localidad">NUCLEO 6</SimpleData>
            <SimpleData name="Teléfono">0975251732</SimpleData>
            <SimpleData name="Vivienda_L">-23.29616380000</SimpleData>
            <SimpleData name="Vivienda_1">-56.71060060000</SimpleData>
            <SimpleData name="Superficie">0.70000000000</SimpleData>
            <SimpleData name="Situaci_1">Par?metro</SimpleData>
            <SimpleData name="Plantado">SI</SimpleData>
            <SimpleData name="Parcela_La">-23.30010866000</SimpleData>
            <SimpleData name="Parcela_Lo">-56.71089697000</SimpleData>
            <SimpleData name="Grupo_Impl">G3</SimpleData>
            <SimpleData name="Grupo_de_P">J-P4-XX-XX-XX</SimpleData>
            <SimpleData name="Jornales">0.00000000000</SimpleData>
            <SimpleData name="Monto">0.00000000000</SimpleData>
            <SimpleData name="Estado_del">Activo</SimpleData>
            <SimpleData name="Empresa">Emilio Sol?s Grance</SimpleData>
            <SimpleData name="Lote">J</SimpleData>
            <SimpleData name="Fecha_de_M">-</SimpleData>
            <SimpleData name="F__de_pren">-</SimpleData>
            <SimpleData name="Cocina_Efi">No</SimpleData>
            <SimpleData name="Estado_FAO">Monitorear</SimpleData>
            <SimpleData name="Etapa_de_i">Mantenimiento A?o 1.1</SimpleData>
            <SimpleData name="Fecha_visi">2026/07/15</SimpleData>
            <SimpleData name="Etapa_impl">Mantenimiento A?o 1.1</SimpleData>
            <SimpleData name="Cumple_sup">Si</SimpleData>
            <SimpleData name="Estado_mon">-</SimpleData>
            <SimpleData name="Situaci_12">-</SimpleData>
            <SimpleData name="Observaci">-</SimpleData>
            <SimpleData name="Dias_trans">18</SimpleData>
            <SimpleData name="Prioridad">ALTA</SimpleData>
            <SimpleData name="OBJECTID_1">226</SimpleData>
          </SchemaData>
        </ExtendedData>
        <MultiGeometry>
          <Point>
            <coordinates>
              -56.7116671045273,-23.2991627891618,0
            </coordinates>
          </Point>
          <Point>
            <coordinates>
              -56.7108969729031,-23.3001086601589,0
            </coordinates>
          </Point>
        </MultiGeometry>
      </Placemark>
      <Placemark id="Distrito_ARROYITO.11">
        <ExtendedData>
          <SchemaData schemaUrl="#Distrito_ARROYITO.schema">
            <SimpleData name="Cédula">4309167.00000000000</SimpleData>
            <SimpleData name="cedula">4309167</SimpleData>
            <SimpleData name="Cédula_1">4309167.00000000000</SimpleData>
            <SimpleData name="N_">192.00000000000</SimpleData>
            <SimpleData name="Nombres_y_">BEATRIZ LEZCANO GAMARRA</SimpleData>
            <SimpleData name="Sexo">Mujer</SimpleData>
            <SimpleData name="Cambio_de_">NO</SimpleData>
            <SimpleData name="Titular_se">NO</SimpleData>
            <SimpleData name="Cédula_Ti">NO</SimpleData>
            <SimpleData name="Situación">NO</SimpleData>
            <SimpleData name="Comunidad">Campesina</SimpleData>
            <SimpleData name="Modelo">Modelo 5</SimpleData>
            <SimpleData name="Departamen">CONCEPCION</SimpleData>
            <SimpleData name="Distrito">ARROYITO</SimpleData>
            <SimpleData name="Localidad">NUCLEO 2</SimpleData>
            <SimpleData name="Teléfono">0982487496</SimpleData>
            <SimpleData name="Vivienda_L">-23.23462790000</SimpleData>
            <SimpleData name="Vivienda_1">-56.76068730000</SimpleData>
            <SimpleData name="Superficie">0.70000000000</SimpleData>
            <SimpleData name="Situaci_1">Par?metro</SimpleData>
            <SimpleData name="Plantado">SI</SimpleData>
            <SimpleData name="Parcela_La">-23.24467850000</SimpleData>
            <SimpleData name="Parcela_Lo">-56.70412839000</SimpleData>
            <SimpleData name="Grupo_Impl">G3</SimpleData>
            <SimpleData name="Grupo_de_P">J-P4-XX-XX-XX</SimpleData>
            <SimpleData name="Jornales">0.00000000000</SimpleData>
            <SimpleData name="Monto">0.00000000000</SimpleData>
            <SimpleData name="Estado_del">Activo</SimpleData>
            <SimpleData name="Empresa">Emilio Sol?s Grance</SimpleData>
            <SimpleData name="Lote">J</SimpleData>
            <SimpleData name="Fecha_de_M">-</SimpleData>
            <SimpleData name="F__de_pren">-</SimpleData>
            <SimpleData name="Cocina_Efi">No</SimpleData>
            <SimpleData name="Estado_FAO">Monitorear</SimpleData>
            <SimpleData name="Etapa_de_i">Mantenimiento A?o 1.1</SimpleData>
            <SimpleData name="Fecha_visi">2026/07/13</SimpleData>
            <SimpleData name="Etapa_impl">Mantenimiento A?o 1.1</SimpleData>
            <SimpleData name="Cumple_sup">Si</SimpleData>
            <SimpleData name="Estado_mon">-</SimpleData>
            <SimpleData name="Situaci_12">-</SimpleData>
            <SimpleData name="Observaci">-</SimpleData>
            <SimpleData name="Dias_trans">20</SimpleData>
            <SimpleData name="Prioridad">ALTA</SimpleData>
            <SimpleData name="OBJECTID_1">192</SimpleData>
          </SchemaData>
        </ExtendedData>
        <Point>
          <coordinates>
            -56.704128393234,-23.2446784973986,0
          </coordinates>
        </Point>
      </Placemark>
      <Placemark id="Distrito_ARROYITO.12">
        <ExtendedData>
          <SchemaData schemaUrl="#Distrito_ARROYITO.schema">
            <SimpleData name="Cédula">4724357.00000000000</SimpleData>
            <SimpleData name="cedula">4724357</SimpleData>
            <SimpleData name="Cédula_1">4724357.00000000000</SimpleData>
            <SimpleData name="N_">223.00000000000</SimpleData>
            <SimpleData name="Nombres_y_">TERESA DE JESUS OVELAR</SimpleData>
            <SimpleData name="Sexo">Mujer</SimpleData>
            <SimpleData name="Cambio_de_">NO</SimpleData>
            <SimpleData name="Titular_se">NO</SimpleData>
            <SimpleData name="Cédula_Ti">NO</SimpleData>
            <SimpleData name="Situación">NO</SimpleData>
            <SimpleData name="Comunidad">Campesina</SimpleData>
            <SimpleData name="Modelo">Modelo 5</SimpleData>
            <SimpleData name="Departamen">CONCEPCION</SimpleData>
            <SimpleData name="Distrito">ARROYITO</SimpleData>
            <SimpleData name="Localidad">NUCLEO 6</SimpleData>
            <SimpleData name="Teléfono">0983940783</SimpleData>
            <SimpleData name="Vivienda_L">-23.29685310000</SimpleData>
            <SimpleData name="Vivienda_1">-56.71002850000</SimpleData>
            <SimpleData name="Superficie">0.70000000000</SimpleData>
            <SimpleData name="Situaci_1">Par?metro</SimpleData>
            <SimpleData name="Plantado">SI</SimpleData>
            <SimpleData name="Parcela_La">-23.30089915000</SimpleData>
            <SimpleData name="Parcela_Lo">-56.71871849000</SimpleData>
            <SimpleData name="Grupo_Impl">G3</SimpleData>
            <SimpleData name="Grupo_de_P">J-P4-XX-XX-XX</SimpleData>
            <SimpleData name="Jornales">0.00000000000</SimpleData>
            <SimpleData name="Monto">0.00000000000</SimpleData>
            <SimpleData name="Estado_del">Activo</SimpleData>
            <SimpleData name="Empresa">Emilio Sol?s Grance</SimpleData>
            <SimpleData name="Lote">J</SimpleData>
            <SimpleData name="Fecha_de_M">-</SimpleData>
            <SimpleData name="F__de_pren">-</SimpleData>
            <SimpleData name="Cocina_Efi">No</SimpleData>
            <SimpleData name="Estado_FAO">Monitorear</SimpleData>
            <SimpleData name="Etapa_de_i">Mantenimiento A?o 1.1</SimpleData>
            <SimpleData name="Fecha_visi">2026/07/15</SimpleData>
            <SimpleData name="Etapa_impl">Mantenimiento A?o 1.1</SimpleData>
            <SimpleData name="Cumple_sup">Si</SimpleData>
            <SimpleData name="Estado_mon">-</SimpleData>
            <SimpleData name="Situaci_12">-</SimpleData>
            <SimpleData name="Observaci">-</SimpleData>
            <SimpleData name="Dias_trans">18</SimpleData>
            <SimpleData name="Prioridad">ALTA</SimpleData>
            <SimpleData name="OBJECTID_1">223</SimpleData>
          </SchemaData>
        </ExtendedData>
        <Point>
          <coordinates>
            -56.7187184934345,-23.3008991528081,0
          </coordinates>
        </Point>
      </Placemark>
      <Placemark id="Distrito_ARROYITO.13">
        <ExtendedData>
          <SchemaData schemaUrl="#Distrito_ARROYITO.schema">
            <SimpleData name="Cédula">6724443.00000000000</SimpleData>
            <SimpleData name="cedula">6724443</SimpleData>
            <SimpleData name="Cédula_1">6724443.00000000000</SimpleData>
            <SimpleData name="N_">214.00000000000</SimpleData>
            <SimpleData name="Nombres_y_">SOFIA GAONA RIOS</SimpleData>
            <SimpleData name="Sexo">Mujer</SimpleData>
            <SimpleData name="Cambio_de_">NO</SimpleData>
            <SimpleData name="Titular_se">NO</SimpleData>
            <SimpleData name="Cédula_Ti">NO</SimpleData>
            <SimpleData name="Situación">NO</SimpleData>
            <SimpleData name="Comunidad">Campesina</SimpleData>
            <SimpleData name="Modelo">Modelo 1</SimpleData>
            <SimpleData name="Departamen">CONCEPCION</SimpleData>
            <SimpleData name="Distrito">ARROYITO</SimpleData>
            <SimpleData name="Localidad">NUCLEO 4</SimpleData>
            <SimpleData name="Teléfono">0976502227</SimpleData>
            <SimpleData name="Vivienda_L">-23.25682470000</SimpleData>
            <SimpleData name="Vivienda_1">-56.69275660000</SimpleData>
            <SimpleData name="Superficie">0.80000000000</SimpleData>
            <SimpleData name="Situaci_1">Par?metro</SimpleData>
            <SimpleData name="Plantado">SI</SimpleData>
            <SimpleData name="Parcela_La">-23.25189569000</SimpleData>
            <SimpleData name="Parcela_Lo">-56.70044767000</SimpleData>
            <SimpleData name="Grupo_Impl">G3</SimpleData>
            <SimpleData name="Grupo_de_P">J-P4-XX-XX-XX</SimpleData>
            <SimpleData name="Jornales">0.00000000000</SimpleData>
            <SimpleData name="Monto">0.00000000000</SimpleData>
            <SimpleData name="Estado_del">Activo</SimpleData>
            <SimpleData name="Empresa">Emilio Sol?s Grance</SimpleData>
            <SimpleData name="Lote">J</SimpleData>
            <SimpleData name="Fecha_de_M">-</SimpleData>
            <SimpleData name="F__de_pren">-</SimpleData>
            <SimpleData name="Cocina_Efi">No</SimpleData>
            <SimpleData name="Estado_FAO">Monitorear</SimpleData>
            <SimpleData name="Etapa_de_i">Mantenimiento A?o 1.1</SimpleData>
            <SimpleData name="Fecha_visi">2026/07/17</SimpleData>
            <SimpleData name="Etapa_impl">Mantenimiento A?o 1.1</SimpleData>
            <SimpleData name="Cumple_sup">Si</SimpleData>
            <SimpleData name="Estado_mon">-</SimpleData>
            <SimpleData name="Situaci_12">-</SimpleData>
            <SimpleData name="Observaci">-</SimpleData>
            <SimpleData name="Dias_trans">16</SimpleData>
            <SimpleData name="Prioridad">ALTA</SimpleData>
            <SimpleData name="OBJECTID_1">214</SimpleData>
          </SchemaData>
        </ExtendedData>
        <Point>
          <coordinates>
            -56.7004476743218,-23.2518956934676,0
          </coordinates>
        </Point>
      </Placemark>
      <Placemark id="Distrito_ARROYITO.14">
        <ExtendedData>
          <SchemaData schemaUrl="#Distrito_ARROYITO.schema">
            <SimpleData name="Cédula">7467853.00000000000</SimpleData>
            <SimpleData name="cedula">7467853</SimpleData>
            <SimpleData name="Cédula_1">7467853.00000000000</SimpleData>
            <SimpleData name="N_">199.00000000000</SimpleData>
            <SimpleData name="Nombres_y_">CELFIRIA ENRRIQUEZ</SimpleData>
            <SimpleData name="Sexo">Mujer</SimpleData>
            <SimpleData name="Cambio_de_">NO</SimpleData>
            <SimpleData name="Titular_se">NO</SimpleData>
            <SimpleData name="Cédula_Ti">NO</SimpleData>
            <SimpleData name="Situación">NO</SimpleData>
            <SimpleData name="Comunidad">Campesina</SimpleData>
            <SimpleData name="Modelo">Modelo 5</SimpleData>
            <SimpleData name="Departamen">CONCEPCION</SimpleData>
            <SimpleData name="Distrito">ARROYITO</SimpleData>
            <SimpleData name="Localidad">NUCLEO 3</SimpleData>
            <SimpleData name="Teléfono">0975577121</SimpleData>
            <SimpleData name="Vivienda_L">-23.22965600000</SimpleData>
            <SimpleData name="Vivienda_1">-56.68968320000</SimpleData>
            <SimpleData name="Superficie">0.70000000000</SimpleData>
            <SimpleData name="Situaci_1">Par?metro</SimpleData>
            <SimpleData name="Plantado">SI</SimpleData>
            <SimpleData name="Parcela_La">-23.22881937000</SimpleData>
            <SimpleData name="Parcela_Lo">-56.69057314000</SimpleData>
            <SimpleData name="Grupo_Impl">G3</SimpleData>
            <SimpleData name="Grupo_de_P">J-P4-XX-XX-XX</SimpleData>
            <SimpleData name="Jornales">0.00000000000</SimpleData>
            <SimpleData name="Monto">0.00000000000</SimpleData>
            <SimpleData name="Estado_del">Activo</SimpleData>
            <SimpleData name="Empresa">Emilio Sol?s Grance</SimpleData>
            <SimpleData name="Lote">J</SimpleData>
            <SimpleData name="Fecha_de_M">-</SimpleData>
            <SimpleData name="F__de_pren">-</SimpleData>
            <SimpleData name="Cocina_Efi">No</SimpleData>
            <SimpleData name="Estado_FAO">Monitorear</SimpleData>
            <SimpleData name="Etapa_de_i">Mantenimiento A?o 1.1</SimpleData>
            <SimpleData name="Fecha_visi">2026/07/13</SimpleData>
            <SimpleData name="Etapa_impl">Mantenimiento A?o 1.1</SimpleData>
            <SimpleData name="Cumple_sup">Si</SimpleData>
            <SimpleData name="Estado_mon">-</SimpleData>
            <SimpleData name="Situaci_12">-</SimpleData>
            <SimpleData name="Observaci">-</SimpleData>
            <SimpleData name="Dias_trans">20</SimpleData>
            <SimpleData name="Prioridad">ALTA</SimpleData>
            <SimpleData name="OBJECTID_1">199</SimpleData>
          </SchemaData>
        </ExtendedData>
        <Point>
          <coordinates>
            -56.6905731431862,-23.2288193705957,0
          </coordinates>
        </Point>
      </Placemark>
      <Placemark id="Distrito_ARROYITO.15">
        <ExtendedData>
          <SchemaData schemaUrl="#Distrito_ARROYITO.schema">
            <SimpleData name="Cédula">7000773.00000000000</SimpleData>
            <SimpleData name="cedula">7000773</SimpleData>
            <SimpleData name="Cédula_1">7000773.00000000000</SimpleData>
            <SimpleData name="N_">219.00000000000</SimpleData>
            <SimpleData name="Nombres_y_">FATIMA ELIZABETH CORONEL AREVALOS</SimpleData>
            <SimpleData name="Sexo">Mujer</SimpleData>
            <SimpleData name="Cambio_de_">NO</SimpleData>
            <SimpleData name="Titular_se">NO</SimpleData>
            <SimpleData name="Cédula_Ti">NO</SimpleData>
            <SimpleData name="Situación">NO</SimpleData>
            <SimpleData name="Comunidad">Campesina</SimpleData>
            <SimpleData name="Modelo">Modelo 5</SimpleData>
            <SimpleData name="Departamen">CONCEPCION</SimpleData>
            <SimpleData name="Distrito">ARROYITO</SimpleData>
            <SimpleData name="Localidad">NUCLEO 6</SimpleData>
            <SimpleData name="Teléfono">0976803093</SimpleData>
            <SimpleData name="Vivienda_L">-23.28979250000</SimpleData>
            <SimpleData name="Vivienda_1">-56.70652970000</SimpleData>
            <SimpleData name="Superficie">0.70000000000</SimpleData>
            <SimpleData name="Situaci_1">Par?metro</SimpleData>
            <SimpleData name="Plantado">SI</SimpleData>
            <SimpleData name="Parcela_La">-23.29108838000</SimpleData>
            <SimpleData name="Parcela_Lo">-56.70612807000</SimpleData>
            <SimpleData name="Grupo_Impl">G3</SimpleData>
            <SimpleData name="Grupo_de_P">J-P4-XX-XX-XX</SimpleData>
            <SimpleData name="Jornales">0.00000000000</SimpleData>
            <SimpleData name="Monto">0.00000000000</SimpleData>
            <SimpleData name="Estado_del">Activo</SimpleData>
            <SimpleData name="Empresa">Emilio Sol?s Grance</SimpleData>
            <SimpleData name="Lote">J</SimpleData>
            <SimpleData name="Fecha_de_M">-</SimpleData>
            <SimpleData name="F__de_pren">-</SimpleData>
            <SimpleData name="Cocina_Efi">No</SimpleData>
            <SimpleData name="Estado_FAO">Monitorear</SimpleData>
            <SimpleData name="Etapa_de_i">Mantenimiento A?o 1.1</SimpleData>
            <SimpleData name="Fecha_visi">2026/07/15</SimpleData>
            <SimpleData name="Etapa_impl">Mantenimiento A?o 1.1</SimpleData>
            <SimpleData name="Cumple_sup">Si</SimpleData>
            <SimpleData name="Estado_mon">-</SimpleData>
            <SimpleData name="Situaci_12">-</SimpleData>
            <SimpleData name="Observaci">-</SimpleData>
            <SimpleData name="Dias_trans">18</SimpleData>
            <SimpleData name="Prioridad">ALTA</SimpleData>
            <SimpleData name="OBJECTID_1">219</SimpleData>
          </SchemaData>
        </ExtendedData>
        <Point>
          <coordinates>
            -56.706128067558,-23.2910883751354,0
          </coordinates>
        </Point>
      </Placemark>
      <Placemark id="Distrito_ARROYITO.16">
        <ExtendedData>
          <SchemaData schemaUrl="#Distrito_ARROYITO.schema">
            <SimpleData name="Cédula">4160700.00000000000</SimpleData>
            <SimpleData name="cedula">4160700</SimpleData>
            <SimpleData name="Cédula_1">4160700.00000000000</SimpleData>
            <SimpleData name="N_">203.00000000000</SimpleData>
            <SimpleData name="Nombres_y_">NILSA RAQUEL LARREA LEIVA</SimpleData>
            <SimpleData name="Sexo">Mujer</SimpleData>
            <SimpleData name="Cambio_de_">NO</SimpleData>
            <SimpleData name="Titular_se">NO</SimpleData>
            <SimpleData name="Cédula_Ti">NO</SimpleData>
            <SimpleData name="Situación">NO</SimpleData>
            <SimpleData name="Comunidad">Campesina</SimpleData>
            <SimpleData name="Modelo">Modelo 1</SimpleData>
            <SimpleData name="Departamen">CONCEPCION</SimpleData>
            <SimpleData name="Distrito">ARROYITO</SimpleData>
            <SimpleData name="Localidad">NUCLEO 3</SimpleData>
            <SimpleData name="Teléfono">0985638523</SimpleData>
            <SimpleData name="Vivienda_L">-23.23773930000</SimpleData>
            <SimpleData name="Vivienda_1">-56.69761840000</SimpleData>
            <SimpleData name="Superficie">0.80000000000</SimpleData>
            <SimpleData name="Situaci_1">Par?metro</SimpleData>
            <SimpleData name="Plantado">SI</SimpleData>
            <SimpleData name="Parcela_La">-23.23653109000</SimpleData>
            <SimpleData name="Parcela_Lo">-56.69876206000</SimpleData>
            <SimpleData name="Grupo_Impl">G3</SimpleData>
            <SimpleData name="Grupo_de_P">J-P4-XX-XX-XX</SimpleData>
            <SimpleData name="Jornales">0.00000000000</SimpleData>
            <SimpleData name="Monto">0.00000000000</SimpleData>
            <SimpleData name="Estado_del">Activo</SimpleData>
            <SimpleData name="Empresa">Emilio Sol?s Grance</SimpleData>
            <SimpleData name="Lote">J</SimpleData>
            <SimpleData name="Fecha_de_M">-</SimpleData>
            <SimpleData name="F__de_pren">-</SimpleData>
            <SimpleData name="Cocina_Efi">No</SimpleData>
            <SimpleData name="Estado_FAO">Monitorear</SimpleData>
            <SimpleData name="Etapa_de_i">Mantenimiento A?o 1.1</SimpleData>
            <SimpleData name="Fecha_visi">2026/07/13</SimpleData>
            <SimpleData name="Etapa_impl">Mantenimiento A?o 1.1</SimpleData>
            <SimpleData name="Cumple_sup">Si</SimpleData>
            <SimpleData name="Estado_mon">-</SimpleData>
            <SimpleData name="Situaci_12">-</SimpleData>
            <SimpleData name="Observaci">-</SimpleData>
            <SimpleData name="Dias_trans">20</SimpleData>
            <SimpleData name="Prioridad">ALTA</SimpleData>
            <SimpleData name="OBJECTID_1">203</SimpleData>
          </SchemaData>
        </ExtendedData>
        <Point>
          <coordinates>
            -56.6987620647231,-23.2365310866787,0
          </coordinates>
        </Point>
      </Placemark>
      <Placemark id="Distrito_ARROYITO.17">
        <ExtendedData>
          <SchemaData schemaUrl="#Distrito_ARROYITO.schema">
            <SimpleData name="Cédula">6785689.00000000000</SimpleData>
            <SimpleData name="cedula">6785689</SimpleData>
            <SimpleData name="Cédula_1">6785689.00000000000</SimpleData>
            <SimpleData name="N_">194.00000000000</SimpleData>
            <SimpleData name="Nombres_y_">ALICIA MARICEL CORONEL</SimpleData>
            <SimpleData name="Sexo">Mujer</SimpleData>
            <SimpleData name="Cambio_de_">NO</SimpleData>
            <SimpleData name="Titular_se">NO</SimpleData>
            <SimpleData name="Cédula_Ti">NO</SimpleData>
            <SimpleData name="Situación">NO</SimpleData>
            <SimpleData name="Comunidad">Campesina</SimpleData>
            <SimpleData name="Modelo">Modelo 5</SimpleData>
            <SimpleData name="Departamen">CONCEPCION</SimpleData>
            <SimpleData name="Distrito">ARROYITO</SimpleData>
            <SimpleData name="Localidad">NUCLEO 3</SimpleData>
            <SimpleData name="Teléfono">0975599982</SimpleData>
            <SimpleData name="Vivienda_L">-23.23397680000</SimpleData>
            <SimpleData name="Vivienda_1">-56.70961760000</SimpleData>
            <SimpleData name="Superficie">0.70000000000</SimpleData>
            <SimpleData name="Situaci_1">Par?metro</SimpleData>
            <SimpleData name="Plantado">SI</SimpleData>
            <SimpleData name="Parcela_La">-23.23503577000</SimpleData>
            <SimpleData name="Parcela_Lo">-56.70798718000</SimpleData>
            <SimpleData name="Grupo_Impl">G3</SimpleData>
            <SimpleData name="Grupo_de_P">J-P3-XX-XX-XX</SimpleData>
            <SimpleData name="Jornales">0.00000000000</SimpleData>
            <SimpleData name="Monto">0.00000000000</SimpleData>
            <SimpleData name="Estado_del">Activo</SimpleData>
            <SimpleData name="Empresa">Emilio Sol?s Grance</SimpleData>
            <SimpleData name="Lote">J</SimpleData>
            <SimpleData name="Fecha_de_M">-</SimpleData>
            <SimpleData name="F__de_pren">-</SimpleData>
            <SimpleData name="Cocina_Efi">No</SimpleData>
            <SimpleData name="Estado_FAO">Monitorear</SimpleData>
            <SimpleData name="Etapa_de_i">Mantenimiento A?o 1.1</SimpleData>
            <SimpleData name="Fecha_visi">2026/07/17</SimpleData>
            <SimpleData name="Etapa_impl">Mantenimiento A?o 1.1</SimpleData>
            <SimpleData name="Cumple_sup">Si</SimpleData>
            <SimpleData name="Estado_mon">-</SimpleData>
            <SimpleData name="Situaci_12">-</SimpleData>
            <SimpleData name="Observaci">-</SimpleData>
            <SimpleData name="Dias_trans">17</SimpleData>
            <SimpleData name="Prioridad">ALTA</SimpleData>
            <SimpleData name="OBJECTID_1">194</SimpleData>
          </SchemaData>
        </ExtendedData>
        <Point>
          <coordinates>
            -56.7079871831852,-23.2350357693084,0
          </coordinates>
        </Point>
      </Placemark>
      <Placemark id="Distrito_ARROYITO.18">
        <ExtendedData>
          <SchemaData schemaUrl="#Distrito_ARROYITO.schema">
            <SimpleData name="Cédula">6645588.00000000000</SimpleData>
            <SimpleData name="cedula">6645588</SimpleData>
            <SimpleData name="Cédula_1">6645588.00000000000</SimpleData>
            <SimpleData name="N_">209.00000000000</SimpleData>
            <SimpleData name="Nombres_y_">PAULA CELESTE SILVA PRIETOS</SimpleData>
            <SimpleData name="Sexo">Mujer</SimpleData>
            <SimpleData name="Cambio_de_">NO</SimpleData>
            <SimpleData name="Titular_se">NO</SimpleData>
            <SimpleData name="Cédula_Ti">NO</SimpleData>
            <SimpleData name="Situación">NO</SimpleData>
            <SimpleData name="Comunidad">Campesina</SimpleData>
            <SimpleData name="Modelo">Modelo 5</SimpleData>
            <SimpleData name="Departamen">CONCEPCION</SimpleData>
            <SimpleData name="Distrito">ARROYITO</SimpleData>
            <SimpleData name="Localidad">NUCLEO 3</SimpleData>
            <SimpleData name="Teléfono">0975984768</SimpleData>
            <SimpleData name="Vivienda_L">-23.20789640000</SimpleData>
            <SimpleData name="Vivienda_1">-56.72403740000</SimpleData>
            <SimpleData name="Superficie">0.70000000000</SimpleData>
            <SimpleData name="Situaci_1">Par?metro</SimpleData>
            <SimpleData name="Plantado">SI</SimpleData>
            <SimpleData name="Parcela_La">-23.20701133000</SimpleData>
            <SimpleData name="Parcela_Lo">-56.72357516000</SimpleData>
            <SimpleData name="Grupo_Impl">G3</SimpleData>
            <SimpleData name="Grupo_de_P">J-P4-XX-XX-XX</SimpleData>
            <SimpleData name="Jornales">0.00000000000</SimpleData>
            <SimpleData name="Monto">0.00000000000</SimpleData>
            <SimpleData name="Estado_del">Activo</SimpleData>
            <SimpleData name="Empresa">Emilio Sol?s Grance</SimpleData>
            <SimpleData name="Lote">J</SimpleData>
            <SimpleData name="Fecha_de_M">-</SimpleData>
            <SimpleData name="F__de_pren">-</SimpleData>
            <SimpleData name="Cocina_Efi">No</SimpleData>
            <SimpleData name="Estado_FAO">Monitorear</SimpleData>
            <SimpleData name="Etapa_de_i">Mantenimiento A?o 1.1</SimpleData>
            <SimpleData name="Fecha_visi">2026/07/28</SimpleData>
            <SimpleData name="Etapa_impl">Mantenimiento A?o 1.1</SimpleData>
            <SimpleData name="Cumple_sup">Si</SimpleData>
            <SimpleData name="Estado_mon">-</SimpleData>
            <SimpleData name="Situaci_12">-</SimpleData>
            <SimpleData name="Observaci">-</SimpleData>
            <SimpleData name="Dias_trans">5</SimpleData>
            <SimpleData name="Prioridad">ALTA</SimpleData>
            <SimpleData name="OBJECTID_1">209</SimpleData>
          </SchemaData>
        </ExtendedData>
        <Point>
          <coordinates>
            -56.7235751601898,-23.2070113345849,0
          </coordinates>
        </Point>
      </Placemark>
      <Placemark id="Distrito_ARROYITO.19">
        <ExtendedData>
          <SchemaData schemaUrl="#Distrito_ARROYITO.schema">
            <SimpleData name="Cédula">4284995.00000000000</SimpleData>
            <SimpleData name="cedula">4284995</SimpleData>
            <SimpleData name="Cédula_1">4284995.00000000000</SimpleData>
            <SimpleData name="N_">206.00000000000</SimpleData>
            <SimpleData name="Nombres_y_">LUZ MARLENE PENAYO CENDRA</SimpleData>
            <SimpleData name="Sexo">Mujer</SimpleData>
            <SimpleData name="Cambio_de_">NO</SimpleData>
            <SimpleData name="Titular_se">NO</SimpleData>
            <SimpleData name="Cédula_Ti">NO</SimpleData>
            <SimpleData name="Situación">NO</SimpleData>
            <SimpleData name="Comunidad">Campesina</SimpleData>
            <SimpleData name="Modelo">Modelo 2</SimpleData>
            <SimpleData name="Departamen">CONCEPCION</SimpleData>
            <SimpleData name="Distrito">ARROYITO</SimpleData>
            <SimpleData name="Localidad">NUCLEO 3</SimpleData>
            <SimpleData name="Teléfono">0976446690</SimpleData>
            <SimpleData name="Vivienda_L">-23.24505420000</SimpleData>
            <SimpleData name="Vivienda_1">-56.70238110000</SimpleData>
            <SimpleData name="Superficie">0.80000000000</SimpleData>
            <SimpleData name="Situaci_1">Par?metro</SimpleData>
            <SimpleData name="Plantado">SI</SimpleData>
            <SimpleData name="Parcela_La">-23.24666324000</SimpleData>
            <SimpleData name="Parcela_Lo">-56.70402164000</SimpleData>
            <SimpleData name="Grupo_Impl">G3</SimpleData>
            <SimpleData name="Grupo_de_P">J-P4-XX-XX-XX</SimpleData>
            <SimpleData name="Jornales">0.00000000000</SimpleData>
            <SimpleData name="Monto">0.00000000000</SimpleData>
            <SimpleData name="Estado_del">Activo</SimpleData>
            <SimpleData name="Empresa">Emilio Sol?s Grance</SimpleData>
            <SimpleData name="Lote">J</SimpleData>
            <SimpleData name="Fecha_de_M">-</SimpleData>
            <SimpleData name="F__de_pren">-</SimpleData>
            <SimpleData name="Cocina_Efi">No</SimpleData>
            <SimpleData name="Estado_FAO">Monitorear</SimpleData>
            <SimpleData name="Etapa_de_i">Mantenimiento A?o 1.1</SimpleData>
            <SimpleData name="Fecha_visi">2026/07/13</SimpleData>
            <SimpleData name="Etapa_impl">Mantenimiento A?o 1.1</SimpleData>
            <SimpleData name="Cumple_sup">Si</SimpleData>
            <SimpleData name="Estado_mon">-</SimpleData>
            <SimpleData name="Situaci_12">-</SimpleData>
            <SimpleData name="Observaci">-</SimpleData>
            <SimpleData name="Dias_trans">20</SimpleData>
            <SimpleData name="Prioridad">ALTA</SimpleData>
            <SimpleData name="OBJECTID_1">206</SimpleData>
          </SchemaData>
        </ExtendedData>
        <Point>
          <coordinates>
            -56.7040216409418,-23.2466632408264,0
          </coordinates>
        </Point>
      </Placemark>
      <Placemark id="Distrito_ARROYITO.20">
        <ExtendedData>
          <SchemaData schemaUrl="#Distrito_ARROYITO.schema">
            <SimpleData name="Cédula">4420224.00000000000</SimpleData>
            <SimpleData name="cedula">4420224</SimpleData>
            <SimpleData name="Cédula_1">4420224.00000000000</SimpleData>
            <SimpleData name="N_">196.00000000000</SimpleData>
            <SimpleData name="Nombres_y_">ROQUE AMALIO ROMERO PAREDES</SimpleData>
            <SimpleData name="Sexo">Hombre</SimpleData>
            <SimpleData name="Cambio_de_">NO</SimpleData>
            <SimpleData name="Titular_se">NO</SimpleData>
            <SimpleData name="Cédula_Ti">NO</SimpleData>
            <SimpleData name="Situación">NO</SimpleData>
            <SimpleData name="Comunidad">Campesina</SimpleData>
            <SimpleData name="Modelo">Modelo 5</SimpleData>
            <SimpleData name="Departamen">CONCEPCION</SimpleData>
            <SimpleData name="Distrito">ARROYITO</SimpleData>
            <SimpleData name="Localidad">NUCLEO 3</SimpleData>
            <SimpleData name="Teléfono">0976664208</SimpleData>
            <SimpleData name="Vivienda_L">-23.22083830000</SimpleData>
            <SimpleData name="Vivienda_1">-56.69720170000</SimpleData>
            <SimpleData name="Superficie">0.70000000000</SimpleData>
            <SimpleData name="Situaci_1">Par?metro</SimpleData>
            <SimpleData name="Plantado">SI</SimpleData>
            <SimpleData name="Parcela_La">-23.22022102000</SimpleData>
            <SimpleData name="Parcela_Lo">-56.69815449000</SimpleData>
            <SimpleData name="Grupo_Impl">G3</SimpleData>
            <SimpleData name="Grupo_de_P">J-P3-XX-XX-XX</SimpleData>
            <SimpleData name="Jornales">0.00000000000</SimpleData>
            <SimpleData name="Monto">0.00000000000</SimpleData>
            <SimpleData name="Estado_del">Activo</SimpleData>
            <SimpleData name="Empresa">Emilio Sol?s Grance</SimpleData>
            <SimpleData name="Lote">J</SimpleData>
            <SimpleData name="Fecha_de_M">-</SimpleData>
            <SimpleData name="F__de_pren">-</SimpleData>
            <SimpleData name="Cocina_Efi">No</SimpleData>
            <SimpleData name="Estado_FAO">Monitorear</SimpleData>
            <SimpleData name="Etapa_de_i">Mantenimiento A?o 1.1</SimpleData>
            <SimpleData name="Fecha_visi">2026/07/15</SimpleData>
            <SimpleData name="Etapa_impl">Mantenimiento A?o 1.1</SimpleData>
            <SimpleData name="Cumple_sup">Si</SimpleData>
            <SimpleData name="Estado_mon">-</SimpleData>
            <SimpleData name="Situaci_12">-</SimpleData>
            <SimpleData name="Observaci">-</SimpleData>
            <SimpleData name="Dias_trans">18</SimpleData>
            <SimpleData name="Prioridad">ALTA</SimpleData>
            <SimpleData name="OBJECTID_1">196</SimpleData>
          </SchemaData>
        </ExtendedData>
        <Point>
          <coordinates>
            -56.698154492231,-23.220221018103,0
          </coordinates>
        </Point>
      </Placemark>
      <Placemark id="Distrito_ARROYITO.21">
        <ExtendedData>
          <SchemaData schemaUrl="#Distrito_ARROYITO.schema">
            <SimpleData name="Cédula">7526958.00000000000</SimpleData>
            <SimpleData name="cedula">7526958</SimpleData>
            <SimpleData name="Cédula_1">7526958.00000000000</SimpleData>
            <SimpleData name="N_">189.00000000000</SimpleData>
            <SimpleData name="Nombres_y_">ROSSANA  DAVALOS CARMONA</SimpleData>
            <SimpleData name="Sexo">Mujer</SimpleData>
            <SimpleData name="Cambio_de_">NO</SimpleData>
            <SimpleData name="Titular_se">NO</SimpleData>
            <SimpleData name="Cédula_Ti">NO</SimpleData>
            <SimpleData name="Situación">NO</SimpleData>
            <SimpleData name="Comunidad">Campesina</SimpleData>
            <SimpleData name="Modelo">Modelo 5</SimpleData>
            <SimpleData name="Departamen">CONCEPCION</SimpleData>
            <SimpleData name="Distrito">ARROYITO</SimpleData>
            <SimpleData name="Localidad">NUCLEO 2</SimpleData>
            <SimpleData name="Teléfono">0974707560</SimpleData>
            <SimpleData name="Vivienda_L">-23.23853960000</SimpleData>
            <SimpleData name="Vivienda_1">-56.75180550000</SimpleData>
            <SimpleData name="Superficie">0.70000000000</SimpleData>
            <SimpleData name="Situaci_1">Par?metro</SimpleData>
            <SimpleData name="Plantado">SI</SimpleData>
            <SimpleData name="Parcela_La">-23.23940096000</SimpleData>
            <SimpleData name="Parcela_Lo">-56.75279504000</SimpleData>
            <SimpleData name="Grupo_Impl">G3</SimpleData>
            <SimpleData name="Grupo_de_P">J-P4-XX-XX-XX</SimpleData>
            <SimpleData name="Jornales">0.00000000000</SimpleData>
            <SimpleData name="Monto">0.00000000000</SimpleData>
            <SimpleData name="Estado_del">Activo</SimpleData>
            <SimpleData name="Empresa">Emilio Sol?s Grance</SimpleData>
            <SimpleData name="Lote">J</SimpleData>
            <SimpleData name="Fecha_de_M">-</SimpleData>
            <SimpleData name="F__de_pren">-</SimpleData>
            <SimpleData name="Cocina_Efi">No</SimpleData>
            <SimpleData name="Estado_FAO">Monitorear</SimpleData>
            <SimpleData name="Etapa_de_i">Mantenimiento A?o 1.1</SimpleData>
            <SimpleData name="Fecha_visi">2026/07/21</SimpleData>
            <SimpleData name="Etapa_impl">Mantenimiento A?o 1.1</SimpleData>
            <SimpleData name="Cumple_sup">Si</SimpleData>
            <SimpleData name="Estado_mon">-</SimpleData>
            <SimpleData name="Situaci_12">-</SimpleData>
            <SimpleData name="Observaci">-</SimpleData>
            <SimpleData name="Dias_trans">12</SimpleData>
            <SimpleData name="Prioridad">ALTA</SimpleData>
            <SimpleData name="OBJECTID_1">189</SimpleData>
          </SchemaData>
        </ExtendedData>
        <MultiGeometry>
          <Point>
            <coordinates>
              -56.7531516268129,-23.239869671109,0
            </coordinates>
          </Point>
          <Point>
            <coordinates>
              -56.7526544132757,-23.2392161135332,0
            </coordinates>
          </Point>
        </MultiGeometry>
      </Placemark>
      <Placemark id="Distrito_ARROYITO.22">
        <ExtendedData>
          <SchemaData schemaUrl="#Distrito_ARROYITO.schema">
            <SimpleData name="Cédula">6740203.00000000000</SimpleData>
            <SimpleData name="cedula">6740203</SimpleData>
            <SimpleData name="Cédula_1">6740203.00000000000</SimpleData>
            <SimpleData name="N_">193.00000000000</SimpleData>
            <SimpleData name="Nombres_y_">LUIS ARIEL ALMADA CESPEDES</SimpleData>
            <SimpleData name="Sexo">Hombre</SimpleData>
            <SimpleData name="Cambio_de_">NO</SimpleData>
            <SimpleData name="Titular_se">NO</SimpleData>
            <SimpleData name="Cédula_Ti">NO</SimpleData>
            <SimpleData name="Situación">NO</SimpleData>
            <SimpleData name="Comunidad">Campesina</SimpleData>
            <SimpleData name="Modelo">Modelo 5</SimpleData>
            <SimpleData name="Departamen">CONCEPCION</SimpleData>
            <SimpleData name="Distrito">ARROYITO</SimpleData>
            <SimpleData name="Localidad">NUCLEO 2</SimpleData>
            <SimpleData name="Teléfono">0971177402</SimpleData>
            <SimpleData name="Vivienda_L">-23.23436860000</SimpleData>
            <SimpleData name="Vivienda_1">-56.74717330000</SimpleData>
            <SimpleData name="Superficie">0.70000000000</SimpleData>
            <SimpleData name="Situaci_1">Par?metro</SimpleData>
            <SimpleData name="Plantado">SI</SimpleData>
            <SimpleData name="Parcela_La">-23.23354773000</SimpleData>
            <SimpleData name="Parcela_Lo">-56.74648018000</SimpleData>
            <SimpleData name="Grupo_Impl">G3</SimpleData>
            <SimpleData name="Grupo_de_P">J-P4-XX-XX-XX</SimpleData>
            <SimpleData name="Jornales">0.00000000000</SimpleData>
            <SimpleData name="Monto">0.00000000000</SimpleData>
            <SimpleData name="Estado_del">Activo</SimpleData>
            <SimpleData name="Empresa">Emilio Sol?s Grance</SimpleData>
            <SimpleData name="Lote">J</SimpleData>
            <SimpleData name="Fecha_de_M">-</SimpleData>
            <SimpleData name="F__de_pren">-</SimpleData>
            <SimpleData name="Cocina_Efi">No</SimpleData>
            <SimpleData name="Estado_FAO">Monitorear</SimpleData>
            <SimpleData name="Etapa_de_i">Mantenimiento A?o 1.1</SimpleData>
            <SimpleData name="Fecha_visi">2026/07/21</SimpleData>
            <SimpleData name="Etapa_impl">Mantenimiento A?o 1.1</SimpleData>
            <SimpleData name="Cumple_sup">Si</SimpleData>
            <SimpleData name="Estado_mon">-</SimpleData>
            <SimpleData name="Situaci_12">-</SimpleData>
            <SimpleData name="Observaci">-</SimpleData>
            <SimpleData name="Dias_trans">12</SimpleData>
            <SimpleData name="Prioridad">ALTA</SimpleData>
            <SimpleData name="OBJECTID_1">193</SimpleData>
          </SchemaData>
        </ExtendedData>
        <MultiGeometry>
          <Point>
            <coordinates>
              -56.7464801803378,-23.2335477332953,0
            </coordinates>
          </Point>
          <Point>
            <coordinates>
              -56.7259605158462,-23.2541505122354,0
            </coordinates>
          </Point>
        </MultiGeometry>
      </Placemark>
      <Placemark id="Distrito_ARROYITO.23">
        <ExtendedData>
          <SchemaData schemaUrl="#Distrito_ARROYITO.schema">
            <SimpleData name="Cédula">7389275.00000000000</SimpleData>
            <SimpleData name="cedula">7389275</SimpleData>
            <SimpleData name="Cédula_1">7389275.00000000000</SimpleData>
            <SimpleData name="N_">205.00000000000</SimpleData>
            <SimpleData name="Nombres_y_">RUSMARI ROMINA RAMIREZ ROMERO</SimpleData>
            <SimpleData name="Sexo">Mujer</SimpleData>
            <SimpleData name="Cambio_de_">SI</SimpleData>
            <SimpleData name="Titular_se">LUCIA ROMERO ESPINOLA</SimpleData>
            <SimpleData name="Cédula_Ti">4129893</SimpleData>
            <SimpleData name="Situación">Migracion de la comunidad</SimpleData>
            <SimpleData name="Comunidad">Campesina</SimpleData>
            <SimpleData name="Modelo">Modelo 5</SimpleData>
            <SimpleData name="Departamen">CONCEPCION</SimpleData>
            <SimpleData name="Distrito">ARROYITO</SimpleData>
            <SimpleData name="Localidad">NUCLEO 3</SimpleData>
            <SimpleData name="Teléfono">0971829301</SimpleData>
            <SimpleData name="Vivienda_L">-23.23559670000</SimpleData>
            <SimpleData name="Vivienda_1">-56.71153890000</SimpleData>
            <SimpleData name="Superficie">0.70000000000</SimpleData>
            <SimpleData name="Situaci_1">Par?metro</SimpleData>
            <SimpleData name="Plantado">SI</SimpleData>
            <SimpleData name="Parcela_La">-23.24339483000</SimpleData>
            <SimpleData name="Parcela_Lo">-56.70957859000</SimpleData>
            <SimpleData name="Grupo_Impl">G3</SimpleData>
            <SimpleData name="Grupo_de_P">J-P4-XX-XX-XX</SimpleData>
            <SimpleData name="Jornales">0.00000000000</SimpleData>
            <SimpleData name="Monto">0.00000000000</SimpleData>
            <SimpleData name="Estado_del">Activo</SimpleData>
            <SimpleData name="Empresa">Emilio Sol?s Grance</SimpleData>
            <SimpleData name="Lote">J</SimpleData>
            <SimpleData name="Fecha_de_M">-</SimpleData>
            <SimpleData name="F__de_pren">-</SimpleData>
            <SimpleData name="Cocina_Efi">No</SimpleData>
            <SimpleData name="Estado_FAO">Monitorear</SimpleData>
            <SimpleData name="Etapa_de_i">Mantenimiento A?o 1.1</SimpleData>
            <SimpleData name="Fecha_visi">2026/07/18</SimpleData>
            <SimpleData name="Etapa_impl">Mantenimiento A?o 1.1</SimpleData>
            <SimpleData name="Cumple_sup">Si</SimpleData>
            <SimpleData name="Estado_mon">-</SimpleData>
            <SimpleData name="Situaci_12">-</SimpleData>
            <SimpleData name="Observaci">-</SimpleData>
            <SimpleData name="Dias_trans">15</SimpleData>
            <SimpleData name="Prioridad">ALTA</SimpleData>
            <SimpleData name="OBJECTID_1">205</SimpleData>
          </SchemaData>
        </ExtendedData>
        <Point>
          <coordinates>
            -56.7095785938921,-23.2433948339017,0
          </coordinates>
        </Point>
      </Placemark>
      <Placemark id="Distrito_ARROYITO.24">
        <ExtendedData>
          <SchemaData schemaUrl="#Distrito_ARROYITO.schema">
            <SimpleData name="Cédula">3860015.00000000000</SimpleData>
            <SimpleData name="cedula">3860015</SimpleData>
            <SimpleData name="Cédula_1">3860015.00000000000</SimpleData>
            <SimpleData name="N_">224.00000000000</SimpleData>
            <SimpleData name="Nombres_y_">EDISSON VILLALBA DENIS</SimpleData>
            <SimpleData name="Sexo">Hombre</SimpleData>
            <SimpleData name="Cambio_de_">NO</SimpleData>
            <SimpleData name="Titular_se">NO</SimpleData>
            <SimpleData name="Cédula_Ti">NO</SimpleData>
            <SimpleData name="Situación">NO</SimpleData>
            <SimpleData name="Comunidad">Campesina</SimpleData>
            <SimpleData name="Modelo">Modelo 5</SimpleData>
            <SimpleData name="Departamen">CONCEPCION</SimpleData>
            <SimpleData name="Distrito">ARROYITO</SimpleData>
            <SimpleData name="Localidad">NUCLEO 6</SimpleData>
            <SimpleData name="Teléfono">0976504011</SimpleData>
            <SimpleData name="Vivienda_L">-23.29373300000</SimpleData>
            <SimpleData name="Vivienda_1">-56.70068710000</SimpleData>
            <SimpleData name="Superficie">0.70000000000</SimpleData>
            <SimpleData name="Situaci_1">Par?metro</SimpleData>
            <SimpleData name="Plantado">SI</SimpleData>
            <SimpleData name="Parcela_La">-23.29227677000</SimpleData>
            <SimpleData name="Parcela_Lo">-56.70560341000</SimpleData>
            <SimpleData name="Grupo_Impl">G3</SimpleData>
            <SimpleData name="Grupo_de_P">J-P4-XX-XX-XX</SimpleData>
            <SimpleData name="Jornales">0.00000000000</SimpleData>
            <SimpleData name="Monto">0.00000000000</SimpleData>
            <SimpleData name="Estado_del">Activo</SimpleData>
            <SimpleData name="Empresa">Emilio Sol?s Grance</SimpleData>
            <SimpleData name="Lote">J</SimpleData>
            <SimpleData name="Fecha_de_M">-</SimpleData>
            <SimpleData name="F__de_pren">-</SimpleData>
            <SimpleData name="Cocina_Efi">No</SimpleData>
            <SimpleData name="Estado_FAO">Monitorear</SimpleData>
            <SimpleData name="Etapa_de_i">Mantenimiento A?o 1.1</SimpleData>
            <SimpleData name="Fecha_visi">2026/07/15</SimpleData>
            <SimpleData name="Etapa_impl">Mantenimiento A?o 1.1</SimpleData>
            <SimpleData name="Cumple_sup">Si</SimpleData>
            <SimpleData name="Estado_mon">-</SimpleData>
            <SimpleData name="Situaci_12">-</SimpleData>
            <SimpleData name="Observaci">-</SimpleData>
            <SimpleData name="Dias_trans">18</SimpleData>
            <SimpleData name="Prioridad">ALTA</SimpleData>
            <SimpleData name="OBJECTID_1">224</SimpleData>
          </SchemaData>
        </ExtendedData>
        <MultiGeometry>
          <Point>
            <coordinates>
              -56.7056034052828,-23.2922767651471,0
            </coordinates>
          </Point>
          <Point>
            <coordinates>
              -56.7001765797534,-23.2935336910768,0
            </coordinates>
          </Point>
        </MultiGeometry>
      </Placemark>
      <Placemark id="Distrito_ARROYITO.25">
        <ExtendedData>
          <SchemaData schemaUrl="#Distrito_ARROYITO.schema">
            <SimpleData name="Cédula">6619197.00000000000</SimpleData>
            <SimpleData name="cedula">6619197</SimpleData>
            <SimpleData name="Cédula_1">6619197.00000000000</SimpleData>
            <SimpleData name="N_">201.00000000000</SimpleData>
            <SimpleData name="Nombres_y_">ROSA GABRIELA ROMERO</SimpleData>
            <SimpleData name="Sexo">Mujer</SimpleData>
            <SimpleData name="Cambio_de_">NO</SimpleData>
            <SimpleData name="Titular_se">NO</SimpleData>
            <SimpleData name="Cédula_Ti">NO</SimpleData>
            <SimpleData name="Situación">NO</SimpleData>
            <SimpleData name="Comunidad">Campesina</SimpleData>
            <SimpleData name="Modelo">Modelo 5</SimpleData>
            <SimpleData name="Departamen">CONCEPCION</SimpleData>
            <SimpleData name="Distrito">ARROYITO</SimpleData>
            <SimpleData name="Localidad">NUCLEO 3</SimpleData>
            <SimpleData name="Teléfono">0981677469</SimpleData>
            <SimpleData name="Vivienda_L">-23.23580310000</SimpleData>
            <SimpleData name="Vivienda_1">-56.71156780000</SimpleData>
            <SimpleData name="Superficie">0.70000000000</SimpleData>
            <SimpleData name="Situaci_1">Par?metro</SimpleData>
            <SimpleData name="Plantado">SI</SimpleData>
            <SimpleData name="Parcela_La">-23.23653531000</SimpleData>
            <SimpleData name="Parcela_Lo">-56.71084735000</SimpleData>
            <SimpleData name="Grupo_Impl">G3</SimpleData>
            <SimpleData name="Grupo_de_P">J-P3-XX-XX-XX</SimpleData>
            <SimpleData name="Jornales">0.00000000000</SimpleData>
            <SimpleData name="Monto">0.00000000000</SimpleData>
            <SimpleData name="Estado_del">Activo</SimpleData>
            <SimpleData name="Empresa">Emilio Sol?s Grance</SimpleData>
            <SimpleData name="Lote">J</SimpleData>
            <SimpleData name="Fecha_de_M">-</SimpleData>
            <SimpleData name="F__de_pren">-</SimpleData>
            <SimpleData name="Cocina_Efi">No</SimpleData>
            <SimpleData name="Estado_FAO">Monitorear</SimpleData>
            <SimpleData name="Etapa_de_i">Mantenimiento A?o 1.1</SimpleData>
            <SimpleData name="Fecha_visi">2026/07/17</SimpleData>
            <SimpleData name="Etapa_impl">Mantenimiento A?o 1.1</SimpleData>
            <SimpleData name="Cumple_sup">Si</SimpleData>
            <SimpleData name="Estado_mon">-</SimpleData>
            <SimpleData name="Situaci_12">-</SimpleData>
            <SimpleData name="Observaci">-</SimpleData>
            <SimpleData name="Dias_trans">16</SimpleData>
            <SimpleData name="Prioridad">ALTA</SimpleData>
            <SimpleData name="OBJECTID_1">201</SimpleData>
          </SchemaData>
        </ExtendedData>
        <MultiGeometry>
          <Point>
            <coordinates>
              -56.7108473487861,-23.2365353078155,0
            </coordinates>
          </Point>
          <Point>
            <coordinates>
              -56.6748327071345,-23.2631786300672,0
            </coordinates>
          </Point>
        </MultiGeometry>
      </Placemark>
      <Placemark id="Distrito_ARROYITO.26">
        <ExtendedData>
          <SchemaData schemaUrl="#Distrito_ARROYITO.schema">
            <SimpleData name="Cédula">7001057.00000000000</SimpleData>
            <SimpleData name="cedula">7001057</SimpleData>
            <SimpleData name="Cédula_1">7001057.00000000000</SimpleData>
            <SimpleData name="N_">215.00000000000</SimpleData>
            <SimpleData name="Nombres_y_">ODULIA URBIETA ALFONZO</SimpleData>
            <SimpleData name="Sexo">Mujer</SimpleData>
            <SimpleData name="Cambio_de_">NO</SimpleData>
            <SimpleData name="Titular_se">NO</SimpleData>
            <SimpleData name="Cédula_Ti">NO</SimpleData>
            <SimpleData name="Situación">NO</SimpleData>
            <SimpleData name="Comunidad">Campesina</SimpleData>
            <SimpleData name="Modelo">Modelo 5</SimpleData>
            <SimpleData name="Departamen">CONCEPCION</SimpleData>
            <SimpleData name="Distrito">ARROYITO</SimpleData>
            <SimpleData name="Localidad">NUCLEO 4</SimpleData>
            <SimpleData name="Teléfono">0984339997</SimpleData>
            <SimpleData name="Vivienda_L">-23.25661920000</SimpleData>
            <SimpleData name="Vivienda_1">-56.68242490000</SimpleData>
            <SimpleData name="Superficie">0.70000000000</SimpleData>
            <SimpleData name="Situaci_1">Par?metro</SimpleData>
            <SimpleData name="Plantado">SI</SimpleData>
            <SimpleData name="Parcela_La">-23.27550522000</SimpleData>
            <SimpleData name="Parcela_Lo">-56.69286164000</SimpleData>
            <SimpleData name="Grupo_Impl">G3</SimpleData>
            <SimpleData name="Grupo_de_P">J-P4-XX-XX-XX</SimpleData>
            <SimpleData name="Jornales">0.00000000000</SimpleData>
            <SimpleData name="Monto">0.00000000000</SimpleData>
            <SimpleData name="Estado_del">Activo</SimpleData>
            <SimpleData name="Empresa">Emilio Sol?s Grance</SimpleData>
            <SimpleData name="Lote">J</SimpleData>
            <SimpleData name="Fecha_de_M">-</SimpleData>
            <SimpleData name="F__de_pren">-</SimpleData>
            <SimpleData name="Cocina_Efi">No</SimpleData>
            <SimpleData name="Estado_FAO">Monitorear</SimpleData>
            <SimpleData name="Etapa_de_i">Mantenimiento A?o 1.1</SimpleData>
            <SimpleData name="Fecha_visi">2026/07/17</SimpleData>
            <SimpleData name="Etapa_impl">Mantenimiento A?o 1.1</SimpleData>
            <SimpleData name="Cumple_sup">Si</SimpleData>
            <SimpleData name="Estado_mon">-</SimpleData>
            <SimpleData name="Situaci_12">-</SimpleData>
            <SimpleData name="Observaci">-</SimpleData>
            <SimpleData name="Dias_trans">16</SimpleData>
            <SimpleData name="Prioridad">ALTA</SimpleData>
            <SimpleData name="OBJECTID_1">215</SimpleData>
          </SchemaData>
        </ExtendedData>
        <Point>
          <coordinates>
            -56.6928616375275,-23.2755052199538,0
          </coordinates>
        </Point>
      </Placemark>
      <Placemark id="Distrito_ARROYITO.27">
        <ExtendedData>
          <SchemaData schemaUrl="#Distrito_ARROYITO.schema">
            <SimpleData name="Cédula">4285027.00000000000</SimpleData>
            <SimpleData name="cedula">4285027</SimpleData>
            <SimpleData name="Cédula_1">4285027.00000000000</SimpleData>
            <SimpleData name="N_">198.00000000000</SimpleData>
            <SimpleData name="Nombres_y_">VICENTE CARRERAS CENTURION</SimpleData>
            <SimpleData name="Sexo">Hombre</SimpleData>
            <SimpleData name="Cambio_de_">NO</SimpleData>
            <SimpleData name="Titular_se">NO</SimpleData>
            <SimpleData name="Cédula_Ti">NO</SimpleData>
            <SimpleData name="Situación">NO</SimpleData>
            <SimpleData name="Comunidad">Campesina</SimpleData>
            <SimpleData name="Modelo">Modelo 5</SimpleData>
            <SimpleData name="Departamen">CONCEPCION</SimpleData>
            <SimpleData name="Distrito">ARROYITO</SimpleData>
            <SimpleData name="Localidad">NUCLEO 3</SimpleData>
            <SimpleData name="Teléfono">0975297029</SimpleData>
            <SimpleData name="Vivienda_L">-23.22946400000</SimpleData>
            <SimpleData name="Vivienda_1">-56.68854780000</SimpleData>
            <SimpleData name="Superficie">0.70000000000</SimpleData>
            <SimpleData name="Situaci_1">Par?metro</SimpleData>
            <SimpleData name="Plantado">SI</SimpleData>
            <SimpleData name="Parcela_La">-23.22713076000</SimpleData>
            <SimpleData name="Parcela_Lo">-56.67948342000</SimpleData>
            <SimpleData name="Grupo_Impl">G3</SimpleData>
            <SimpleData name="Grupo_de_P">J-P4-XX-XX-XX</SimpleData>
            <SimpleData name="Jornales">0.00000000000</SimpleData>
            <SimpleData name="Monto">0.00000000000</SimpleData>
            <SimpleData name="Estado_del">Activo</SimpleData>
            <SimpleData name="Empresa">Emilio Sol?s Grance</SimpleData>
            <SimpleData name="Lote">J</SimpleData>
            <SimpleData name="Fecha_de_M">-</SimpleData>
            <SimpleData name="F__de_pren">-</SimpleData>
            <SimpleData name="Cocina_Efi">No</SimpleData>
            <SimpleData name="Estado_FAO">Monitorear</SimpleData>
            <SimpleData name="Etapa_de_i">Mantenimiento A?o 1.1</SimpleData>
            <SimpleData name="Fecha_visi">2026/07/13</SimpleData>
            <SimpleData name="Etapa_impl">Mantenimiento A?o 1.1</SimpleData>
            <SimpleData name="Cumple_sup">Si</SimpleData>
            <SimpleData name="Estado_mon">-</SimpleData>
            <SimpleData name="Situaci_12">-</SimpleData>
            <SimpleData name="Observaci">-</SimpleData>
            <SimpleData name="Dias_trans">20</SimpleData>
            <SimpleData name="Prioridad">ALTA</SimpleData>
            <SimpleData name="OBJECTID_1">198</SimpleData>
          </SchemaData>
        </ExtendedData>
        <Point>
          <coordinates>
            -56.6794834169473,-23.2271307561196,0
          </coordinates>
        </Point>
      </Placemark>
      <Placemark id="Distrito_ARROYITO.28">
        <ExtendedData>
          <SchemaData schemaUrl="#Distrito_ARROYITO.schema">
            <SimpleData name="Cédula">6764063.00000000000</SimpleData>
            <SimpleData name="cedula">6764063</SimpleData>
            <SimpleData name="Cédula_1">6764063.00000000000</SimpleData>
            <SimpleData name="N_">213.00000000000</SimpleData>
            <SimpleData name="Nombres_y_">MARIELA DIANA OCAMPO</SimpleData>
            <SimpleData name="Sexo">Mujer</SimpleData>
            <SimpleData name="Cambio_de_">NO</SimpleData>
            <SimpleData name="Titular_se">NO</SimpleData>
            <SimpleData name="Cédula_Ti">NO</SimpleData>
            <SimpleData name="Situación">NO</SimpleData>
            <SimpleData name="Comunidad">Campesina</SimpleData>
            <SimpleData name="Modelo">Modelo 5</SimpleData>
            <SimpleData name="Departamen">CONCEPCION</SimpleData>
            <SimpleData name="Distrito">ARROYITO</SimpleData>
            <SimpleData name="Localidad">NUCLEO 1</SimpleData>
            <SimpleData name="Teléfono">0973991832</SimpleData>
            <SimpleData name="Vivienda_L">-23.20726490000</SimpleData>
            <SimpleData name="Vivienda_1">-56.72479660000</SimpleData>
            <SimpleData name="Superficie">0.70000000000</SimpleData>
            <SimpleData name="Situaci_1">Par?metro</SimpleData>
            <SimpleData name="Plantado">SI</SimpleData>
            <SimpleData name="Parcela_La">-23.20648176000</SimpleData>
            <SimpleData name="Parcela_Lo">-56.72447400000</SimpleData>
            <SimpleData name="Grupo_Impl">G3</SimpleData>
            <SimpleData name="Grupo_de_P">J-P4-XX-XX-XX</SimpleData>
            <SimpleData name="Jornales">0.00000000000</SimpleData>
            <SimpleData name="Monto">0.00000000000</SimpleData>
            <SimpleData name="Estado_del">Activo</SimpleData>
            <SimpleData name="Empresa">Emilio Sol?s Grance</SimpleData>
            <SimpleData name="Lote">J</SimpleData>
            <SimpleData name="Fecha_de_M">-</SimpleData>
            <SimpleData name="F__de_pren">-</SimpleData>
            <SimpleData name="Cocina_Efi">No</SimpleData>
            <SimpleData name="Estado_FAO">Monitorear</SimpleData>
            <SimpleData name="Etapa_de_i">Mantenimiento A?o 1.1</SimpleData>
            <SimpleData name="Fecha_visi">2026/07/28</SimpleData>
            <SimpleData name="Etapa_impl">Mantenimiento A?o 1.1</SimpleData>
            <SimpleData name="Cumple_sup">Si</SimpleData>
            <SimpleData name="Estado_mon">-</SimpleData>
            <SimpleData name="Situaci_12">-</SimpleData>
            <SimpleData name="Observaci">-</SimpleData>
            <SimpleData name="Dias_trans">5</SimpleData>
            <SimpleData name="Prioridad">ALTA</SimpleData>
            <SimpleData name="OBJECTID_1">213</SimpleData>
          </SchemaData>
        </ExtendedData>
        <Point>
          <coordinates>
            -56.7244740010548,-23.2064817642049,0
          </coordinates>
        </Point>
      </Placemark>
      <Placemark id="Distrito_ARROYITO.29">
        <ExtendedData>
          <SchemaData schemaUrl="#Distrito_ARROYITO.schema">
            <SimpleData name="Cédula">4966887.00000000000</SimpleData>
            <SimpleData name="cedula">4966887</SimpleData>
            <SimpleData name="Cédula_1">4966887.00000000000</SimpleData>
            <SimpleData name="N_">216.00000000000</SimpleData>
            <SimpleData name="Nombres_y_">OLGA RAQUEL FLEITAS ROJAS</SimpleData>
            <SimpleData name="Sexo">Mujer</SimpleData>
            <SimpleData name="Cambio_de_">NO</SimpleData>
            <SimpleData name="Titular_se">NO</SimpleData>
            <SimpleData name="Cédula_Ti">NO</SimpleData>
            <SimpleData name="Situación">NO</SimpleData>
            <SimpleData name="Comunidad">Campesina</SimpleData>
            <SimpleData name="Modelo">Modelo 5</SimpleData>
            <SimpleData name="Departamen">CONCEPCION</SimpleData>
            <SimpleData name="Distrito">ARROYITO</SimpleData>
            <SimpleData name="Localidad">NUCLEO 5</SimpleData>
            <SimpleData name="Teléfono">0973704339</SimpleData>
            <SimpleData name="Vivienda_L">-23.24426330000</SimpleData>
            <SimpleData name="Vivienda_1">-56.70330630000</SimpleData>
            <SimpleData name="Superficie">0.70000000000</SimpleData>
            <SimpleData name="Situaci_1">Par?metro</SimpleData>
            <SimpleData name="Plantado">SI</SimpleData>
            <SimpleData name="Parcela_La">-23.24457025000</SimpleData>
            <SimpleData name="Parcela_Lo">-56.70332795000</SimpleData>
            <SimpleData name="Grupo_Impl">G3</SimpleData>
            <SimpleData name="Grupo_de_P">J-P4-XX-XX-XX</SimpleData>
            <SimpleData name="Jornales">0.00000000000</SimpleData>
            <SimpleData name="Monto">0.00000000000</SimpleData>
            <SimpleData name="Estado_del">Activo</SimpleData>
            <SimpleData name="Empresa">Emilio Sol?s Grance</SimpleData>
            <SimpleData name="Lote">J</SimpleData>
            <SimpleData name="Fecha_de_M">-</SimpleData>
            <SimpleData name="F__de_pren">-</SimpleData>
            <SimpleData name="Cocina_Efi">No</SimpleData>
            <SimpleData name="Estado_FAO">Monitorear</SimpleData>
            <SimpleData name="Etapa_de_i">Mantenimiento A?o 1.1</SimpleData>
            <SimpleData name="Fecha_visi">2026/07/13</SimpleData>
            <SimpleData name="Etapa_impl">Mantenimiento A?o 1.1</SimpleData>
            <SimpleData name="Cumple_sup">Si</SimpleData>
            <SimpleData name="Estado_mon">-</SimpleData>
            <SimpleData name="Situaci_12">-</SimpleData>
            <SimpleData name="Observaci">-</SimpleData>
            <SimpleData name="Dias_trans">20</SimpleData>
            <SimpleData name="Prioridad">ALTA</SimpleData>
            <SimpleData name="OBJECTID_1">216</SimpleData>
          </SchemaData>
        </ExtendedData>
        <MultiGeometry>
          <Point>
            <coordinates>
              -56.7057719856552,-23.238221539885,0
            </coordinates>
          </Point>
          <Point>
            <coordinates>
              -56.7033279473257,-23.2445702522766,0
            </coordinates>
          </Point>
        </MultiGeometry>
      </Placemark>
      <Placemark id="Distrito_ARROYITO.30">
        <ExtendedData>
          <SchemaData schemaUrl="#Distrito_ARROYITO.schema">
            <SimpleData name="Cédula">6747497.00000000000</SimpleData>
            <SimpleData name="cedula">6747497</SimpleData>
            <SimpleData name="Cédula_1">6747497.00000000000</SimpleData>
            <SimpleData name="N_">211.00000000000</SimpleData>
            <SimpleData name="Nombres_y_">FATIMA ELIZABETH SANCHEZ GONZALEZ</SimpleData>
            <SimpleData name="Sexo">Mujer</SimpleData>
            <SimpleData name="Cambio_de_">NO</SimpleData>
            <SimpleData name="Titular_se">NO</SimpleData>
            <SimpleData name="Cédula_Ti">NO</SimpleData>
            <SimpleData name="Situación">NO</SimpleData>
            <SimpleData name="Comunidad">Campesina</SimpleData>
            <SimpleData name="Modelo">Modelo 5</SimpleData>
            <SimpleData name="Departamen">CONCEPCION</SimpleData>
            <SimpleData name="Distrito">ARROYITO</SimpleData>
            <SimpleData name="Localidad">NUCLEO 3</SimpleData>
            <SimpleData name="Teléfono">0972948232</SimpleData>
            <SimpleData name="Vivienda_L">-23.22637500000</SimpleData>
            <SimpleData name="Vivienda_1">-56.69405720000</SimpleData>
            <SimpleData name="Superficie">0.70000000000</SimpleData>
            <SimpleData name="Situaci_1">Par?metro</SimpleData>
            <SimpleData name="Plantado">SI</SimpleData>
            <SimpleData name="Parcela_La">-23.22325624000</SimpleData>
            <SimpleData name="Parcela_Lo">-56.69059930000</SimpleData>
            <SimpleData name="Grupo_Impl">G3</SimpleData>
            <SimpleData name="Grupo_de_P">J-P4-XX-XX-XX</SimpleData>
            <SimpleData name="Jornales">0.00000000000</SimpleData>
            <SimpleData name="Monto">0.00000000000</SimpleData>
            <SimpleData name="Estado_del">Activo</SimpleData>
            <SimpleData name="Empresa">Emilio Sol?s Grance</SimpleData>
            <SimpleData name="Lote">J</SimpleData>
            <SimpleData name="Fecha_de_M">-</SimpleData>
            <SimpleData name="F__de_pren">-</SimpleData>
            <SimpleData name="Cocina_Efi">No</SimpleData>
            <SimpleData name="Estado_FAO">Monitorear</SimpleData>
            <SimpleData name="Etapa_de_i">Mantenimiento A?o 1.1</SimpleData>
            <SimpleData name="Fecha_visi">2026/07/15</SimpleData>
            <SimpleData name="Etapa_impl">Mantenimiento A?o 1.1</SimpleData>
            <SimpleData name="Cumple_sup">Si</SimpleData>
            <SimpleData name="Estado_mon">-</SimpleData>
            <SimpleData name="Situaci_12">-</SimpleData>
            <SimpleData name="Observaci">-</SimpleData>
            <SimpleData name="Dias_trans">18</SimpleData>
            <SimpleData name="Prioridad">ALTA</SimpleData>
            <SimpleData name="OBJECTID_1">211</SimpleData>
          </SchemaData>
        </ExtendedData>
        <Point>
          <coordinates>
            -56.6905992987513,-23.2232562394766,0
          </coordinates>
        </Point>
      </Placemark>
      <Placemark id="Distrito_ARROYITO.31">
        <ExtendedData>
          <SchemaData schemaUrl="#Distrito_ARROYITO.schema">
            <SimpleData name="Cédula">4601355.00000000000</SimpleData>
            <SimpleData name="cedula">4601355</SimpleData>
            <SimpleData name="Cédula_1">4601355.00000000000</SimpleData>
            <SimpleData name="N_">202.00000000000</SimpleData>
            <SimpleData name="Nombres_y_">ESTELVINA PRIETO DUARTE</SimpleData>
            <SimpleData name="Sexo">Mujer</SimpleData>
            <SimpleData name="Cambio_de_">NO</SimpleData>
            <SimpleData name="Titular_se">NO</SimpleData>
            <SimpleData name="Cédula_Ti">NO</SimpleData>
            <SimpleData name="Situación">NO</SimpleData>
            <SimpleData name="Comunidad">Campesina</SimpleData>
            <SimpleData name="Modelo">Modelo 5</SimpleData>
            <SimpleData name="Departamen">CONCEPCION</SimpleData>
            <SimpleData name="Distrito">ARROYITO</SimpleData>
            <SimpleData name="Localidad">NUCLEO 3</SimpleData>
            <SimpleData name="Teléfono">0972667337</SimpleData>
            <SimpleData name="Vivienda_L">-23.22063840000</SimpleData>
            <SimpleData name="Vivienda_1">-56.69715410000</SimpleData>
            <SimpleData name="Superficie">0.70000000000</SimpleData>
            <SimpleData name="Situaci_1">Par?metro</SimpleData>
            <SimpleData name="Plantado">SI</SimpleData>
            <SimpleData name="Parcela_La">-23.21985391000</SimpleData>
            <SimpleData name="Parcela_Lo">-56.69787536000</SimpleData>
            <SimpleData name="Grupo_Impl">G3</SimpleData>
            <SimpleData name="Grupo_de_P">J-P3-XX-XX-XX</SimpleData>
            <SimpleData name="Jornales">0.00000000000</SimpleData>
            <SimpleData name="Monto">0.00000000000</SimpleData>
            <SimpleData name="Estado_del">Activo</SimpleData>
            <SimpleData name="Empresa">Emilio Sol?s Grance</SimpleData>
            <SimpleData name="Lote">J</SimpleData>
            <SimpleData name="Fecha_de_M">-</SimpleData>
            <SimpleData name="F__de_pren">-</SimpleData>
            <SimpleData name="Cocina_Efi">No</SimpleData>
            <SimpleData name="Estado_FAO">Monitorear</SimpleData>
            <SimpleData name="Etapa_de_i">Mantenimiento A?o 1.1</SimpleData>
            <SimpleData name="Fecha_visi">2026/07/15</SimpleData>
            <SimpleData name="Etapa_impl">Mantenimiento A?o 1.1</SimpleData>
            <SimpleData name="Cumple_sup">Si</SimpleData>
            <SimpleData name="Estado_mon">-</SimpleData>
            <SimpleData name="Situaci_12">-</SimpleData>
            <SimpleData name="Observaci">-</SimpleData>
            <SimpleData name="Dias_trans">18</SimpleData>
            <SimpleData name="Prioridad">ALTA</SimpleData>
            <SimpleData name="OBJECTID_1">202</SimpleData>
          </SchemaData>
        </ExtendedData>
        <Point>
          <coordinates>
            -56.6978753600938,-23.2198539136001,0
          </coordinates>
        </Point>
      </Placemark>
      <Placemark id="Distrito_ARROYITO.32">
        <ExtendedData>
          <SchemaData schemaUrl="#Distrito_ARROYITO.schema">
            <SimpleData name="Cédula">6729649.00000000000</SimpleData>
            <SimpleData name="cedula">6729649</SimpleData>
            <SimpleData name="Cédula_1">6729649.00000000000</SimpleData>
            <SimpleData name="N_">191.00000000000</SimpleData>
            <SimpleData name="Nombres_y_">DAISY NOEMI SANCHEZ GOMEZ</SimpleData>
            <SimpleData name="Sexo">Mujer</SimpleData>
            <SimpleData name="Cambio_de_">NO</SimpleData>
            <SimpleData name="Titular_se">NO</SimpleData>
            <SimpleData name="Cédula_Ti">NO</SimpleData>
            <SimpleData name="Situación">NO</SimpleData>
            <SimpleData name="Comunidad">Campesina</SimpleData>
            <SimpleData name="Modelo">Modelo 5</SimpleData>
            <SimpleData name="Departamen">CONCEPCION</SimpleData>
            <SimpleData name="Distrito">ARROYITO</SimpleData>
            <SimpleData name="Localidad">NUCLEO 2</SimpleData>
            <SimpleData name="Teléfono">0974140252</SimpleData>
            <SimpleData name="Vivienda_L">-23.24143600000</SimpleData>
            <SimpleData name="Vivienda_1">-56.73882550000</SimpleData>
            <SimpleData name="Superficie">0.70000000000</SimpleData>
            <SimpleData name="Situaci_1">Par?metro</SimpleData>
            <SimpleData name="Plantado">SI</SimpleData>
            <SimpleData name="Parcela_La">-23.23716103000</SimpleData>
            <SimpleData name="Parcela_Lo">-56.73646336000</SimpleData>
            <SimpleData name="Grupo_Impl">G3</SimpleData>
            <SimpleData name="Grupo_de_P">J-P4-XX-XX-XX</SimpleData>
            <SimpleData name="Jornales">0.00000000000</SimpleData>
            <SimpleData name="Monto">0.00000000000</SimpleData>
            <SimpleData name="Estado_del">Activo</SimpleData>
            <SimpleData name="Empresa">Emilio Sol?s Grance</SimpleData>
            <SimpleData name="Lote">J</SimpleData>
            <SimpleData name="Fecha_de_M">-</SimpleData>
            <SimpleData name="F__de_pren">-</SimpleData>
            <SimpleData name="Cocina_Efi">No</SimpleData>
            <SimpleData name="Estado_FAO">Monitorear</SimpleData>
            <SimpleData name="Etapa_de_i">Mantenimiento A?o 1.1</SimpleData>
            <SimpleData name="Fecha_visi">2026/07/14</SimpleData>
            <SimpleData name="Etapa_impl">Mantenimiento A?o 1.1</SimpleData>
            <SimpleData name="Cumple_sup">Si</SimpleData>
            <SimpleData name="Estado_mon">-</SimpleData>
            <SimpleData name="Situaci_12">-</SimpleData>
            <SimpleData name="Observaci">-</SimpleData>
            <SimpleData name="Dias_trans">19</SimpleData>
            <SimpleData name="Prioridad">ALTA</SimpleData>
            <SimpleData name="OBJECTID_1">191</SimpleData>
          </SchemaData>
        </ExtendedData>
        <Point>
          <coordinates>
            -56.7364633626359,-23.2371610288709,0
          </coordinates>
        </Point>
      </Placemark>
      <Placemark id="Distrito_ARROYITO.33">
        <ExtendedData>
          <SchemaData schemaUrl="#Distrito_ARROYITO.schema">
            <SimpleData name="Cédula">6794951.00000000000</SimpleData>
            <SimpleData name="cedula">6794951</SimpleData>
            <SimpleData name="Cédula_1">6794951.00000000000</SimpleData>
            <SimpleData name="N_">225.00000000000</SimpleData>
            <SimpleData name="Nombres_y_">ANTONIA CUBAS MAZACOTE</SimpleData>
            <SimpleData name="Sexo">Mujer</SimpleData>
            <SimpleData name="Cambio_de_">NO</SimpleData>
            <SimpleData name="Titular_se">NO</SimpleData>
            <SimpleData name="Cédula_Ti">NO</SimpleData>
            <SimpleData name="Situación">NO</SimpleData>
            <SimpleData name="Comunidad">Campesina</SimpleData>
            <SimpleData name="Modelo">Modelo 5</SimpleData>
            <SimpleData name="Departamen">CONCEPCION</SimpleData>
            <SimpleData name="Distrito">ARROYITO</SimpleData>
            <SimpleData name="Localidad">NUCLEO 6</SimpleData>
            <SimpleData name="Teléfono">0976980047</SimpleData>
            <SimpleData name="Vivienda_L">-23.29584060000</SimpleData>
            <SimpleData name="Vivienda_1">-56.70985270000</SimpleData>
            <SimpleData name="Superficie">0.70000000000</SimpleData>
            <SimpleData name="Situaci_1">Par?metro</SimpleData>
            <SimpleData name="Plantado">SI</SimpleData>
            <SimpleData name="Parcela_La">-23.29458225000</SimpleData>
            <SimpleData name="Parcela_Lo">-56.71204982000</SimpleData>
            <SimpleData name="Grupo_Impl">G3</SimpleData>
            <SimpleData name="Grupo_de_P">J-P4-XX-XX-XX</SimpleData>
            <SimpleData name="Jornales">0.00000000000</SimpleData>
            <SimpleData name="Monto">0.00000000000</SimpleData>
            <SimpleData name="Estado_del">Activo</SimpleData>
            <SimpleData name="Empresa">Emilio Sol?s Grance</SimpleData>
            <SimpleData name="Lote">J</SimpleData>
            <SimpleData name="Fecha_de_M">-</SimpleData>
            <SimpleData name="F__de_pren">-</SimpleData>
            <SimpleData name="Cocina_Efi">No</SimpleData>
            <SimpleData name="Estado_FAO">Monitorear</SimpleData>
            <SimpleData name="Etapa_de_i">Mantenimiento A?o 1.1</SimpleData>
            <SimpleData name="Fecha_visi">2026/07/15</SimpleData>
            <SimpleData name="Etapa_impl">Mantenimiento A?o 1.1</SimpleData>
            <SimpleData name="Cumple_sup">Si</SimpleData>
            <SimpleData name="Estado_mon">-</SimpleData>
            <SimpleData name="Situaci_12">-</SimpleData>
            <SimpleData name="Observaci">-</SimpleData>
            <SimpleData name="Dias_trans">18</SimpleData>
            <SimpleData name="Prioridad">ALTA</SimpleData>
            <SimpleData name="OBJECTID_1">225</SimpleData>
          </SchemaData>
        </ExtendedData>
        <Point>
          <coordinates>
            -56.7120498221645,-23.2945822532127,0
          </coordinates>
        </Point>
      </Placemark>
      <Placemark id="Distrito_ARROYITO.34">
        <ExtendedData>
          <SchemaData schemaUrl="#Distrito_ARROYITO.schema">
            <SimpleData name="Cédula">6684202.00000000000</SimpleData>
            <SimpleData name="cedula">6684202</SimpleData>
            <SimpleData name="Cédula_1">6684202.00000000000</SimpleData>
            <SimpleData name="N_">207.00000000000</SimpleData>
            <SimpleData name="Nombres_y_">PATRICIA CORONEL MELGAREJO</SimpleData>
            <SimpleData name="Sexo">Mujer</SimpleData>
            <SimpleData name="Cambio_de_">NO</SimpleData>
            <SimpleData name="Titular_se">NO</SimpleData>
            <SimpleData name="Cédula_Ti">NO</SimpleData>
            <SimpleData name="Situación">NO</SimpleData>
            <SimpleData name="Comunidad">Campesina</SimpleData>
            <SimpleData name="Modelo">Modelo 5</SimpleData>
            <SimpleData name="Departamen">CONCEPCION</SimpleData>
            <SimpleData name="Distrito">ARROYITO</SimpleData>
            <SimpleData name="Localidad">NUCLEO 3</SimpleData>
            <SimpleData name="Teléfono">0975392658</SimpleData>
            <SimpleData name="Vivienda_L">-23.23927560000</SimpleData>
            <SimpleData name="Vivienda_1">-56.70771200000</SimpleData>
            <SimpleData name="Superficie">0.70000000000</SimpleData>
            <SimpleData name="Situaci_1">Par?metro</SimpleData>
            <SimpleData name="Plantado">SI</SimpleData>
            <SimpleData name="Parcela_La">-23.24209838000</SimpleData>
            <SimpleData name="Parcela_Lo">-56.71008191000</SimpleData>
            <SimpleData name="Grupo_Impl">G3</SimpleData>
            <SimpleData name="Grupo_de_P">J-P3-XX-XX-XX</SimpleData>
            <SimpleData name="Jornales">0.00000000000</SimpleData>
            <SimpleData name="Monto">0.00000000000</SimpleData>
            <SimpleData name="Estado_del">Activo</SimpleData>
            <SimpleData name="Empresa">Emilio Sol?s Grance</SimpleData>
            <SimpleData name="Lote">J</SimpleData>
            <SimpleData name="Fecha_de_M">-</SimpleData>
            <SimpleData name="F__de_pren">-</SimpleData>
            <SimpleData name="Cocina_Efi">No</SimpleData>
            <SimpleData name="Estado_FAO">Monitorear</SimpleData>
            <SimpleData name="Etapa_de_i">Mantenimiento A?o 1.1</SimpleData>
            <SimpleData name="Fecha_visi">2026/07/17</SimpleData>
            <SimpleData name="Etapa_impl">Mantenimiento A?o 1.1</SimpleData>
            <SimpleData name="Cumple_sup">Si</SimpleData>
            <SimpleData name="Estado_mon">-</SimpleData>
            <SimpleData name="Situaci_12">-</SimpleData>
            <SimpleData name="Observaci">-</SimpleData>
            <SimpleData name="Dias_trans">16</SimpleData>
            <SimpleData name="Prioridad">ALTA</SimpleData>
            <SimpleData name="OBJECTID_1">207</SimpleData>
          </SchemaData>
        </ExtendedData>
        <Point>
          <coordinates>
            -56.7100819074128,-23.2420983831113,0
          </coordinates>
        </Point>
      </Placemark>
      <Placemark id="Distrito_ARROYITO.35">
        <ExtendedData>
          <SchemaData schemaUrl="#Distrito_ARROYITO.schema">
            <SimpleData name="Cédula">6004058.00000000000</SimpleData>
            <SimpleData name="cedula">6004058</SimpleData>
            <SimpleData name="Cédula_1">6004058.00000000000</SimpleData>
            <SimpleData name="N_">210.00000000000</SimpleData>
            <SimpleData name="Nombres_y_">OLGA ESTER MONTIEL MARTINEZ</SimpleData>
            <SimpleData name="Sexo">Mujer</SimpleData>
            <SimpleData name="Cambio_de_">NO</SimpleData>
            <SimpleData name="Titular_se">NO</SimpleData>
            <SimpleData name="Cédula_Ti">NO</SimpleData>
            <SimpleData name="Situación">NO</SimpleData>
            <SimpleData name="Comunidad">Campesina</SimpleData>
            <SimpleData name="Modelo">Modelo 5</SimpleData>
            <SimpleData name="Departamen">CONCEPCION</SimpleData>
            <SimpleData name="Distrito">ARROYITO</SimpleData>
            <SimpleData name="Localidad">NUCLEO 3</SimpleData>
            <SimpleData name="Teléfono">0971824913</SimpleData>
            <SimpleData name="Vivienda_L">-23.23106560000</SimpleData>
            <SimpleData name="Vivienda_1">-56.69872990000</SimpleData>
            <SimpleData name="Superficie">0.70000000000</SimpleData>
            <SimpleData name="Situaci_1">Par?metro</SimpleData>
            <SimpleData name="Plantado">SI</SimpleData>
            <SimpleData name="Parcela_La">-23.25375906000</SimpleData>
            <SimpleData name="Parcela_Lo">-56.70155992000</SimpleData>
            <SimpleData name="Grupo_Impl">G3</SimpleData>
            <SimpleData name="Grupo_de_P">J-P4-XX-XX-XX</SimpleData>
            <SimpleData name="Jornales">0.00000000000</SimpleData>
            <SimpleData name="Monto">0.00000000000</SimpleData>
            <SimpleData name="Estado_del">Activo</SimpleData>
            <SimpleData name="Empresa">Emilio Sol?s Grance</SimpleData>
            <SimpleData name="Lote">J</SimpleData>
            <SimpleData name="Fecha_de_M">-</SimpleData>
            <SimpleData name="F__de_pren">-</SimpleData>
            <SimpleData name="Cocina_Efi">No</SimpleData>
            <SimpleData name="Estado_FAO">Monitorear</SimpleData>
            <SimpleData name="Etapa_de_i">Mantenimiento A?o 1.1</SimpleData>
            <SimpleData name="Fecha_visi">2026/07/29</SimpleData>
            <SimpleData name="Etapa_impl">Mantenimiento A?o 1.1</SimpleData>
            <SimpleData name="Cumple_sup">Si</SimpleData>
            <SimpleData name="Estado_mon">-</SimpleData>
            <SimpleData name="Situaci_12">-</SimpleData>
            <SimpleData name="Observaci">-</SimpleData>
            <SimpleData name="Dias_trans">4</SimpleData>
            <SimpleData name="Prioridad">ALTA</SimpleData>
            <SimpleData name="OBJECTID_1">210</SimpleData>
          </SchemaData>
        </ExtendedData>
        <Point>
          <coordinates>
            -56.7015599239912,-23.2537590556444,0
          </coordinates>
        </Point>
      </Placemark>
      <Placemark id="Distrito_ARROYITO.36">
        <ExtendedData>
          <SchemaData schemaUrl="#Distrito_ARROYITO.schema">
            <SimpleData name="Cédula">7750497.00000000000</SimpleData>
            <SimpleData name="cedula">7750497</SimpleData>
            <SimpleData name="Cédula_1">7750497.00000000000</SimpleData>
            <SimpleData name="N_">200.00000000000</SimpleData>
            <SimpleData name="Nombres_y_">SANDRA ESTELA LIME?O MARTINEZ</SimpleData>
            <SimpleData name="Sexo">Mujer</SimpleData>
            <SimpleData name="Cambio_de_">NO</SimpleData>
            <SimpleData name="Titular_se">NO</SimpleData>
            <SimpleData name="Cédula_Ti">NO</SimpleData>
            <SimpleData name="Situación">NO</SimpleData>
            <SimpleData name="Comunidad">Campesina</SimpleData>
            <SimpleData name="Modelo">Modelo 5</SimpleData>
            <SimpleData name="Departamen">CONCEPCION</SimpleData>
            <SimpleData name="Distrito">ARROYITO</SimpleData>
            <SimpleData name="Localidad">NUCLEO 3</SimpleData>
            <SimpleData name="Teléfono">0976252413</SimpleData>
            <SimpleData name="Vivienda_L">-23.22335230000</SimpleData>
            <SimpleData name="Vivienda_1">-56.69145970000</SimpleData>
            <SimpleData name="Superficie">0.70000000000</SimpleData>
            <SimpleData name="Situaci_1">Par?metro</SimpleData>
            <SimpleData name="Plantado">SI</SimpleData>
            <SimpleData name="Parcela_La">-23.22266547000</SimpleData>
            <SimpleData name="Parcela_Lo">-56.69201585000</SimpleData>
            <SimpleData name="Grupo_Impl">G3</SimpleData>
            <SimpleData name="Grupo_de_P">J-P3-XX-XX-XX</SimpleData>
            <SimpleData name="Jornales">0.00000000000</SimpleData>
            <SimpleData name="Monto">0.00000000000</SimpleData>
            <SimpleData name="Estado_del">Activo</SimpleData>
            <SimpleData name="Empresa">Emilio Sol?s Grance</SimpleData>
            <SimpleData name="Lote">J</SimpleData>
            <SimpleData name="Fecha_de_M">-</SimpleData>
            <SimpleData name="F__de_pren">-</SimpleData>
            <SimpleData name="Cocina_Efi">No</SimpleData>
            <SimpleData name="Estado_FAO">Monitorear</SimpleData>
            <SimpleData name="Etapa_de_i">Mantenimiento A?o 1.1</SimpleData>
            <SimpleData name="Fecha_visi">2026/07/15</SimpleData>
            <SimpleData name="Etapa_impl">Mantenimiento A?o 1.1</SimpleData>
            <SimpleData name="Cumple_sup">Si</SimpleData>
            <SimpleData name="Estado_mon">-</SimpleData>
            <SimpleData name="Situaci_12">-</SimpleData>
            <SimpleData name="Observaci">-</SimpleData>
            <SimpleData name="Dias_trans">18</SimpleData>
            <SimpleData name="Prioridad">ALTA</SimpleData>
            <SimpleData name="OBJECTID_1">200</SimpleData>
          </SchemaData>
        </ExtendedData>
        <Point>
          <coordinates>
            -56.6920158537898,-23.2226654718206,0
          </coordinates>
        </Point>
      </Placemark>
      <Placemark id="Distrito_ARROYITO.37">
        <ExtendedData>
          <SchemaData schemaUrl="#Distrito_ARROYITO.schema">
            <SimpleData name="Cédula">6649512.00000000000</SimpleData>
            <SimpleData name="cedula">6649512</SimpleData>
            <SimpleData name="Cédula_1">6649512.00000000000</SimpleData>
            <SimpleData name="N_">220.00000000000</SimpleData>
            <SimpleData name="Nombres_y_">ZUNY ALICIA CORONEL AREVALOS</SimpleData>
            <SimpleData name="Sexo">Mujer</SimpleData>
            <SimpleData name="Cambio_de_">NO</SimpleData>
            <SimpleData name="Titular_se">NO</SimpleData>
            <SimpleData name="Cédula_Ti">NO</SimpleData>
            <SimpleData name="Situación">NO</SimpleData>
            <SimpleData name="Comunidad">Campesina</SimpleData>
            <SimpleData name="Modelo">Modelo 5</SimpleData>
            <SimpleData name="Departamen">CONCEPCION</SimpleData>
            <SimpleData name="Distrito">ARROYITO</SimpleData>
            <SimpleData name="Localidad">NUCLEO 6</SimpleData>
            <SimpleData name="Teléfono">0972615103</SimpleData>
            <SimpleData name="Vivienda_L">-23.29753760000</SimpleData>
            <SimpleData name="Vivienda_1">-56.70993870000</SimpleData>
            <SimpleData name="Superficie">0.70000000000</SimpleData>
            <SimpleData name="Situaci_1">Par?metro</SimpleData>
            <SimpleData name="Plantado">SI</SimpleData>
            <SimpleData name="Parcela_La">-23.28625763000</SimpleData>
            <SimpleData name="Parcela_Lo">-56.70584002000</SimpleData>
            <SimpleData name="Grupo_Impl">G3</SimpleData>
            <SimpleData name="Grupo_de_P">J-P4-XX-XX-XX</SimpleData>
            <SimpleData name="Jornales">0.00000000000</SimpleData>
            <SimpleData name="Monto">0.00000000000</SimpleData>
            <SimpleData name="Estado_del">Activo</SimpleData>
            <SimpleData name="Empresa">Emilio Sol?s Grance</SimpleData>
            <SimpleData name="Lote">J</SimpleData>
            <SimpleData name="Fecha_de_M">-</SimpleData>
            <SimpleData name="F__de_pren">-</SimpleData>
            <SimpleData name="Cocina_Efi">No</SimpleData>
            <SimpleData name="Estado_FAO">Monitorear</SimpleData>
            <SimpleData name="Etapa_de_i">Mantenimiento A?o 1.1</SimpleData>
            <SimpleData name="Fecha_visi">2026/07/15</SimpleData>
            <SimpleData name="Etapa_impl">Mantenimiento A?o 1.1</SimpleData>
            <SimpleData name="Cumple_sup">Si</SimpleData>
            <SimpleData name="Estado_mon">-</SimpleData>
            <SimpleData name="Situaci_12">-</SimpleData>
            <SimpleData name="Observaci">-</SimpleData>
            <SimpleData name="Dias_trans">18</SimpleData>
            <SimpleData name="Prioridad">ALTA</SimpleData>
            <SimpleData name="OBJECTID_1">220</SimpleData>
          </SchemaData>
        </ExtendedData>
        <MultiGeometry>
          <Point>
            <coordinates>
              -56.7058400205201,-23.2862576263908,0
            </coordinates>
          </Point>
          <Point>
            <coordinates>
              -56.700406458068,-23.2819760600481,0
            </coordinates>
          </Point>
        </MultiGeometry>
      </Placemark>
      <Placemark id="Distrito_ARROYITO.38">
        <ExtendedData>
          <SchemaData schemaUrl="#Distrito_ARROYITO.schema">
            <SimpleData name="Cédula">4605158.00000000000</SimpleData>
            <SimpleData name="cedula">4605158</SimpleData>
            <SimpleData name="Cédula_1">4605158.00000000000</SimpleData>
            <SimpleData name="N_">190.00000000000</SimpleData>
            <SimpleData name="Nombres_y_">GLORIA ISABEL CARMONA VILLALBA</SimpleData>
            <SimpleData name="Sexo">Mujer</SimpleData>
            <SimpleData name="Cambio_de_">NO</SimpleData>
            <SimpleData name="Titular_se">NO</SimpleData>
            <SimpleData name="Cédula_Ti">NO</SimpleData>
            <SimpleData name="Situación">NO</SimpleData>
            <SimpleData name="Comunidad">Campesina</SimpleData>
            <SimpleData name="Modelo">Modelo 2</SimpleData>
            <SimpleData name="Departamen">CONCEPCION</SimpleData>
            <SimpleData name="Distrito">ARROYITO</SimpleData>
            <SimpleData name="Localidad">NUCLEO 2</SimpleData>
            <SimpleData name="Teléfono">0976841193</SimpleData>
            <SimpleData name="Vivienda_L">-23.23738330000</SimpleData>
            <SimpleData name="Vivienda_1">-56.75343430000</SimpleData>
            <SimpleData name="Superficie">0.80000000000</SimpleData>
            <SimpleData name="Situaci_1">Par?metro</SimpleData>
            <SimpleData name="Plantado">SI</SimpleData>
            <SimpleData name="Parcela_La">-23.23083616000</SimpleData>
            <SimpleData name="Parcela_Lo">-56.74203828000</SimpleData>
            <SimpleData name="Grupo_Impl">G3</SimpleData>
            <SimpleData name="Grupo_de_P">J-P4-XX-XX-XX</SimpleData>
            <SimpleData name="Jornales">0.00000000000</SimpleData>
            <SimpleData name="Monto">0.00000000000</SimpleData>
            <SimpleData name="Estado_del">Activo</SimpleData>
            <SimpleData name="Empresa">Emilio Sol?s Grance</SimpleData>
            <SimpleData name="Lote">J</SimpleData>
            <SimpleData name="Fecha_de_M">-</SimpleData>
            <SimpleData name="F__de_pren">-</SimpleData>
            <SimpleData name="Cocina_Efi">No</SimpleData>
            <SimpleData name="Estado_FAO">Monitorear</SimpleData>
            <SimpleData name="Etapa_de_i">Mantenimiento A?o 1.1</SimpleData>
            <SimpleData name="Fecha_visi">2026/07/21</SimpleData>
            <SimpleData name="Etapa_impl">Mantenimiento A?o 1.1</SimpleData>
            <SimpleData name="Cumple_sup">Si</SimpleData>
            <SimpleData name="Estado_mon">-</SimpleData>
            <SimpleData name="Situaci_12">-</SimpleData>
            <SimpleData name="Observaci">-</SimpleData>
            <SimpleData name="Dias_trans">12</SimpleData>
            <SimpleData name="Prioridad">ALTA</SimpleData>
            <SimpleData name="OBJECTID_1">190</SimpleData>
          </SchemaData>
        </ExtendedData>
        <MultiGeometry>
          <Point>
            <coordinates>
              -56.7539247710143,-23.2378176378411,0
            </coordinates>
          </Point>
          <Point>
            <coordinates>
              -56.7420382800658,-23.230836160347,0
            </coordinates>
          </Point>
        </MultiGeometry>
      </Placemark>
    </Document>
  </Document>
</kml>
