<?xml version="1.0" encoding="UTF-8"?>
<kml xmlns="http://www.opengis.net/kml/2.2">
  <Document id="root_doc">
    <Schema id="Distrito_VILLA_YGATIM__.schema">
      <SimpleField name="CÈdula" type="double"/>
      <SimpleField name="Nombres_y_" type="string"/>
      <SimpleField name="Sexo" type="string"/>
      <SimpleField name="Cambio_de_" type="string"/>
      <SimpleField name="Titular_se" type="string"/>
      <SimpleField name="CÈdula_Ti" type="string"/>
      <SimpleField name="ci_UNIF" type="double"/>
      <SimpleField name="SituaciÛn" type="string"/>
      <SimpleField name="Comunidad" type="string"/>
      <SimpleField name="Modelo_imp" type="string"/>
      <SimpleField name="Departamen" type="string"/>
      <SimpleField name="Distrito" type="string"/>
      <SimpleField name="Localidad" type="string"/>
      <SimpleField name="Localidad_" type="string"/>
      <SimpleField name="TelÈfono" type="string"/>
      <SimpleField name="Vivienda_L" type="double"/>
      <SimpleField name="Vivienda_1" type="double"/>
      <SimpleField name="Superficie" type="double"/>
      <SimpleField name="Fecha_Plan" type="string"/>
      <SimpleField name="Jornales" type="double"/>
      <SimpleField name="Monto" type="double"/>
      <SimpleField name="Grupo_de_p" type="string"/>
      <SimpleField name="ETAPA_FAO" type="string"/>
      <SimpleField name="Estado_del" type="string"/>
      <SimpleField name="Empresa" type="string"/>
      <SimpleField name="Lote" type="string"/>
      <SimpleField name="X" type="double"/>
      <SimpleField name="Y" type="double"/>
      <SimpleField name="Sup_SIG" type="double"/>
      <SimpleField name="cedula" type="string"/>
      <SimpleField name="Shape_Leng" type="double"/>
      <SimpleField name="Shape_Area" type="double"/>
    </Schema>
    <Document id="Distrito_VILLA_YGATIM__">
      <name>Distrito_VILLA YGATIM√ç</name>
      <Placemark id="Distrito_VILLA_YGATIM__.1">
        <ExtendedData>
          <SchemaData schemaUrl="#Distrito_VILLA_YGATIM__.schema">
            <SimpleData name="CÈdula">6780460.00000000000</SimpleData>
            <SimpleData name="Nombres_y_">ESTERVINA MBRIKUGI</SimpleData>
            <SimpleData name="Sexo">Mujer</SimpleData>
            <SimpleData name="Cambio_de_">NO</SimpleData>
            <SimpleData name="Titular_se">NO</SimpleData>
            <SimpleData name="CÈdula_Ti">NO</SimpleData>
            <SimpleData name="ci_UNIF">6780460.00000000000</SimpleData>
            <SimpleData name="SituaciÛn">NO</SimpleData>
            <SimpleData name="Comunidad">Ind?gena</SimpleData>
            <SimpleData name="Modelo_imp">Modelo 2</SimpleData>
            <SimpleData name="Departamen">CANINDEYU</SimpleData>
            <SimpleData name="Distrito">VILLA YGATIM?</SimpleData>
            <SimpleData name="Localidad">COM INDIG ARROYO BANDERA</SimpleData>
            <SimpleData name="Localidad_">ARROYO BANDERA</SimpleData>
            <SimpleData name="TelÈfono">0985571899</SimpleData>
            <SimpleData name="Vivienda_L">-24.10396740000</SimpleData>
            <SimpleData name="Vivienda_1">-55.54881460000</SimpleData>
            <SimpleData name="Superficie">0.80000000000</SimpleData>
            <SimpleData name="Fecha_Plan">2025/06/20</SimpleData>
            <SimpleData name="Jornales">0.00000000000</SimpleData>
            <SimpleData name="Monto">0.00000000000</SimpleData>
            <SimpleData name="Grupo_de_p">H-P2-XX-XX-XX</SimpleData>
            <SimpleData name="ETAPA_FAO">Mantenimiento A?o 1.1</SimpleData>
            <SimpleData name="Estado_del">Activo</SimpleData>
            <SimpleData name="Empresa">Hyh Consultores SRL</SimpleData>
            <SimpleData name="Lote">H</SimpleData>
            <SimpleData name="X">-55.54420550000</SimpleData>
            <SimpleData name="Y">-24.10573852000</SimpleData>
            <SimpleData name="Sup_SIG">0.89700926709</SimpleData>
            <SimpleData name="cedula">6780460</SimpleData>
            <SimpleData name="Shape_Leng">532.52470912200</SimpleData>
            <SimpleData name="Shape_Area">8970.09267089000</SimpleData>
          </SchemaData>
        </ExtendedData>
        <Point>
          <coordinates>
            -55.5442054958449,-24.1057385238356,0
          </coordinates>
        </Point>
      </Placemark>
      <Placemark id="Distrito_VILLA_YGATIM__.2">
        <ExtendedData>
          <SchemaData schemaUrl="#Distrito_VILLA_YGATIM__.schema">
            <SimpleData name="CÈdula">4971407.00000000000</SimpleData>
            <SimpleData name="Nombres_y_">SERGIO LUIS FRANCO VELAZQUEZ</SimpleData>
            <SimpleData name="Sexo">Hombre</SimpleData>
            <SimpleData name="Cambio_de_">NO</SimpleData>
            <SimpleData name="Titular_se">NO</SimpleData>
            <SimpleData name="CÈdula_Ti">NO</SimpleData>
            <SimpleData name="ci_UNIF">4971407.00000000000</SimpleData>
            <SimpleData name="SituaciÛn">NO</SimpleData>
            <SimpleData name="Comunidad">Ind?gena</SimpleData>
            <SimpleData name="Modelo_imp">Modelo 4</SimpleData>
            <SimpleData name="Departamen">CANINDEYU</SimpleData>
            <SimpleData name="Distrito">VILLA YGATIM?</SimpleData>
            <SimpleData name="Localidad">COM INDIG CHUPA POU</SimpleData>
            <SimpleData name="Localidad_">CHUPA POU</SimpleData>
            <SimpleData name="TelÈfono">0986552981</SimpleData>
            <SimpleData name="Vivienda_L">-24.20870110000</SimpleData>
            <SimpleData name="Vivienda_1">-55.67754440000</SimpleData>
            <SimpleData name="Superficie">0.70000000000</SimpleData>
            <SimpleData name="Fecha_Plan">2025/07/06</SimpleData>
            <SimpleData name="Jornales">4.00000000000</SimpleData>
            <SimpleData name="Monto">446008.00000000000</SimpleData>
            <SimpleData name="Grupo_de_p">H-P2-P10P10-XX-XX</SimpleData>
            <SimpleData name="ETAPA_FAO">Mantenimiento A?o 1.2</SimpleData>
            <SimpleData name="Estado_del">Activo</SimpleData>
            <SimpleData name="Empresa">Hyh Consultores SRL</SimpleData>
            <SimpleData name="Lote">H</SimpleData>
            <SimpleData name="X">-55.70975611000</SimpleData>
            <SimpleData name="Y">-24.22372967000</SimpleData>
            <SimpleData name="Sup_SIG">0.70554507232</SimpleData>
            <SimpleData name="cedula">4971407</SimpleData>
            <SimpleData name="Shape_Leng">341.41570507800</SimpleData>
            <SimpleData name="Shape_Area">7055.45072324000</SimpleData>
          </SchemaData>
        </ExtendedData>
        <Point>
          <coordinates>
            -55.7097561097682,-24.2237296685356,0
          </coordinates>
        </Point>
      </Placemark>
      <Placemark id="Distrito_VILLA_YGATIM__.3">
        <ExtendedData>
          <SchemaData schemaUrl="#Distrito_VILLA_YGATIM__.schema">
            <SimpleData name="CÈdula">8052985.00000000000</SimpleData>
            <SimpleData name="Nombres_y_">NELLIDA FAGI CHEVUGI FAGI</SimpleData>
            <SimpleData name="Sexo">Hombre</SimpleData>
            <SimpleData name="Cambio_de_">NO</SimpleData>
            <SimpleData name="Titular_se">NO</SimpleData>
            <SimpleData name="CÈdula_Ti">NO</SimpleData>
            <SimpleData name="ci_UNIF">8052985.00000000000</SimpleData>
            <SimpleData name="SituaciÛn">NO</SimpleData>
            <SimpleData name="Comunidad">Ind?gena</SimpleData>
            <SimpleData name="Modelo_imp">Modelo 4</SimpleData>
            <SimpleData name="Departamen">CANINDEYU</SimpleData>
            <SimpleData name="Distrito">VILLA YGATIM?</SimpleData>
            <SimpleData name="Localidad">COM INDIG CHUPA POU</SimpleData>
            <SimpleData name="Localidad_">CHUPA POU</SimpleData>
            <SimpleData name="TelÈfono">No tiene</SimpleData>
            <SimpleData name="Vivienda_L">-24.21177650000</SimpleData>
            <SimpleData name="Vivienda_1">-55.67122220000</SimpleData>
            <SimpleData name="Superficie">0.70000000000</SimpleData>
            <SimpleData name="Fecha_Plan">2025/07/11</SimpleData>
            <SimpleData name="Jornales">4.00000000000</SimpleData>
            <SimpleData name="Monto">446008.00000000000</SimpleData>
            <SimpleData name="Grupo_de_p">H-P2-P10P10-XX-XX</SimpleData>
            <SimpleData name="ETAPA_FAO">Mantenimiento A?o 1.2</SimpleData>
            <SimpleData name="Estado_del">Activo</SimpleData>
            <SimpleData name="Empresa">Hyh Consultores SRL</SimpleData>
            <SimpleData name="Lote">H</SimpleData>
            <SimpleData name="X">-55.70754129000</SimpleData>
            <SimpleData name="Y">-24.22271205000</SimpleData>
            <SimpleData name="Sup_SIG">0.74574411031</SimpleData>
            <SimpleData name="cedula">8052985</SimpleData>
            <SimpleData name="Shape_Leng">345.62487875800</SimpleData>
            <SimpleData name="Shape_Area">7457.44110309000</SimpleData>
          </SchemaData>
        </ExtendedData>
        <Point>
          <coordinates>
            -55.7075412892454,-24.2227120496752,0
          </coordinates>
        </Point>
      </Placemark>
      <Placemark id="Distrito_VILLA_YGATIM__.4">
        <ExtendedData>
          <SchemaData schemaUrl="#Distrito_VILLA_YGATIM__.schema">
            <SimpleData name="CÈdula">4173683.00000000000</SimpleData>
            <SimpleData name="Nombres_y_">JUANA MBEPURANGI</SimpleData>
            <SimpleData name="Sexo">Mujer</SimpleData>
            <SimpleData name="Cambio_de_">NO</SimpleData>
            <SimpleData name="Titular_se">NO</SimpleData>
            <SimpleData name="CÈdula_Ti">NO</SimpleData>
            <SimpleData name="ci_UNIF">4173683.00000000000</SimpleData>
            <SimpleData name="SituaciÛn">NO</SimpleData>
            <SimpleData name="Comunidad">Ind?gena</SimpleData>
            <SimpleData name="Modelo_imp">Modelo 1</SimpleData>
            <SimpleData name="Departamen">CANINDEYU</SimpleData>
            <SimpleData name="Distrito">VILLA YGATIM?</SimpleData>
            <SimpleData name="Localidad">COM INDIG CHUPA POU</SimpleData>
            <SimpleData name="Localidad_">CHUPA POU</SimpleData>
            <SimpleData name="TelÈfono">0986557246</SimpleData>
            <SimpleData name="Vivienda_L">-24.20861310000</SimpleData>
            <SimpleData name="Vivienda_1">-55.67625360000</SimpleData>
            <SimpleData name="Superficie">0.80000000000</SimpleData>
            <SimpleData name="Fecha_Plan">2025/08/12</SimpleData>
            <SimpleData name="Jornales">4.00000000000</SimpleData>
            <SimpleData name="Monto">446008.00000000000</SimpleData>
            <SimpleData name="Grupo_de_p">H-P2-P10P10-XX-XX</SimpleData>
            <SimpleData name="ETAPA_FAO">Mantenimiento A?o 1.2</SimpleData>
            <SimpleData name="Estado_del">Activo</SimpleData>
            <SimpleData name="Empresa">Hyh Consultores SRL</SimpleData>
            <SimpleData name="Lote">H</SimpleData>
            <SimpleData name="X">-55.66635671000</SimpleData>
            <SimpleData name="Y">-24.19838915000</SimpleData>
            <SimpleData name="Sup_SIG">0.80922403464</SimpleData>
            <SimpleData name="cedula">4173683</SimpleData>
            <SimpleData name="Shape_Leng">484.57702182000</SimpleData>
            <SimpleData name="Shape_Area">8092.24034643000</SimpleData>
          </SchemaData>
        </ExtendedData>
        <Point>
          <coordinates>
            -55.6663567081687,-24.1983891501352,0
          </coordinates>
        </Point>
      </Placemark>
      <Placemark id="Distrito_VILLA_YGATIM__.5">
        <ExtendedData>
          <SchemaData schemaUrl="#Distrito_VILLA_YGATIM__.schema">
            <SimpleData name="CÈdula">1086285.00000000000</SimpleData>
            <SimpleData name="Nombres_y_">FRANCISCO VACHUGI</SimpleData>
            <SimpleData name="Sexo">Hombre</SimpleData>
            <SimpleData name="Cambio_de_">NO</SimpleData>
            <SimpleData name="Titular_se">NO</SimpleData>
            <SimpleData name="CÈdula_Ti">NO</SimpleData>
            <SimpleData name="ci_UNIF">1086285.00000000000</SimpleData>
            <SimpleData name="SituaciÛn">NO</SimpleData>
            <SimpleData name="Comunidad">Ind?gena</SimpleData>
            <SimpleData name="Modelo_imp">Modelo 1</SimpleData>
            <SimpleData name="Departamen">CANINDEYU</SimpleData>
            <SimpleData name="Distrito">VILLA YGATIM?</SimpleData>
            <SimpleData name="Localidad">COM INDIG CHUPA POU</SimpleData>
            <SimpleData name="Localidad_">CHUPA POU</SimpleData>
            <SimpleData name="TelÈfono">No tiene</SimpleData>
            <SimpleData name="Vivienda_L">-24.20884170000</SimpleData>
            <SimpleData name="Vivienda_1">-55.68023330000</SimpleData>
            <SimpleData name="Superficie">0.80000000000</SimpleData>
            <SimpleData name="Fecha_Plan">2025/08/11</SimpleData>
            <SimpleData name="Jornales">4.00000000000</SimpleData>
            <SimpleData name="Monto">446008.00000000000</SimpleData>
            <SimpleData name="Grupo_de_p">H-P2-P10P10-XX-XX</SimpleData>
            <SimpleData name="ETAPA_FAO">Mantenimiento A?o 1.2</SimpleData>
            <SimpleData name="Estado_del">Activo</SimpleData>
            <SimpleData name="Empresa">Hyh Consultores SRL</SimpleData>
            <SimpleData name="Lote">H</SimpleData>
            <SimpleData name="X">-55.68038406000</SimpleData>
            <SimpleData name="Y">-24.20719887000</SimpleData>
            <SimpleData name="Sup_SIG">0.85494979956</SimpleData>
            <SimpleData name="cedula">1086285</SimpleData>
            <SimpleData name="Shape_Leng">403.31197763800</SimpleData>
            <SimpleData name="Shape_Area">8549.49799560000</SimpleData>
          </SchemaData>
        </ExtendedData>
        <Point>
          <coordinates>
            -55.6803840552959,-24.2071988747022,0
          </coordinates>
        </Point>
      </Placemark>
      <Placemark id="Distrito_VILLA_YGATIM__.6">
        <ExtendedData>
          <SchemaData schemaUrl="#Distrito_VILLA_YGATIM__.schema">
            <SimpleData name="CÈdula">4173716.00000000000</SimpleData>
            <SimpleData name="Nombres_y_">ESTHER JAMONGI</SimpleData>
            <SimpleData name="Sexo">Mujer</SimpleData>
            <SimpleData name="Cambio_de_">NO</SimpleData>
            <SimpleData name="Titular_se">NO</SimpleData>
            <SimpleData name="CÈdula_Ti">NO</SimpleData>
            <SimpleData name="ci_UNIF">4173716.00000000000</SimpleData>
            <SimpleData name="SituaciÛn">NO</SimpleData>
            <SimpleData name="Comunidad">Ind?gena</SimpleData>
            <SimpleData name="Modelo_imp">Modelo 1</SimpleData>
            <SimpleData name="Departamen">CANINDEYU</SimpleData>
            <SimpleData name="Distrito">VILLA YGATIM?</SimpleData>
            <SimpleData name="Localidad">COM INDIG CHUPA POU</SimpleData>
            <SimpleData name="Localidad_">CHUPA POU</SimpleData>
            <SimpleData name="TelÈfono">0983552877</SimpleData>
            <SimpleData name="Vivienda_L">-24.20866170000</SimpleData>
            <SimpleData name="Vivienda_1">-55.67846670000</SimpleData>
            <SimpleData name="Superficie">0.80000000000</SimpleData>
            <SimpleData name="Fecha_Plan">2025/08/21</SimpleData>
            <SimpleData name="Jornales">4.00000000000</SimpleData>
            <SimpleData name="Monto">446008.00000000000</SimpleData>
            <SimpleData name="Grupo_de_p">H-P3-P10P10-XX-XX</SimpleData>
            <SimpleData name="ETAPA_FAO">Mantenimiento A?o 1.2</SimpleData>
            <SimpleData name="Estado_del">Activo</SimpleData>
            <SimpleData name="Empresa">Hyh Consultores SRL</SimpleData>
            <SimpleData name="Lote">H</SimpleData>
            <SimpleData name="X">-55.67892728000</SimpleData>
            <SimpleData name="Y">-24.20750682000</SimpleData>
            <SimpleData name="Sup_SIG">0.91440713459</SimpleData>
            <SimpleData name="cedula">4173716</SimpleData>
            <SimpleData name="Shape_Leng">383.72862405800</SimpleData>
            <SimpleData name="Shape_Area">9144.07134587000</SimpleData>
          </SchemaData>
        </ExtendedData>
        <Point>
          <coordinates>
            -55.6789272825771,-24.2075068228208,0
          </coordinates>
        </Point>
      </Placemark>
      <Placemark id="Distrito_VILLA_YGATIM__.7">
        <ExtendedData>
          <SchemaData schemaUrl="#Distrito_VILLA_YGATIM__.schema">
            <SimpleData name="CÈdula">5797984.00000000000</SimpleData>
            <SimpleData name="Nombres_y_">MAGDALENA VERA PEREIRA</SimpleData>
            <SimpleData name="Sexo">Mujer</SimpleData>
            <SimpleData name="Cambio_de_">NO</SimpleData>
            <SimpleData name="Titular_se">NO</SimpleData>
            <SimpleData name="CÈdula_Ti">NO</SimpleData>
            <SimpleData name="ci_UNIF">5797984.00000000000</SimpleData>
            <SimpleData name="SituaciÛn">NO</SimpleData>
            <SimpleData name="Comunidad">Ind?gena</SimpleData>
            <SimpleData name="Modelo_imp">Modelo 2</SimpleData>
            <SimpleData name="Departamen">CANINDEYU</SimpleData>
            <SimpleData name="Distrito">VILLA YGATIM?</SimpleData>
            <SimpleData name="Localidad">COM INDIG TEKOHA KA AGUY PORA POTY</SimpleData>
            <SimpleData name="Localidad_">KA?AGUY POR? POTY</SimpleData>
            <SimpleData name="TelÈfono">0986940715</SimpleData>
            <SimpleData name="Vivienda_L">-24.23038830000</SimpleData>
            <SimpleData name="Vivienda_1">-55.63568060000</SimpleData>
            <SimpleData name="Superficie">0.80000000000</SimpleData>
            <SimpleData name="Fecha_Plan">2025/08/22</SimpleData>
            <SimpleData name="Jornales">0.00000000000</SimpleData>
            <SimpleData name="Monto">0.00000000000</SimpleData>
            <SimpleData name="Grupo_de_p">H-P3-XX-XX-XX</SimpleData>
            <SimpleData name="ETAPA_FAO">Mantenimiento A?o 1.1</SimpleData>
            <SimpleData name="Estado_del">Activo</SimpleData>
            <SimpleData name="Empresa">Hyh Consultores SRL</SimpleData>
            <SimpleData name="Lote">H</SimpleData>
            <SimpleData name="X">-55.63235894000</SimpleData>
            <SimpleData name="Y">-24.23598390000</SimpleData>
            <SimpleData name="Sup_SIG">0.83195236588</SimpleData>
            <SimpleData name="cedula">5797984</SimpleData>
            <SimpleData name="Shape_Leng">399.68322376200</SimpleData>
            <SimpleData name="Shape_Area">8319.52365880000</SimpleData>
          </SchemaData>
        </ExtendedData>
        <Point>
          <coordinates>
            -55.6323589397717,-24.2359839049232,0
          </coordinates>
        </Point>
      </Placemark>
      <Placemark id="Distrito_VILLA_YGATIM__.8">
        <ExtendedData>
          <SchemaData schemaUrl="#Distrito_VILLA_YGATIM__.schema">
            <SimpleData name="CÈdula">5795309.00000000000</SimpleData>
            <SimpleData name="Nombres_y_">VALIENTE  SAVAGI</SimpleData>
            <SimpleData name="Sexo">Hombre</SimpleData>
            <SimpleData name="Cambio_de_">NO</SimpleData>
            <SimpleData name="Titular_se">NO</SimpleData>
            <SimpleData name="CÈdula_Ti">NO</SimpleData>
            <SimpleData name="ci_UNIF">5795309.00000000000</SimpleData>
            <SimpleData name="SituaciÛn">NO</SimpleData>
            <SimpleData name="Comunidad">Ind?gena</SimpleData>
            <SimpleData name="Modelo_imp">Modelo 1</SimpleData>
            <SimpleData name="Departamen">CANINDEYU</SimpleData>
            <SimpleData name="Distrito">VILLA YGATIM?</SimpleData>
            <SimpleData name="Localidad">COM INDIG CHUPA POU</SimpleData>
            <SimpleData name="Localidad_">CHUPA POU</SimpleData>
            <SimpleData name="TelÈfono">985704163</SimpleData>
            <SimpleData name="Vivienda_L">-24.21429810000</SimpleData>
            <SimpleData name="Vivienda_1">-55.66654790000</SimpleData>
            <SimpleData name="Superficie">0.80000000000</SimpleData>
            <SimpleData name="Fecha_Plan">2025/11/19</SimpleData>
            <SimpleData name="Jornales">0.00000000000</SimpleData>
            <SimpleData name="Monto">0.00000000000</SimpleData>
            <SimpleData name="Grupo_de_p">H-P7-XX-XX-XX</SimpleData>
            <SimpleData name="ETAPA_FAO">Mantenimiento A?o 1.1</SimpleData>
            <SimpleData name="Estado_del">Activo</SimpleData>
            <SimpleData name="Empresa">Hyh Consultores SRL</SimpleData>
            <SimpleData name="Lote">H</SimpleData>
            <SimpleData name="X">-55.66544071000</SimpleData>
            <SimpleData name="Y">-24.21984738000</SimpleData>
            <SimpleData name="Sup_SIG">0.82518002549</SimpleData>
            <SimpleData name="cedula">5795309</SimpleData>
            <SimpleData name="Shape_Leng">384.81896981100</SimpleData>
            <SimpleData name="Shape_Area">8251.80025486000</SimpleData>
          </SchemaData>
        </ExtendedData>
        <Point>
          <coordinates>
            -55.6654407099269,-24.2198473789728,0
          </coordinates>
        </Point>
      </Placemark>
      <Placemark id="Distrito_VILLA_YGATIM__.9">
        <ExtendedData>
          <SchemaData schemaUrl="#Distrito_VILLA_YGATIM__.schema">
            <SimpleData name="CÈdula">7297215.00000000000</SimpleData>
            <SimpleData name="Nombres_y_">ROGELIA CARDOZO GARCIA</SimpleData>
            <SimpleData name="Sexo">Mujer</SimpleData>
            <SimpleData name="Cambio_de_">NO</SimpleData>
            <SimpleData name="Titular_se">NO</SimpleData>
            <SimpleData name="CÈdula_Ti">NO</SimpleData>
            <SimpleData name="ci_UNIF">7297215.00000000000</SimpleData>
            <SimpleData name="SituaciÛn">NO</SimpleData>
            <SimpleData name="Comunidad">Ind?gena</SimpleData>
            <SimpleData name="Modelo_imp">Modelo 4</SimpleData>
            <SimpleData name="Departamen">CANINDEYU</SimpleData>
            <SimpleData name="Distrito">VILLA YGATIM?</SimpleData>
            <SimpleData name="Localidad">COM INDIG CHUPA POU</SimpleData>
            <SimpleData name="Localidad_">CHUPA POU</SimpleData>
            <SimpleData name="TelÈfono">0986308660</SimpleData>
            <SimpleData name="Vivienda_L">-24.20859330000</SimpleData>
            <SimpleData name="Vivienda_1">-55.67502830000</SimpleData>
            <SimpleData name="Superficie">0.70000000000</SimpleData>
            <SimpleData name="Fecha_Plan">2025/07/06</SimpleData>
            <SimpleData name="Jornales">4.00000000000</SimpleData>
            <SimpleData name="Monto">446008.00000000000</SimpleData>
            <SimpleData name="Grupo_de_p">H-P2-P10P10-XX-XX</SimpleData>
            <SimpleData name="ETAPA_FAO">Mantenimiento A?o 1.2</SimpleData>
            <SimpleData name="Estado_del">Activo</SimpleData>
            <SimpleData name="Empresa">Hyh Consultores SRL</SimpleData>
            <SimpleData name="Lote">H</SimpleData>
            <SimpleData name="X">-55.71179647000</SimpleData>
            <SimpleData name="Y">-24.22006179000</SimpleData>
            <SimpleData name="Sup_SIG">0.74807219981</SimpleData>
            <SimpleData name="cedula">7297215</SimpleData>
            <SimpleData name="Shape_Leng">346.18053318700</SimpleData>
            <SimpleData name="Shape_Area">7480.72199814000</SimpleData>
          </SchemaData>
        </ExtendedData>
        <Point>
          <coordinates>
            -55.711796472596,-24.2200617878779,0
          </coordinates>
        </Point>
      </Placemark>
      <Placemark id="Distrito_VILLA_YGATIM__.10">
        <ExtendedData>
          <SchemaData schemaUrl="#Distrito_VILLA_YGATIM__.schema">
            <SimpleData name="CÈdula">5928245.00000000000</SimpleData>
            <SimpleData name="Nombres_y_">ALICIA CELENE CASTRO GONZALEZ</SimpleData>
            <SimpleData name="Sexo">Mujer</SimpleData>
            <SimpleData name="Cambio_de_">NO</SimpleData>
            <SimpleData name="Titular_se">NO</SimpleData>
            <SimpleData name="CÈdula_Ti">NO</SimpleData>
            <SimpleData name="ci_UNIF">5928245.00000000000</SimpleData>
            <SimpleData name="SituaciÛn">NO</SimpleData>
            <SimpleData name="Comunidad">Campesina</SimpleData>
            <SimpleData name="Modelo_imp">Modelo 5</SimpleData>
            <SimpleData name="Departamen">CANINDEYU</SimpleData>
            <SimpleData name="Distrito">VILLA YGATIM?</SimpleData>
            <SimpleData name="Localidad">RESIDENTAS</SimpleData>
            <SimpleData name="Localidad_">RESIDENTAS</SimpleData>
            <SimpleData name="TelÈfono">0975589840</SimpleData>
            <SimpleData name="Vivienda_L">-24.06135270000</SimpleData>
            <SimpleData name="Vivienda_1">-55.61195750000</SimpleData>
            <SimpleData name="Superficie">0.70000000000</SimpleData>
            <SimpleData name="Fecha_Plan">2025/09/04</SimpleData>
            <SimpleData name="Jornales">0.00000000000</SimpleData>
            <SimpleData name="Monto">0.00000000000</SimpleData>
            <SimpleData name="Grupo_de_p">H-P5-XX-XX-XX</SimpleData>
            <SimpleData name="ETAPA_FAO">Mantenimiento A?o 1.1</SimpleData>
            <SimpleData name="Estado_del">Activo</SimpleData>
            <SimpleData name="Empresa">Hyh Consultores SRL</SimpleData>
            <SimpleData name="Lote">H</SimpleData>
            <SimpleData name="X">-55.61346527000</SimpleData>
            <SimpleData name="Y">-24.05276794000</SimpleData>
            <SimpleData name="Sup_SIG">0.77710955311</SimpleData>
            <SimpleData name="cedula">5928245</SimpleData>
            <SimpleData name="Shape_Leng">406.39612734400</SimpleData>
            <SimpleData name="Shape_Area">7771.09553112000</SimpleData>
          </SchemaData>
        </ExtendedData>
        <Point>
          <coordinates>
            -55.613465271616,-24.052767943518,0
          </coordinates>
        </Point>
      </Placemark>
      <Placemark id="Distrito_VILLA_YGATIM__.11">
        <ExtendedData>
          <SchemaData schemaUrl="#Distrito_VILLA_YGATIM__.schema">
            <SimpleData name="CÈdula">4102066.00000000000</SimpleData>
            <SimpleData name="Nombres_y_">ANDRES VILLALBA</SimpleData>
            <SimpleData name="Sexo">Hombre</SimpleData>
            <SimpleData name="Cambio_de_">NO</SimpleData>
            <SimpleData name="Titular_se">NO</SimpleData>
            <SimpleData name="CÈdula_Ti">NO</SimpleData>
            <SimpleData name="ci_UNIF">4102066.00000000000</SimpleData>
            <SimpleData name="SituaciÛn">NO</SimpleData>
            <SimpleData name="Comunidad">Ind?gena</SimpleData>
            <SimpleData name="Modelo_imp">Modelo 5</SimpleData>
            <SimpleData name="Departamen">CANINDEYU</SimpleData>
            <SimpleData name="Distrito">VILLA YGATIM?</SimpleData>
            <SimpleData name="Localidad">COM INDIG MBOI JAGUA - CA?ADITA</SimpleData>
            <SimpleData name="Localidad_">MBOI JAGUA - BARRIO CA?ADITA</SimpleData>
            <SimpleData name="TelÈfono">No tiene</SimpleData>
            <SimpleData name="Vivienda_L">-24.11658370000</SimpleData>
            <SimpleData name="Vivienda_1">-55.56472790000</SimpleData>
            <SimpleData name="Superficie">0.70000000000</SimpleData>
            <SimpleData name="Fecha_Plan">2025/11/08</SimpleData>
            <SimpleData name="Jornales">4.00000000000</SimpleData>
            <SimpleData name="Monto">446008.00000000000</SimpleData>
            <SimpleData name="Grupo_de_p">H-P5-P10P10-XX-XX</SimpleData>
            <SimpleData name="ETAPA_FAO">Mantenimiento A?o 1.2</SimpleData>
            <SimpleData name="Estado_del">Activo</SimpleData>
            <SimpleData name="Empresa">Hyh Consultores SRL</SimpleData>
            <SimpleData name="Lote">H</SimpleData>
            <SimpleData name="X">-55.55606829000</SimpleData>
            <SimpleData name="Y">-24.12675266000</SimpleData>
            <SimpleData name="Sup_SIG">0.83051126646</SimpleData>
            <SimpleData name="cedula">4102066</SimpleData>
            <SimpleData name="Shape_Leng">375.28134686500</SimpleData>
            <SimpleData name="Shape_Area">8305.11266458000</SimpleData>
          </SchemaData>
        </ExtendedData>
        <Point>
          <coordinates>
            -55.5560682940711,-24.1267526615487,0
          </coordinates>
        </Point>
      </Placemark>
      <Placemark id="Distrito_VILLA_YGATIM__.12">
        <ExtendedData>
          <SchemaData schemaUrl="#Distrito_VILLA_YGATIM__.schema">
            <SimpleData name="CÈdula">3690684.00000000000</SimpleData>
            <SimpleData name="Nombres_y_">ALICIA PAIVAGI DE MBYVANGI</SimpleData>
            <SimpleData name="Sexo">Mujer</SimpleData>
            <SimpleData name="Cambio_de_">NO</SimpleData>
            <SimpleData name="Titular_se">NO</SimpleData>
            <SimpleData name="CÈdula_Ti">NO</SimpleData>
            <SimpleData name="ci_UNIF">3690684.00000000000</SimpleData>
            <SimpleData name="SituaciÛn">NO</SimpleData>
            <SimpleData name="Comunidad">Ind?gena</SimpleData>
            <SimpleData name="Modelo_imp">Modelo 1</SimpleData>
            <SimpleData name="Departamen">CANINDEYU</SimpleData>
            <SimpleData name="Distrito">VILLA YGATIM?</SimpleData>
            <SimpleData name="Localidad">COM INDIG CHUPA POU</SimpleData>
            <SimpleData name="Localidad_">CHUPA POU</SimpleData>
            <SimpleData name="TelÈfono">0986551007</SimpleData>
            <SimpleData name="Vivienda_L">-24.20807060000</SimpleData>
            <SimpleData name="Vivienda_1">-55.67436100000</SimpleData>
            <SimpleData name="Superficie">0.80000000000</SimpleData>
            <SimpleData name="Fecha_Plan">2025/07/31</SimpleData>
            <SimpleData name="Jornales">4.00000000000</SimpleData>
            <SimpleData name="Monto">446008.00000000000</SimpleData>
            <SimpleData name="Grupo_de_p">H-P2-P10P10-XX-XX</SimpleData>
            <SimpleData name="ETAPA_FAO">Mantenimiento A?o 1.2</SimpleData>
            <SimpleData name="Estado_del">Activo</SimpleData>
            <SimpleData name="Empresa">Hyh Consultores SRL</SimpleData>
            <SimpleData name="Lote">H</SimpleData>
            <SimpleData name="X">-55.67361586000</SimpleData>
            <SimpleData name="Y">-24.20734462000</SimpleData>
            <SimpleData name="Sup_SIG">0.83595195670</SimpleData>
            <SimpleData name="cedula">3690684</SimpleData>
            <SimpleData name="Shape_Leng">411.36603809500</SimpleData>
            <SimpleData name="Shape_Area">8359.51956701000</SimpleData>
          </SchemaData>
        </ExtendedData>
        <Point>
          <coordinates>
            -55.673615855916,-24.2073446209094,0
          </coordinates>
        </Point>
      </Placemark>
      <Placemark id="Distrito_VILLA_YGATIM__.13">
        <ExtendedData>
          <SchemaData schemaUrl="#Distrito_VILLA_YGATIM__.schema">
            <SimpleData name="CÈdula">5316151.00000000000</SimpleData>
            <SimpleData name="Nombres_y_">MARILDA VERA GONZALEZ</SimpleData>
            <SimpleData name="Sexo">Mujer</SimpleData>
            <SimpleData name="Cambio_de_">NO</SimpleData>
            <SimpleData name="Titular_se">NO</SimpleData>
            <SimpleData name="CÈdula_Ti">NO</SimpleData>
            <SimpleData name="ci_UNIF">5316151.00000000000</SimpleData>
            <SimpleData name="SituaciÛn">NO</SimpleData>
            <SimpleData name="Comunidad">Ind?gena</SimpleData>
            <SimpleData name="Modelo_imp">Modelo 2</SimpleData>
            <SimpleData name="Departamen">CANINDEYU</SimpleData>
            <SimpleData name="Distrito">VILLA YGATIM?</SimpleData>
            <SimpleData name="Localidad">COM INDIG MBOI JAGUA ? CENTRO</SimpleData>
            <SimpleData name="Localidad_">MBOI JAGUA - BARRIO CENTRO</SimpleData>
            <SimpleData name="TelÈfono">0983889958</SimpleData>
            <SimpleData name="Vivienda_L">-24.12175970000</SimpleData>
            <SimpleData name="Vivienda_1">-55.57926690000</SimpleData>
            <SimpleData name="Superficie">0.80000000000</SimpleData>
            <SimpleData name="Fecha_Plan">2025/07/23</SimpleData>
            <SimpleData name="Jornales">4.00000000000</SimpleData>
            <SimpleData name="Monto">446008.00000000000</SimpleData>
            <SimpleData name="Grupo_de_p">H-P2-P10P10-XX-XX</SimpleData>
            <SimpleData name="ETAPA_FAO">Mantenimiento A?o 1.2</SimpleData>
            <SimpleData name="Estado_del">Activo</SimpleData>
            <SimpleData name="Empresa">Hyh Consultores SRL</SimpleData>
            <SimpleData name="Lote">H</SimpleData>
            <SimpleData name="X">-55.57980461000</SimpleData>
            <SimpleData name="Y">-24.12295510000</SimpleData>
            <SimpleData name="Sup_SIG">0.84801405542</SimpleData>
            <SimpleData name="cedula">5316151</SimpleData>
            <SimpleData name="Shape_Leng">372.11156425700</SimpleData>
            <SimpleData name="Shape_Area">8480.14055419000</SimpleData>
          </SchemaData>
        </ExtendedData>
        <Point>
          <coordinates>
            -55.579804611523,-24.1229550977879,0
          </coordinates>
        </Point>
      </Placemark>
      <Placemark id="Distrito_VILLA_YGATIM__.14">
        <ExtendedData>
          <SchemaData schemaUrl="#Distrito_VILLA_YGATIM__.schema">
            <SimpleData name="CÈdula">7176681.00000000000</SimpleData>
            <SimpleData name="Nombres_y_">MONICA TATUGI CHIMBEGI KAJAGI</SimpleData>
            <SimpleData name="Sexo">Mujer</SimpleData>
            <SimpleData name="Cambio_de_">NO</SimpleData>
            <SimpleData name="Titular_se">NO</SimpleData>
            <SimpleData name="CÈdula_Ti">NO</SimpleData>
            <SimpleData name="ci_UNIF">7176681.00000000000</SimpleData>
            <SimpleData name="SituaciÛn">NO</SimpleData>
            <SimpleData name="Comunidad">Ind?gena</SimpleData>
            <SimpleData name="Modelo_imp">Modelo 5</SimpleData>
            <SimpleData name="Departamen">CANINDEYU</SimpleData>
            <SimpleData name="Distrito">VILLA YGATIM?</SimpleData>
            <SimpleData name="Localidad">COM INDIG CHUPA POU</SimpleData>
            <SimpleData name="Localidad_">CHUPA POU</SimpleData>
            <SimpleData name="TelÈfono">0984796587</SimpleData>
            <SimpleData name="Vivienda_L">-24.21594840000</SimpleData>
            <SimpleData name="Vivienda_1">-55.66542950000</SimpleData>
            <SimpleData name="Superficie">0.70000000000</SimpleData>
            <SimpleData name="Fecha_Plan">2025/07/30</SimpleData>
            <SimpleData name="Jornales">0.00000000000</SimpleData>
            <SimpleData name="Monto">0.00000000000</SimpleData>
            <SimpleData name="Grupo_de_p">H-P2-XX-XX-XX</SimpleData>
            <SimpleData name="ETAPA_FAO">Mantenimiento A?o 1.1</SimpleData>
            <SimpleData name="Estado_del">Activo</SimpleData>
            <SimpleData name="Empresa">Hyh Consultores SRL</SimpleData>
            <SimpleData name="Lote">H</SimpleData>
            <SimpleData name="X">-55.66503762000</SimpleData>
            <SimpleData name="Y">-24.21567700000</SimpleData>
            <SimpleData name="Sup_SIG">0.78632214517</SimpleData>
            <SimpleData name="cedula">7176681</SimpleData>
            <SimpleData name="Shape_Leng">404.79128813200</SimpleData>
            <SimpleData name="Shape_Area">7863.22145169000</SimpleData>
          </SchemaData>
        </ExtendedData>
        <Point>
          <coordinates>
            -55.6650376224769,-24.2156769989289,0
          </coordinates>
        </Point>
      </Placemark>
      <Placemark id="Distrito_VILLA_YGATIM__.15">
        <ExtendedData>
          <SchemaData schemaUrl="#Distrito_VILLA_YGATIM__.schema">
            <SimpleData name="CÈdula">6349351.00000000000</SimpleData>
            <SimpleData name="Nombres_y_">MARIANELA AIRAGI ACHIPURANGI FUA AGI</SimpleData>
            <SimpleData name="Sexo">Mujer</SimpleData>
            <SimpleData name="Cambio_de_">NO</SimpleData>
            <SimpleData name="Titular_se">NO</SimpleData>
            <SimpleData name="CÈdula_Ti">NO</SimpleData>
            <SimpleData name="ci_UNIF">6349351.00000000000</SimpleData>
            <SimpleData name="SituaciÛn">NO</SimpleData>
            <SimpleData name="Comunidad">Ind?gena</SimpleData>
            <SimpleData name="Modelo_imp">Modelo 1</SimpleData>
            <SimpleData name="Departamen">CANINDEYU</SimpleData>
            <SimpleData name="Distrito">VILLA YGATIM?</SimpleData>
            <SimpleData name="Localidad">COM INDIG CHUPA POU</SimpleData>
            <SimpleData name="Localidad_">CHUPA POU</SimpleData>
            <SimpleData name="TelÈfono">983182973</SimpleData>
            <SimpleData name="Vivienda_L">-24.20947170000</SimpleData>
            <SimpleData name="Vivienda_1">-55.68187500000</SimpleData>
            <SimpleData name="Superficie">0.80000000000</SimpleData>
            <SimpleData name="Fecha_Plan">2025/09/09</SimpleData>
            <SimpleData name="Jornales">0.00000000000</SimpleData>
            <SimpleData name="Monto">0.00000000000</SimpleData>
            <SimpleData name="Grupo_de_p">H-P3-XX-XX-XX</SimpleData>
            <SimpleData name="ETAPA_FAO">Mantenimiento A?o 1.1</SimpleData>
            <SimpleData name="Estado_del">Activo</SimpleData>
            <SimpleData name="Empresa">Hyh Consultores SRL</SimpleData>
            <SimpleData name="Lote">H</SimpleData>
            <SimpleData name="X">-55.68457695000</SimpleData>
            <SimpleData name="Y">-24.20736430000</SimpleData>
            <SimpleData name="Sup_SIG">0.88736791892</SimpleData>
            <SimpleData name="cedula">6349351</SimpleData>
            <SimpleData name="Shape_Leng">379.74605759800</SimpleData>
            <SimpleData name="Shape_Area">8873.67918924000</SimpleData>
          </SchemaData>
        </ExtendedData>
        <Point>
          <coordinates>
            -55.6845769457064,-24.2073643027439,0
          </coordinates>
        </Point>
      </Placemark>
      <Placemark id="Distrito_VILLA_YGATIM__.16">
        <ExtendedData>
          <SchemaData schemaUrl="#Distrito_VILLA_YGATIM__.schema">
            <SimpleData name="CÈdula">4553173.00000000000</SimpleData>
            <SimpleData name="Nombres_y_">ISABELINO GOMEZ SOSA</SimpleData>
            <SimpleData name="Sexo">Hombre</SimpleData>
            <SimpleData name="Cambio_de_">NO</SimpleData>
            <SimpleData name="Titular_se">NO</SimpleData>
            <SimpleData name="CÈdula_Ti">NO</SimpleData>
            <SimpleData name="ci_UNIF">4553173.00000000000</SimpleData>
            <SimpleData name="SituaciÛn">NO</SimpleData>
            <SimpleData name="Comunidad">Ind?gena</SimpleData>
            <SimpleData name="Modelo_imp">Modelo 2</SimpleData>
            <SimpleData name="Departamen">CANINDEYU</SimpleData>
            <SimpleData name="Distrito">VILLA YGATIM?</SimpleData>
            <SimpleData name="Localidad">COM INDIG MBOI JAGUA ? CENTRO</SimpleData>
            <SimpleData name="Localidad_">MBOI JAGUA - BARRIO CENTRO</SimpleData>
            <SimpleData name="TelÈfono">0984406330</SimpleData>
            <SimpleData name="Vivienda_L">-24.12333020000</SimpleData>
            <SimpleData name="Vivienda_1">-55.57632470000</SimpleData>
            <SimpleData name="Superficie">0.80000000000</SimpleData>
            <SimpleData name="Fecha_Plan">2025/07/15</SimpleData>
            <SimpleData name="Jornales">4.00000000000</SimpleData>
            <SimpleData name="Monto">446008.00000000000</SimpleData>
            <SimpleData name="Grupo_de_p">H-P2-P10P10-XX-XX</SimpleData>
            <SimpleData name="ETAPA_FAO">Mantenimiento A?o 1.2</SimpleData>
            <SimpleData name="Estado_del">Activo</SimpleData>
            <SimpleData name="Empresa">Hyh Consultores SRL</SimpleData>
            <SimpleData name="Lote">H</SimpleData>
            <SimpleData name="X">-55.57578766000</SimpleData>
            <SimpleData name="Y">-24.12407015000</SimpleData>
            <SimpleData name="Sup_SIG">0.91990339692</SimpleData>
            <SimpleData name="cedula">4553173</SimpleData>
            <SimpleData name="Shape_Leng">405.87852200300</SimpleData>
            <SimpleData name="Shape_Area">9199.03396924000</SimpleData>
          </SchemaData>
        </ExtendedData>
        <Point>
          <coordinates>
            -55.5757876576648,-24.1240701498592,0
          </coordinates>
        </Point>
      </Placemark>
      <Placemark id="Distrito_VILLA_YGATIM__.17">
        <ExtendedData>
          <SchemaData schemaUrl="#Distrito_VILLA_YGATIM__.schema">
            <SimpleData name="CÈdula">5752579.00000000000</SimpleData>
            <SimpleData name="Nombres_y_">BERONICA TAYJANGI TATUGI CHACHUGI</SimpleData>
            <SimpleData name="Sexo">Mujer</SimpleData>
            <SimpleData name="Cambio_de_">NO</SimpleData>
            <SimpleData name="Titular_se">NO</SimpleData>
            <SimpleData name="CÈdula_Ti">NO</SimpleData>
            <SimpleData name="ci_UNIF">5752579.00000000000</SimpleData>
            <SimpleData name="SituaciÛn">NO</SimpleData>
            <SimpleData name="Comunidad">Ind?gena</SimpleData>
            <SimpleData name="Modelo_imp">Modelo 4</SimpleData>
            <SimpleData name="Departamen">CANINDEYU</SimpleData>
            <SimpleData name="Distrito">VILLA YGATIM?</SimpleData>
            <SimpleData name="Localidad">COM INDIG CHUPA POU</SimpleData>
            <SimpleData name="Localidad_">CHUPA POU</SimpleData>
            <SimpleData name="TelÈfono">986613053</SimpleData>
            <SimpleData name="Vivienda_L">-24.20880000000</SimpleData>
            <SimpleData name="Vivienda_1">-55.67913670000</SimpleData>
            <SimpleData name="Superficie">0.70000000000</SimpleData>
            <SimpleData name="Fecha_Plan">2025/09/09</SimpleData>
            <SimpleData name="Jornales">4.00000000000</SimpleData>
            <SimpleData name="Monto">446008.00000000000</SimpleData>
            <SimpleData name="Grupo_de_p">H-P3-P10P10-XX-XX</SimpleData>
            <SimpleData name="ETAPA_FAO">Mantenimiento A?o 1.2</SimpleData>
            <SimpleData name="Estado_del">Activo</SimpleData>
            <SimpleData name="Empresa">Hyh Consultores SRL</SimpleData>
            <SimpleData name="Lote">H</SimpleData>
            <SimpleData name="X">-55.70724510000</SimpleData>
            <SimpleData name="Y">-24.22055366000</SimpleData>
            <SimpleData name="Sup_SIG">0.71534961689</SimpleData>
            <SimpleData name="cedula">5752579</SimpleData>
            <SimpleData name="Shape_Leng">372.79077252400</SimpleData>
            <SimpleData name="Shape_Area">7153.49616885000</SimpleData>
          </SchemaData>
        </ExtendedData>
        <Point>
          <coordinates>
            -55.7072450953057,-24.2205536582325,0
          </coordinates>
        </Point>
      </Placemark>
      <Placemark id="Distrito_VILLA_YGATIM__.18">
        <ExtendedData>
          <SchemaData schemaUrl="#Distrito_VILLA_YGATIM__.schema">
            <SimpleData name="CÈdula">7758241.00000000000</SimpleData>
            <SimpleData name="Nombres_y_">CERAFINA  TATUGI</SimpleData>
            <SimpleData name="Sexo">Mujer</SimpleData>
            <SimpleData name="Cambio_de_">NO</SimpleData>
            <SimpleData name="Titular_se">NO</SimpleData>
            <SimpleData name="CÈdula_Ti">NO</SimpleData>
            <SimpleData name="ci_UNIF">7758241.00000000000</SimpleData>
            <SimpleData name="SituaciÛn">NO</SimpleData>
            <SimpleData name="Comunidad">Ind?gena</SimpleData>
            <SimpleData name="Modelo_imp">Modelo 4</SimpleData>
            <SimpleData name="Departamen">CANINDEYU</SimpleData>
            <SimpleData name="Distrito">VILLA YGATIM?</SimpleData>
            <SimpleData name="Localidad">COM INDIG CHUPA POU</SimpleData>
            <SimpleData name="Localidad_">CHUPA POU</SimpleData>
            <SimpleData name="TelÈfono">1234567890</SimpleData>
            <SimpleData name="Vivienda_L">-24.20869830000</SimpleData>
            <SimpleData name="Vivienda_1">-55.67762330000</SimpleData>
            <SimpleData name="Superficie">0.70000000000</SimpleData>
            <SimpleData name="Fecha_Plan">2025/09/18</SimpleData>
            <SimpleData name="Jornales">4.00000000000</SimpleData>
            <SimpleData name="Monto">446008.00000000000</SimpleData>
            <SimpleData name="Grupo_de_p">H-P3-P10P10-XX-XX</SimpleData>
            <SimpleData name="ETAPA_FAO">Mantenimiento A?o 1.2</SimpleData>
            <SimpleData name="Estado_del">Activo</SimpleData>
            <SimpleData name="Empresa">Hyh Consultores SRL</SimpleData>
            <SimpleData name="Lote">H</SimpleData>
            <SimpleData name="X">-55.70903585000</SimpleData>
            <SimpleData name="Y">-24.21935191000</SimpleData>
            <SimpleData name="Sup_SIG">0.71470989626</SimpleData>
            <SimpleData name="cedula">7758241</SimpleData>
            <SimpleData name="Shape_Leng">350.92473659000</SimpleData>
            <SimpleData name="Shape_Area">7147.09896261000</SimpleData>
          </SchemaData>
        </ExtendedData>
        <Point>
          <coordinates>
            -55.7090358470288,-24.2193519081127,0
          </coordinates>
        </Point>
      </Placemark>
      <Placemark id="Distrito_VILLA_YGATIM__.19">
        <ExtendedData>
          <SchemaData schemaUrl="#Distrito_VILLA_YGATIM__.schema">
            <SimpleData name="CÈdula">5170881.00000000000</SimpleData>
            <SimpleData name="Nombres_y_">VENICIA KUAREMINIGI CHACHUGI TORANGI</SimpleData>
            <SimpleData name="Sexo">Mujer</SimpleData>
            <SimpleData name="Cambio_de_">NO</SimpleData>
            <SimpleData name="Titular_se">NO</SimpleData>
            <SimpleData name="CÈdula_Ti">NO</SimpleData>
            <SimpleData name="ci_UNIF">5170881.00000000000</SimpleData>
            <SimpleData name="SituaciÛn">NO</SimpleData>
            <SimpleData name="Comunidad">Ind?gena</SimpleData>
            <SimpleData name="Modelo_imp">Modelo 4</SimpleData>
            <SimpleData name="Departamen">CANINDEYU</SimpleData>
            <SimpleData name="Distrito">VILLA YGATIM?</SimpleData>
            <SimpleData name="Localidad">COM INDIG CHUPA POU</SimpleData>
            <SimpleData name="Localidad_">CHUPA POU</SimpleData>
            <SimpleData name="TelÈfono">985901733</SimpleData>
            <SimpleData name="Vivienda_L">-24.20831500000</SimpleData>
            <SimpleData name="Vivienda_1">-55.67714670000</SimpleData>
            <SimpleData name="Superficie">0.70000000000</SimpleData>
            <SimpleData name="Fecha_Plan">2025/09/09</SimpleData>
            <SimpleData name="Jornales">4.00000000000</SimpleData>
            <SimpleData name="Monto">446008.00000000000</SimpleData>
            <SimpleData name="Grupo_de_p">H-P3-P10P10-XX-XX</SimpleData>
            <SimpleData name="ETAPA_FAO">Mantenimiento A?o 1.2</SimpleData>
            <SimpleData name="Estado_del">Activo</SimpleData>
            <SimpleData name="Empresa">Hyh Consultores SRL</SimpleData>
            <SimpleData name="Lote">H</SimpleData>
            <SimpleData name="X">-55.70674613000</SimpleData>
            <SimpleData name="Y">-24.22199801000</SimpleData>
            <SimpleData name="Sup_SIG">0.83248463186</SimpleData>
            <SimpleData name="cedula">5170881</SimpleData>
            <SimpleData name="Shape_Leng">390.54148213900</SimpleData>
            <SimpleData name="Shape_Area">8324.84631857000</SimpleData>
          </SchemaData>
        </ExtendedData>
        <Point>
          <coordinates>
            -55.7067461335712,-24.2219980111509,0
          </coordinates>
        </Point>
      </Placemark>
      <Placemark id="Distrito_VILLA_YGATIM__.20">
        <ExtendedData>
          <SchemaData schemaUrl="#Distrito_VILLA_YGATIM__.schema">
            <SimpleData name="CÈdula">4158563.00000000000</SimpleData>
            <SimpleData name="Nombres_y_">ALICIA VACHUGI</SimpleData>
            <SimpleData name="Sexo">Mujer</SimpleData>
            <SimpleData name="Cambio_de_">NO</SimpleData>
            <SimpleData name="Titular_se">NO</SimpleData>
            <SimpleData name="CÈdula_Ti">NO</SimpleData>
            <SimpleData name="ci_UNIF">4158563.00000000000</SimpleData>
            <SimpleData name="SituaciÛn">NO</SimpleData>
            <SimpleData name="Comunidad">Ind?gena</SimpleData>
            <SimpleData name="Modelo_imp">Modelo 1</SimpleData>
            <SimpleData name="Departamen">CANINDEYU</SimpleData>
            <SimpleData name="Distrito">VILLA YGATIM?</SimpleData>
            <SimpleData name="Localidad">COM INDIG CHUPA POU</SimpleData>
            <SimpleData name="Localidad_">CHUPA POU</SimpleData>
            <SimpleData name="TelÈfono">0982851068</SimpleData>
            <SimpleData name="Vivienda_L">-24.20870610000</SimpleData>
            <SimpleData name="Vivienda_1">-55.67771330000</SimpleData>
            <SimpleData name="Superficie">0.80000000000</SimpleData>
            <SimpleData name="Fecha_Plan">2025/08/01</SimpleData>
            <SimpleData name="Jornales">4.00000000000</SimpleData>
            <SimpleData name="Monto">446008.00000000000</SimpleData>
            <SimpleData name="Grupo_de_p">H-P2-P10P10-XX-XX</SimpleData>
            <SimpleData name="ETAPA_FAO">Mantenimiento A?o 1.2</SimpleData>
            <SimpleData name="Estado_del">Activo</SimpleData>
            <SimpleData name="Empresa">Hyh Consultores SRL</SimpleData>
            <SimpleData name="Lote">H</SimpleData>
            <SimpleData name="X">-55.67802020000</SimpleData>
            <SimpleData name="Y">-24.20760597000</SimpleData>
            <SimpleData name="Sup_SIG">0.86415645840</SimpleData>
            <SimpleData name="cedula">4158563</SimpleData>
            <SimpleData name="Shape_Leng">374.89701336900</SimpleData>
            <SimpleData name="Shape_Area">8641.56458402000</SimpleData>
          </SchemaData>
        </ExtendedData>
        <Point>
          <coordinates>
            -55.6780201981954,-24.2076059672591,0
          </coordinates>
        </Point>
      </Placemark>
      <Placemark id="Distrito_VILLA_YGATIM__.21">
        <ExtendedData>
          <SchemaData schemaUrl="#Distrito_VILLA_YGATIM__.schema">
            <SimpleData name="CÈdula">6314557.00000000000</SimpleData>
            <SimpleData name="Nombres_y_">DORKA KREMBEGI TAKUANGI MBYVANGI</SimpleData>
            <SimpleData name="Sexo">Mujer</SimpleData>
            <SimpleData name="Cambio_de_">NO</SimpleData>
            <SimpleData name="Titular_se">NO</SimpleData>
            <SimpleData name="CÈdula_Ti">NO</SimpleData>
            <SimpleData name="ci_UNIF">6314557.00000000000</SimpleData>
            <SimpleData name="SituaciÛn">NO</SimpleData>
            <SimpleData name="Comunidad">Ind?gena</SimpleData>
            <SimpleData name="Modelo_imp">Modelo 4</SimpleData>
            <SimpleData name="Departamen">CANINDEYU</SimpleData>
            <SimpleData name="Distrito">VILLA YGATIM?</SimpleData>
            <SimpleData name="Localidad">COM INDIG CHUPA POU</SimpleData>
            <SimpleData name="Localidad_">CHUPA POU</SimpleData>
            <SimpleData name="TelÈfono">0983753324</SimpleData>
            <SimpleData name="Vivienda_L">-24.20915390000</SimpleData>
            <SimpleData name="Vivienda_1">-55.67881700000</SimpleData>
            <SimpleData name="Superficie">0.70000000000</SimpleData>
            <SimpleData name="Fecha_Plan">2025/07/11</SimpleData>
            <SimpleData name="Jornales">4.00000000000</SimpleData>
            <SimpleData name="Monto">446008.00000000000</SimpleData>
            <SimpleData name="Grupo_de_p">H-P2-P10P10-XX-XX</SimpleData>
            <SimpleData name="ETAPA_FAO">Mantenimiento A?o 1.2</SimpleData>
            <SimpleData name="Estado_del">Activo</SimpleData>
            <SimpleData name="Empresa">Hyh Consultores SRL</SimpleData>
            <SimpleData name="Lote">H</SimpleData>
            <SimpleData name="X">-55.67932934000</SimpleData>
            <SimpleData name="Y">-24.21024331000</SimpleData>
            <SimpleData name="Sup_SIG">0.95452810014</SimpleData>
            <SimpleData name="cedula">6314557</SimpleData>
            <SimpleData name="Shape_Leng">404.25048093200</SimpleData>
            <SimpleData name="Shape_Area">9545.28100138000</SimpleData>
          </SchemaData>
        </ExtendedData>
        <Point>
          <coordinates>
            -55.6793293381534,-24.210243312137,0
          </coordinates>
        </Point>
      </Placemark>
      <Placemark id="Distrito_VILLA_YGATIM__.22">
        <ExtendedData>
          <SchemaData schemaUrl="#Distrito_VILLA_YGATIM__.schema">
            <SimpleData name="CÈdula">6084260.00000000000</SimpleData>
            <SimpleData name="Nombres_y_">ESMILDA ROJAS SANTOS</SimpleData>
            <SimpleData name="Sexo">Mujer</SimpleData>
            <SimpleData name="Cambio_de_">NO</SimpleData>
            <SimpleData name="Titular_se">NO</SimpleData>
            <SimpleData name="CÈdula_Ti">NO</SimpleData>
            <SimpleData name="ci_UNIF">6084260.00000000000</SimpleData>
            <SimpleData name="SituaciÛn">NO</SimpleData>
            <SimpleData name="Comunidad">Ind?gena</SimpleData>
            <SimpleData name="Modelo_imp">Modelo 4</SimpleData>
            <SimpleData name="Departamen">CANINDEYU</SimpleData>
            <SimpleData name="Distrito">VILLA YGATIM?</SimpleData>
            <SimpleData name="Localidad">COM INDIG CHUPA POU</SimpleData>
            <SimpleData name="Localidad_">CHUPA POU</SimpleData>
            <SimpleData name="TelÈfono">0986503749</SimpleData>
            <SimpleData name="Vivienda_L">-24.21446500000</SimpleData>
            <SimpleData name="Vivienda_1">-55.66726170000</SimpleData>
            <SimpleData name="Superficie">0.70000000000</SimpleData>
            <SimpleData name="Fecha_Plan">2025/07/21</SimpleData>
            <SimpleData name="Jornales">4.00000000000</SimpleData>
            <SimpleData name="Monto">446008.00000000000</SimpleData>
            <SimpleData name="Grupo_de_p">H-P2-P10P10-XX-XX</SimpleData>
            <SimpleData name="ETAPA_FAO">Mantenimiento A?o 1.2</SimpleData>
            <SimpleData name="Estado_del">Activo</SimpleData>
            <SimpleData name="Empresa">Hyh Consultores SRL</SimpleData>
            <SimpleData name="Lote">H</SimpleData>
            <SimpleData name="X">-55.70881518000</SimpleData>
            <SimpleData name="Y">-24.21847930000</SimpleData>
            <SimpleData name="Sup_SIG">0.72856048124</SimpleData>
            <SimpleData name="cedula">6084260</SimpleData>
            <SimpleData name="Shape_Leng">347.58564083000</SimpleData>
            <SimpleData name="Shape_Area">7285.60481238000</SimpleData>
          </SchemaData>
        </ExtendedData>
        <Point>
          <coordinates>
            -55.7088151848305,-24.218479301503,0
          </coordinates>
        </Point>
      </Placemark>
      <Placemark id="Distrito_VILLA_YGATIM__.23">
        <ExtendedData>
          <SchemaData schemaUrl="#Distrito_VILLA_YGATIM__.schema">
            <SimpleData name="CÈdula">4586008.00000000000</SimpleData>
            <SimpleData name="Nombres_y_">MILCIADES RAMON CORONEL DUARTE</SimpleData>
            <SimpleData name="Sexo">Hombre</SimpleData>
            <SimpleData name="Cambio_de_">NO</SimpleData>
            <SimpleData name="Titular_se">NO</SimpleData>
            <SimpleData name="CÈdula_Ti">NO</SimpleData>
            <SimpleData name="ci_UNIF">4586008.00000000000</SimpleData>
            <SimpleData name="SituaciÛn">NO</SimpleData>
            <SimpleData name="Comunidad">Campesina</SimpleData>
            <SimpleData name="Modelo_imp">Modelo 1</SimpleData>
            <SimpleData name="Departamen">CANINDEYU</SimpleData>
            <SimpleData name="Distrito">VILLA YGATIM?</SimpleData>
            <SimpleData name="Localidad">KO?E PORA</SimpleData>
            <SimpleData name="Localidad_">KO?E PORA</SimpleData>
            <SimpleData name="TelÈfono">0985837740</SimpleData>
            <SimpleData name="Vivienda_L">-24.05979830000</SimpleData>
            <SimpleData name="Vivienda_1">-55.80514500000</SimpleData>
            <SimpleData name="Superficie">0.90000000000</SimpleData>
            <SimpleData name="Fecha_Plan">2026/01/08</SimpleData>
            <SimpleData name="Jornales">0.00000000000</SimpleData>
            <SimpleData name="Monto">0.00000000000</SimpleData>
            <SimpleData name="Grupo_de_p">H-P7-XX-XX-XX</SimpleData>
            <SimpleData name="ETAPA_FAO">Mantenimiento A?o 1.1</SimpleData>
            <SimpleData name="Estado_del">Activo</SimpleData>
            <SimpleData name="Empresa">Hyh Consultores SRL</SimpleData>
            <SimpleData name="Lote">H</SimpleData>
            <SimpleData name="X">-55.80467624000</SimpleData>
            <SimpleData name="Y">-24.05597827000</SimpleData>
            <SimpleData name="Sup_SIG">0.86717832885</SimpleData>
            <SimpleData name="cedula">4586008</SimpleData>
            <SimpleData name="Shape_Leng">378.75854993000</SimpleData>
            <SimpleData name="Shape_Area">8671.78328848000</SimpleData>
          </SchemaData>
        </ExtendedData>
        <Point>
          <coordinates>
            -55.8046762447067,-24.0559782663868,0
          </coordinates>
        </Point>
      </Placemark>
      <Placemark id="Distrito_VILLA_YGATIM__.24">
        <ExtendedData>
          <SchemaData schemaUrl="#Distrito_VILLA_YGATIM__.schema">
            <SimpleData name="CÈdula">1460917.00000000000</SimpleData>
            <SimpleData name="Nombres_y_">CRISTINA VERA DE FRANCO</SimpleData>
            <SimpleData name="Sexo">Mujer</SimpleData>
            <SimpleData name="Cambio_de_">NO</SimpleData>
            <SimpleData name="Titular_se">NO</SimpleData>
            <SimpleData name="CÈdula_Ti">NO</SimpleData>
            <SimpleData name="ci_UNIF">1460917.00000000000</SimpleData>
            <SimpleData name="SituaciÛn">NO</SimpleData>
            <SimpleData name="Comunidad">Ind?gena</SimpleData>
            <SimpleData name="Modelo_imp">Modelo 5</SimpleData>
            <SimpleData name="Departamen">CANINDEYU</SimpleData>
            <SimpleData name="Distrito">VILLA YGATIM?</SimpleData>
            <SimpleData name="Localidad">COM INDIG MBOI JAGUA ? CENTRO</SimpleData>
            <SimpleData name="Localidad_">MBOI JAGUA - BARRIO CENTRO</SimpleData>
            <SimpleData name="TelÈfono">0984397992</SimpleData>
            <SimpleData name="Vivienda_L">-24.12370560000</SimpleData>
            <SimpleData name="Vivienda_1">-55.58153850000</SimpleData>
            <SimpleData name="Superficie">0.70000000000</SimpleData>
            <SimpleData name="Fecha_Plan">2025/07/25</SimpleData>
            <SimpleData name="Jornales">4.00000000000</SimpleData>
            <SimpleData name="Monto">446008.00000000000</SimpleData>
            <SimpleData name="Grupo_de_p">H-P2-P10P10-XX-XX</SimpleData>
            <SimpleData name="ETAPA_FAO">Mantenimiento A?o 1.2</SimpleData>
            <SimpleData name="Estado_del">Activo</SimpleData>
            <SimpleData name="Empresa">Hyh Consultores SRL</SimpleData>
            <SimpleData name="Lote">H</SimpleData>
            <SimpleData name="X">-55.58229431000</SimpleData>
            <SimpleData name="Y">-24.12430996000</SimpleData>
            <SimpleData name="Sup_SIG">0.91406861625</SimpleData>
            <SimpleData name="cedula">1460917</SimpleData>
            <SimpleData name="Shape_Leng">371.54335829300</SimpleData>
            <SimpleData name="Shape_Area">9140.68616245000</SimpleData>
          </SchemaData>
        </ExtendedData>
        <Point>
          <coordinates>
            -55.5822943073679,-24.124309956882,0
          </coordinates>
        </Point>
      </Placemark>
      <Placemark id="Distrito_VILLA_YGATIM__.25">
        <ExtendedData>
          <SchemaData schemaUrl="#Distrito_VILLA_YGATIM__.schema">
            <SimpleData name="CÈdula">7322575.00000000000</SimpleData>
            <SimpleData name="Nombres_y_">ERMA MEZA ROMERO</SimpleData>
            <SimpleData name="Sexo">Mujer</SimpleData>
            <SimpleData name="Cambio_de_">NO</SimpleData>
            <SimpleData name="Titular_se">NO</SimpleData>
            <SimpleData name="CÈdula_Ti">NO</SimpleData>
            <SimpleData name="ci_UNIF">7322575.00000000000</SimpleData>
            <SimpleData name="SituaciÛn">NO</SimpleData>
            <SimpleData name="Comunidad">Ind?gena</SimpleData>
            <SimpleData name="Modelo_imp">Modelo 1</SimpleData>
            <SimpleData name="Departamen">CANINDEYU</SimpleData>
            <SimpleData name="Distrito">VILLA YGATIM?</SimpleData>
            <SimpleData name="Localidad">COM INDIG MBOI JAGUA ? PINDOTY</SimpleData>
            <SimpleData name="Localidad_">MBOI JAGUA - BARRIO PINDOTY</SimpleData>
            <SimpleData name="TelÈfono">No tiene</SimpleData>
            <SimpleData name="Vivienda_L">-24.12524030000</SimpleData>
            <SimpleData name="Vivienda_1">-55.60737820000</SimpleData>
            <SimpleData name="Superficie">0.80000000000</SimpleData>
            <SimpleData name="Fecha_Plan">2025/07/22</SimpleData>
            <SimpleData name="Jornales">4.00000000000</SimpleData>
            <SimpleData name="Monto">446008.00000000000</SimpleData>
            <SimpleData name="Grupo_de_p">H-P2-P10P10-XX-XX</SimpleData>
            <SimpleData name="ETAPA_FAO">Mantenimiento A?o 1.2</SimpleData>
            <SimpleData name="Estado_del">Activo</SimpleData>
            <SimpleData name="Empresa">Hyh Consultores SRL</SimpleData>
            <SimpleData name="Lote">H</SimpleData>
            <SimpleData name="X">-55.61128841000</SimpleData>
            <SimpleData name="Y">-24.12794817000</SimpleData>
            <SimpleData name="Sup_SIG">0.84565337077</SimpleData>
            <SimpleData name="cedula">7322575</SimpleData>
            <SimpleData name="Shape_Leng">410.00656354400</SimpleData>
            <SimpleData name="Shape_Area">8456.53370767000</SimpleData>
          </SchemaData>
        </ExtendedData>
        <Point>
          <coordinates>
            -55.6112884139431,-24.1279481656104,0
          </coordinates>
        </Point>
      </Placemark>
      <Placemark id="Distrito_VILLA_YGATIM__.26">
        <ExtendedData>
          <SchemaData schemaUrl="#Distrito_VILLA_YGATIM__.schema">
            <SimpleData name="CÈdula">5752653.00000000000</SimpleData>
            <SimpleData name="Nombres_y_">DOMINGO VELAZQUEZ MARTINEZ</SimpleData>
            <SimpleData name="Sexo">Hombre</SimpleData>
            <SimpleData name="Cambio_de_">NO</SimpleData>
            <SimpleData name="Titular_se">NO</SimpleData>
            <SimpleData name="CÈdula_Ti">NO</SimpleData>
            <SimpleData name="ci_UNIF">5752653.00000000000</SimpleData>
            <SimpleData name="SituaciÛn">NO</SimpleData>
            <SimpleData name="Comunidad">Ind?gena</SimpleData>
            <SimpleData name="Modelo_imp">Modelo 4</SimpleData>
            <SimpleData name="Departamen">CANINDEYU</SimpleData>
            <SimpleData name="Distrito">VILLA YGATIM?</SimpleData>
            <SimpleData name="Localidad">COM INDIG CHUPA POU</SimpleData>
            <SimpleData name="Localidad_">CHUPA POU</SimpleData>
            <SimpleData name="TelÈfono">No tiene</SimpleData>
            <SimpleData name="Vivienda_L">-24.22228120000</SimpleData>
            <SimpleData name="Vivienda_1">-55.71188050000</SimpleData>
            <SimpleData name="Superficie">0.70000000000</SimpleData>
            <SimpleData name="Fecha_Plan">2025/07/14</SimpleData>
            <SimpleData name="Jornales">4.00000000000</SimpleData>
            <SimpleData name="Monto">446008.00000000000</SimpleData>
            <SimpleData name="Grupo_de_p">H-P2-P10P10-XX-XX</SimpleData>
            <SimpleData name="ETAPA_FAO">Mantenimiento A?o 1.2</SimpleData>
            <SimpleData name="Estado_del">Activo</SimpleData>
            <SimpleData name="Empresa">Hyh Consultores SRL</SimpleData>
            <SimpleData name="Lote">H</SimpleData>
            <SimpleData name="X">-55.70835564000</SimpleData>
            <SimpleData name="Y">-24.22050741000</SimpleData>
            <SimpleData name="Sup_SIG">0.74510533255</SimpleData>
            <SimpleData name="cedula">5752653</SimpleData>
            <SimpleData name="Shape_Leng">359.08280865500</SimpleData>
            <SimpleData name="Shape_Area">7451.05332545000</SimpleData>
          </SchemaData>
        </ExtendedData>
        <Point>
          <coordinates>
            -55.7083556444114,-24.2205074129179,0
          </coordinates>
        </Point>
      </Placemark>
      <Placemark id="Distrito_VILLA_YGATIM__.27">
        <ExtendedData>
          <SchemaData schemaUrl="#Distrito_VILLA_YGATIM__.schema">
            <SimpleData name="CÈdula">1045209.00000000000</SimpleData>
            <SimpleData name="Nombres_y_">DANIEL EMILIO OVIEDO</SimpleData>
            <SimpleData name="Sexo">Hombre</SimpleData>
            <SimpleData name="Cambio_de_">NO</SimpleData>
            <SimpleData name="Titular_se">NO</SimpleData>
            <SimpleData name="CÈdula_Ti">NO</SimpleData>
            <SimpleData name="ci_UNIF">1045209.00000000000</SimpleData>
            <SimpleData name="SituaciÛn">NO</SimpleData>
            <SimpleData name="Comunidad">Ind?gena</SimpleData>
            <SimpleData name="Modelo_imp">Modelo 1</SimpleData>
            <SimpleData name="Departamen">CANINDEYU</SimpleData>
            <SimpleData name="Distrito">VILLA YGATIM?</SimpleData>
            <SimpleData name="Localidad">COM INDIG CHUPA POU</SimpleData>
            <SimpleData name="Localidad_">CHUPA POU</SimpleData>
            <SimpleData name="TelÈfono">0986558729</SimpleData>
            <SimpleData name="Vivienda_L">-24.21397280000</SimpleData>
            <SimpleData name="Vivienda_1">-55.66875700000</SimpleData>
            <SimpleData name="Superficie">0.80000000000</SimpleData>
            <SimpleData name="Fecha_Plan">2025/07/30</SimpleData>
            <SimpleData name="Jornales">4.00000000000</SimpleData>
            <SimpleData name="Monto">446008.00000000000</SimpleData>
            <SimpleData name="Grupo_de_p">H-P2-P10P10-XX-XX</SimpleData>
            <SimpleData name="ETAPA_FAO">Mantenimiento A?o 1.2</SimpleData>
            <SimpleData name="Estado_del">Activo</SimpleData>
            <SimpleData name="Empresa">Hyh Consultores SRL</SimpleData>
            <SimpleData name="Lote">H</SimpleData>
            <SimpleData name="X">-55.67137244000</SimpleData>
            <SimpleData name="Y">-24.21825108000</SimpleData>
            <SimpleData name="Sup_SIG">0.88218255670</SimpleData>
            <SimpleData name="cedula">1045209</SimpleData>
            <SimpleData name="Shape_Leng">379.65857965400</SimpleData>
            <SimpleData name="Shape_Area">8821.82556702000</SimpleData>
          </SchemaData>
        </ExtendedData>
        <Point>
          <coordinates>
            -55.6713724413716,-24.2182510775661,0
          </coordinates>
        </Point>
      </Placemark>
      <Placemark id="Distrito_VILLA_YGATIM__.28">
        <ExtendedData>
          <SchemaData schemaUrl="#Distrito_VILLA_YGATIM__.schema">
            <SimpleData name="CÈdula">4285838.00000000000</SimpleData>
            <SimpleData name="Nombres_y_">SARA DUARTE VERA</SimpleData>
            <SimpleData name="Sexo">Mujer</SimpleData>
            <SimpleData name="Cambio_de_">NO</SimpleData>
            <SimpleData name="Titular_se">NO</SimpleData>
            <SimpleData name="CÈdula_Ti">NO</SimpleData>
            <SimpleData name="ci_UNIF">4285838.00000000000</SimpleData>
            <SimpleData name="SituaciÛn">NO</SimpleData>
            <SimpleData name="Comunidad">Ind?gena</SimpleData>
            <SimpleData name="Modelo_imp">Modelo 2</SimpleData>
            <SimpleData name="Departamen">CANINDEYU</SimpleData>
            <SimpleData name="Distrito">VILLA YGATIM?</SimpleData>
            <SimpleData name="Localidad">COM INDIG MBOI JAGUA ? CENTRO</SimpleData>
            <SimpleData name="Localidad_">MBOI JAGUA - BARRIO CENTRO</SimpleData>
            <SimpleData name="TelÈfono">0983517899</SimpleData>
            <SimpleData name="Vivienda_L">-24.11918160000</SimpleData>
            <SimpleData name="Vivienda_1">-55.57153620000</SimpleData>
            <SimpleData name="Superficie">0.80000000000</SimpleData>
            <SimpleData name="Fecha_Plan">2025/07/15</SimpleData>
            <SimpleData name="Jornales">0.00000000000</SimpleData>
            <SimpleData name="Monto">0.00000000000</SimpleData>
            <SimpleData name="Grupo_de_p">H-P2-XX-XX-XX</SimpleData>
            <SimpleData name="ETAPA_FAO">Mantenimiento A?o 1.1</SimpleData>
            <SimpleData name="Estado_del">Activo</SimpleData>
            <SimpleData name="Empresa">Hyh Consultores SRL</SimpleData>
            <SimpleData name="Lote">H</SimpleData>
            <SimpleData name="X">-55.57145384000</SimpleData>
            <SimpleData name="Y">-24.11636301000</SimpleData>
            <SimpleData name="Sup_SIG">0.80767810524</SimpleData>
            <SimpleData name="cedula">4285838</SimpleData>
            <SimpleData name="Shape_Leng">381.57836322500</SimpleData>
            <SimpleData name="Shape_Area">8076.78105238000</SimpleData>
          </SchemaData>
        </ExtendedData>
        <Point>
          <coordinates>
            -55.5714538428592,-24.1163630135355,0
          </coordinates>
        </Point>
      </Placemark>
      <Placemark id="Distrito_VILLA_YGATIM__.29">
        <ExtendedData>
          <SchemaData schemaUrl="#Distrito_VILLA_YGATIM__.schema">
            <SimpleData name="CÈdula">6814652.00000000000</SimpleData>
            <SimpleData name="Nombres_y_">DOROTEA GARAY MORALES</SimpleData>
            <SimpleData name="Sexo">Mujer</SimpleData>
            <SimpleData name="Cambio_de_">NO</SimpleData>
            <SimpleData name="Titular_se">NO</SimpleData>
            <SimpleData name="CÈdula_Ti">NO</SimpleData>
            <SimpleData name="ci_UNIF">6814652.00000000000</SimpleData>
            <SimpleData name="SituaciÛn">NO</SimpleData>
            <SimpleData name="Comunidad">Ind?gena</SimpleData>
            <SimpleData name="Modelo_imp">Modelo 1</SimpleData>
            <SimpleData name="Departamen">CANINDEYU</SimpleData>
            <SimpleData name="Distrito">VILLA YGATIM?</SimpleData>
            <SimpleData name="Localidad">COM INDIG MBOI JAGUA ? CENTRO</SimpleData>
            <SimpleData name="Localidad_">MBOI JAGUA - BARRIO CENTRO</SimpleData>
            <SimpleData name="TelÈfono">0976815494</SimpleData>
            <SimpleData name="Vivienda_L">-24.12085260000</SimpleData>
            <SimpleData name="Vivienda_1">-55.56729360000</SimpleData>
            <SimpleData name="Superficie">0.80000000000</SimpleData>
            <SimpleData name="Fecha_Plan">2025/08/20</SimpleData>
            <SimpleData name="Jornales">4.00000000000</SimpleData>
            <SimpleData name="Monto">446008.00000000000</SimpleData>
            <SimpleData name="Grupo_de_p">H-P2-P10P10-XX-XX</SimpleData>
            <SimpleData name="ETAPA_FAO">Mantenimiento A?o 1.2</SimpleData>
            <SimpleData name="Estado_del">Activo</SimpleData>
            <SimpleData name="Empresa">Hyh Consultores SRL</SimpleData>
            <SimpleData name="Lote">H</SimpleData>
            <SimpleData name="X">-55.56759848000</SimpleData>
            <SimpleData name="Y">-24.12109262000</SimpleData>
            <SimpleData name="Sup_SIG">0.97461107236</SimpleData>
            <SimpleData name="cedula">6814652</SimpleData>
            <SimpleData name="Shape_Leng">400.20805125800</SimpleData>
            <SimpleData name="Shape_Area">9746.11072355000</SimpleData>
          </SchemaData>
        </ExtendedData>
        <Point>
          <coordinates>
            -55.5675984831131,-24.1210926165859,0
          </coordinates>
        </Point>
      </Placemark>
      <Placemark id="Distrito_VILLA_YGATIM__.30">
        <ExtendedData>
          <SchemaData schemaUrl="#Distrito_VILLA_YGATIM__.schema">
            <SimpleData name="CÈdula">4630089.00000000000</SimpleData>
            <SimpleData name="Nombres_y_">LUISA KUAREMINIGI CHIMBEGI KAJAGI</SimpleData>
            <SimpleData name="Sexo">Mujer</SimpleData>
            <SimpleData name="Cambio_de_">NO</SimpleData>
            <SimpleData name="Titular_se">NO</SimpleData>
            <SimpleData name="CÈdula_Ti">NO</SimpleData>
            <SimpleData name="ci_UNIF">4630089.00000000000</SimpleData>
            <SimpleData name="SituaciÛn">NO</SimpleData>
            <SimpleData name="Comunidad">Ind?gena</SimpleData>
            <SimpleData name="Modelo_imp">Modelo 2</SimpleData>
            <SimpleData name="Departamen">CANINDEYU</SimpleData>
            <SimpleData name="Distrito">VILLA YGATIM?</SimpleData>
            <SimpleData name="Localidad">COM INDIG CHUPA POU</SimpleData>
            <SimpleData name="Localidad_">CHUPA POU</SimpleData>
            <SimpleData name="TelÈfono">0986558120</SimpleData>
            <SimpleData name="Vivienda_L">-24.21092830000</SimpleData>
            <SimpleData name="Vivienda_1">-55.67221020000</SimpleData>
            <SimpleData name="Superficie">0.80000000000</SimpleData>
            <SimpleData name="Fecha_Plan">2025/08/01</SimpleData>
            <SimpleData name="Jornales">4.00000000000</SimpleData>
            <SimpleData name="Monto">446008.00000000000</SimpleData>
            <SimpleData name="Grupo_de_p">H-P2-P10P10-XX-XX</SimpleData>
            <SimpleData name="ETAPA_FAO">Mantenimiento A?o 1.2</SimpleData>
            <SimpleData name="Estado_del">Activo</SimpleData>
            <SimpleData name="Empresa">Hyh Consultores SRL</SimpleData>
            <SimpleData name="Lote">H</SimpleData>
            <SimpleData name="X">-55.67131902000</SimpleData>
            <SimpleData name="Y">-24.21911348000</SimpleData>
            <SimpleData name="Sup_SIG">0.84948307877</SimpleData>
            <SimpleData name="cedula">4630089</SimpleData>
            <SimpleData name="Shape_Leng">407.76316541200</SimpleData>
            <SimpleData name="Shape_Area">8494.83078765000</SimpleData>
          </SchemaData>
        </ExtendedData>
        <Point>
          <coordinates>
            -55.6713190214199,-24.2191134789972,0
          </coordinates>
        </Point>
      </Placemark>
      <Placemark id="Distrito_VILLA_YGATIM__.31">
        <ExtendedData>
          <SchemaData schemaUrl="#Distrito_VILLA_YGATIM__.schema">
            <SimpleData name="CÈdula">6317338.00000000000</SimpleData>
            <SimpleData name="Nombres_y_">ERMELINDA KUAREMINIGI KRAVACHIGI MBEPURAGI</SimpleData>
            <SimpleData name="Sexo">Mujer</SimpleData>
            <SimpleData name="Cambio_de_">NO</SimpleData>
            <SimpleData name="Titular_se">NO</SimpleData>
            <SimpleData name="CÈdula_Ti">NO</SimpleData>
            <SimpleData name="ci_UNIF">6317338.00000000000</SimpleData>
            <SimpleData name="SituaciÛn">NO</SimpleData>
            <SimpleData name="Comunidad">Ind?gena</SimpleData>
            <SimpleData name="Modelo_imp">Modelo 1</SimpleData>
            <SimpleData name="Departamen">CANINDEYU</SimpleData>
            <SimpleData name="Distrito">VILLA YGATIM?</SimpleData>
            <SimpleData name="Localidad">COM INDIG CHUPA POU</SimpleData>
            <SimpleData name="Localidad_">CHUPA POU</SimpleData>
            <SimpleData name="TelÈfono">0986557246</SimpleData>
            <SimpleData name="Vivienda_L">-24.20883760000</SimpleData>
            <SimpleData name="Vivienda_1">-55.67668620000</SimpleData>
            <SimpleData name="Superficie">0.80000000000</SimpleData>
            <SimpleData name="Fecha_Plan">2025/08/12</SimpleData>
            <SimpleData name="Jornales">4.00000000000</SimpleData>
            <SimpleData name="Monto">446008.00000000000</SimpleData>
            <SimpleData name="Grupo_de_p">H-P2-P10P10-XX-XX</SimpleData>
            <SimpleData name="ETAPA_FAO">Mantenimiento A?o 1.2</SimpleData>
            <SimpleData name="Estado_del">Activo</SimpleData>
            <SimpleData name="Empresa">Hyh Consultores SRL</SimpleData>
            <SimpleData name="Lote">H</SimpleData>
            <SimpleData name="X">-55.66628316000</SimpleData>
            <SimpleData name="Y">-24.19799788000</SimpleData>
            <SimpleData name="Sup_SIG">0.86873169078</SimpleData>
            <SimpleData name="cedula">6317338</SimpleData>
            <SimpleData name="Shape_Leng">516.27134464400</SimpleData>
            <SimpleData name="Shape_Area">8687.31690779000</SimpleData>
          </SchemaData>
        </ExtendedData>
        <Point>
          <coordinates>
            -55.6662831585374,-24.1979978814265,0
          </coordinates>
        </Point>
      </Placemark>
      <Placemark id="Distrito_VILLA_YGATIM__.32">
        <ExtendedData>
          <SchemaData schemaUrl="#Distrito_VILLA_YGATIM__.schema">
            <SimpleData name="CÈdula">8593984.00000000000</SimpleData>
            <SimpleData name="Nombres_y_">CAROLINA MORALES GONZALEZ</SimpleData>
            <SimpleData name="Sexo">Mujer</SimpleData>
            <SimpleData name="Cambio_de_">NO</SimpleData>
            <SimpleData name="Titular_se">NO</SimpleData>
            <SimpleData name="CÈdula_Ti">NO</SimpleData>
            <SimpleData name="ci_UNIF">8593984.00000000000</SimpleData>
            <SimpleData name="SituaciÛn">NO</SimpleData>
            <SimpleData name="Comunidad">Ind?gena</SimpleData>
            <SimpleData name="Modelo_imp">Modelo 5</SimpleData>
            <SimpleData name="Departamen">CANINDEYU</SimpleData>
            <SimpleData name="Distrito">VILLA YGATIM?</SimpleData>
            <SimpleData name="Localidad">COM INDIG MBOI JAGUA ? CENTRO</SimpleData>
            <SimpleData name="Localidad_">MBOI JAGUA - BARRIO CENTRO</SimpleData>
            <SimpleData name="TelÈfono">0975241969</SimpleData>
            <SimpleData name="Vivienda_L">-24.12148080000</SimpleData>
            <SimpleData name="Vivienda_1">-55.57335000000</SimpleData>
            <SimpleData name="Superficie">0.70000000000</SimpleData>
            <SimpleData name="Fecha_Plan">2025/07/15</SimpleData>
            <SimpleData name="Jornales">0.00000000000</SimpleData>
            <SimpleData name="Monto">0.00000000000</SimpleData>
            <SimpleData name="Grupo_de_p">H-P2-XX-XX-XX</SimpleData>
            <SimpleData name="ETAPA_FAO">Mantenimiento A?o 1.1</SimpleData>
            <SimpleData name="Estado_del">Activo</SimpleData>
            <SimpleData name="Empresa">Hyh Consultores SRL</SimpleData>
            <SimpleData name="Lote">H</SimpleData>
            <SimpleData name="X">-55.57216734000</SimpleData>
            <SimpleData name="Y">-24.12183562000</SimpleData>
            <SimpleData name="Sup_SIG">0.78955350914</SimpleData>
            <SimpleData name="cedula">8593984</SimpleData>
            <SimpleData name="Shape_Leng">445.48002140900</SimpleData>
            <SimpleData name="Shape_Area">7895.53509144000</SimpleData>
          </SchemaData>
        </ExtendedData>
        <Point>
          <coordinates>
            -55.5721673391309,-24.1218356197544,0
          </coordinates>
        </Point>
      </Placemark>
      <Placemark id="Distrito_VILLA_YGATIM__.33">
        <ExtendedData>
          <SchemaData schemaUrl="#Distrito_VILLA_YGATIM__.schema">
            <SimpleData name="CÈdula">6349396.00000000000</SimpleData>
            <SimpleData name="Nombres_y_">FATIMA CHERYGI FUAKYMBAGI FAAGI</SimpleData>
            <SimpleData name="Sexo">Mujer</SimpleData>
            <SimpleData name="Cambio_de_">NO</SimpleData>
            <SimpleData name="Titular_se">NO</SimpleData>
            <SimpleData name="CÈdula_Ti">NO</SimpleData>
            <SimpleData name="ci_UNIF">6349396.00000000000</SimpleData>
            <SimpleData name="SituaciÛn">NO</SimpleData>
            <SimpleData name="Comunidad">Ind?gena</SimpleData>
            <SimpleData name="Modelo_imp">Modelo 4</SimpleData>
            <SimpleData name="Departamen">CANINDEYU</SimpleData>
            <SimpleData name="Distrito">VILLA YGATIM?</SimpleData>
            <SimpleData name="Localidad">COM INDIG CHUPA POU</SimpleData>
            <SimpleData name="Localidad_">CHUPA POU</SimpleData>
            <SimpleData name="TelÈfono">0985223081</SimpleData>
            <SimpleData name="Vivienda_L">-24.22229600000</SimpleData>
            <SimpleData name="Vivienda_1">-55.71191840000</SimpleData>
            <SimpleData name="Superficie">0.70000000000</SimpleData>
            <SimpleData name="Fecha_Plan">2025/07/04</SimpleData>
            <SimpleData name="Jornales">4.00000000000</SimpleData>
            <SimpleData name="Monto">446008.00000000000</SimpleData>
            <SimpleData name="Grupo_de_p">H-P1-P4P4-XX-XX</SimpleData>
            <SimpleData name="ETAPA_FAO">Mantenimiento A?o 1.2</SimpleData>
            <SimpleData name="Estado_del">Activo</SimpleData>
            <SimpleData name="Empresa">Hyh Consultores SRL</SimpleData>
            <SimpleData name="Lote">H</SimpleData>
            <SimpleData name="X">-55.71099713000</SimpleData>
            <SimpleData name="Y">-24.22036306000</SimpleData>
            <SimpleData name="Sup_SIG">0.75671840817</SimpleData>
            <SimpleData name="cedula">6349396</SimpleData>
            <SimpleData name="Shape_Leng">348.87777010200</SimpleData>
            <SimpleData name="Shape_Area">7567.18408167000</SimpleData>
          </SchemaData>
        </ExtendedData>
        <Point>
          <coordinates>
            -55.7109971308623,-24.2203630580843,0
          </coordinates>
        </Point>
      </Placemark>
      <Placemark id="Distrito_VILLA_YGATIM__.34">
        <ExtendedData>
          <SchemaData schemaUrl="#Distrito_VILLA_YGATIM__.schema">
            <SimpleData name="CÈdula">5752668.00000000000</SimpleData>
            <SimpleData name="Nombres_y_">PATRICIA ACHIPURANGI</SimpleData>
            <SimpleData name="Sexo">Mujer</SimpleData>
            <SimpleData name="Cambio_de_">NO</SimpleData>
            <SimpleData name="Titular_se">NO</SimpleData>
            <SimpleData name="CÈdula_Ti">NO</SimpleData>
            <SimpleData name="ci_UNIF">5752668.00000000000</SimpleData>
            <SimpleData name="SituaciÛn">NO</SimpleData>
            <SimpleData name="Comunidad">Ind?gena</SimpleData>
            <SimpleData name="Modelo_imp">Modelo 2</SimpleData>
            <SimpleData name="Departamen">CANINDEYU</SimpleData>
            <SimpleData name="Distrito">VILLA YGATIM?</SimpleData>
            <SimpleData name="Localidad">COM INDIG CHUPA POU</SimpleData>
            <SimpleData name="Localidad_">CHUPA POU</SimpleData>
            <SimpleData name="TelÈfono">0982848455</SimpleData>
            <SimpleData name="Vivienda_L">-24.21353600000</SimpleData>
            <SimpleData name="Vivienda_1">-55.66875110000</SimpleData>
            <SimpleData name="Superficie">0.80000000000</SimpleData>
            <SimpleData name="Fecha_Plan">2025/07/29</SimpleData>
            <SimpleData name="Jornales">4.00000000000</SimpleData>
            <SimpleData name="Monto">446008.00000000000</SimpleData>
            <SimpleData name="Grupo_de_p">H-P2-P10P10-XX-XX</SimpleData>
            <SimpleData name="ETAPA_FAO">Mantenimiento A?o 1.2</SimpleData>
            <SimpleData name="Estado_del">Activo</SimpleData>
            <SimpleData name="Empresa">Hyh Consultores SRL</SimpleData>
            <SimpleData name="Lote">H</SimpleData>
            <SimpleData name="X">-55.66828580000</SimpleData>
            <SimpleData name="Y">-24.21237604000</SimpleData>
            <SimpleData name="Sup_SIG">0.85460572068</SimpleData>
            <SimpleData name="cedula">5752668</SimpleData>
            <SimpleData name="Shape_Leng">376.67612180100</SimpleData>
            <SimpleData name="Shape_Area">8546.05720676000</SimpleData>
          </SchemaData>
        </ExtendedData>
        <Point>
          <coordinates>
            -55.6682857983014,-24.2123760449753,0
          </coordinates>
        </Point>
      </Placemark>
      <Placemark id="Distrito_VILLA_YGATIM__.35">
        <ExtendedData>
          <SchemaData schemaUrl="#Distrito_VILLA_YGATIM__.schema">
            <SimpleData name="CÈdula">7165109.00000000000</SimpleData>
            <SimpleData name="Nombres_y_">YOLANDA PORTILLO VERA</SimpleData>
            <SimpleData name="Sexo">Mujer</SimpleData>
            <SimpleData name="Cambio_de_">NO</SimpleData>
            <SimpleData name="Titular_se">NO</SimpleData>
            <SimpleData name="CÈdula_Ti">NO</SimpleData>
            <SimpleData name="ci_UNIF">7165109.00000000000</SimpleData>
            <SimpleData name="SituaciÛn">NO</SimpleData>
            <SimpleData name="Comunidad">Ind?gena</SimpleData>
            <SimpleData name="Modelo_imp">Modelo 1</SimpleData>
            <SimpleData name="Departamen">CANINDEYU</SimpleData>
            <SimpleData name="Distrito">VILLA YGATIM?</SimpleData>
            <SimpleData name="Localidad">COM INDIG MBOI JAGUA ? PINDOTY</SimpleData>
            <SimpleData name="Localidad_">MBOI JAGUA - BARRIO PINDOTY</SimpleData>
            <SimpleData name="TelÈfono">0972937335</SimpleData>
            <SimpleData name="Vivienda_L">-24.13029630000</SimpleData>
            <SimpleData name="Vivienda_1">-55.60145700000</SimpleData>
            <SimpleData name="Superficie">0.80000000000</SimpleData>
            <SimpleData name="Fecha_Plan">2025/08/02</SimpleData>
            <SimpleData name="Jornales">0.00000000000</SimpleData>
            <SimpleData name="Monto">0.00000000000</SimpleData>
            <SimpleData name="Grupo_de_p">H-P2-XX-XX-XX</SimpleData>
            <SimpleData name="ETAPA_FAO">Mantenimiento A?o 1.1</SimpleData>
            <SimpleData name="Estado_del">Activo</SimpleData>
            <SimpleData name="Empresa">Hyh Consultores SRL</SimpleData>
            <SimpleData name="Lote">H</SimpleData>
            <SimpleData name="X">-55.60188444000</SimpleData>
            <SimpleData name="Y">-24.13100205000</SimpleData>
            <SimpleData name="Sup_SIG">0.85152559655</SimpleData>
            <SimpleData name="cedula">7165109</SimpleData>
            <SimpleData name="Shape_Leng">380.67314275500</SimpleData>
            <SimpleData name="Shape_Area">8515.25596552000</SimpleData>
          </SchemaData>
        </ExtendedData>
        <Point>
          <coordinates>
            -55.6018844437668,-24.1310020526342,0
          </coordinates>
        </Point>
      </Placemark>
      <Placemark id="Distrito_VILLA_YGATIM__.36">
        <ExtendedData>
          <SchemaData schemaUrl="#Distrito_VILLA_YGATIM__.schema">
            <SimpleData name="CÈdula">6349352.00000000000</SimpleData>
            <SimpleData name="Nombres_y_">ANDREA MBECHEPEGI PAYVAGI DE DUARTE</SimpleData>
            <SimpleData name="Sexo">Mujer</SimpleData>
            <SimpleData name="Cambio_de_">NO</SimpleData>
            <SimpleData name="Titular_se">NO</SimpleData>
            <SimpleData name="CÈdula_Ti">NO</SimpleData>
            <SimpleData name="ci_UNIF">6349352.00000000000</SimpleData>
            <SimpleData name="SituaciÛn">NO</SimpleData>
            <SimpleData name="Comunidad">Ind?gena</SimpleData>
            <SimpleData name="Modelo_imp">Modelo 4</SimpleData>
            <SimpleData name="Departamen">CANINDEYU</SimpleData>
            <SimpleData name="Distrito">VILLA YGATIM?</SimpleData>
            <SimpleData name="Localidad">COM INDIG CHUPA POU</SimpleData>
            <SimpleData name="Localidad_">CHUPA POU</SimpleData>
            <SimpleData name="TelÈfono">No tiene</SimpleData>
            <SimpleData name="Vivienda_L">-24.21154950000</SimpleData>
            <SimpleData name="Vivienda_1">-55.67158080000</SimpleData>
            <SimpleData name="Superficie">0.70000000000</SimpleData>
            <SimpleData name="Fecha_Plan">2025/07/11</SimpleData>
            <SimpleData name="Jornales">4.00000000000</SimpleData>
            <SimpleData name="Monto">446008.00000000000</SimpleData>
            <SimpleData name="Grupo_de_p">H-P2-P10P10-XX-XX</SimpleData>
            <SimpleData name="ETAPA_FAO">Mantenimiento A?o 1.2</SimpleData>
            <SimpleData name="Estado_del">Activo</SimpleData>
            <SimpleData name="Empresa">Hyh Consultores SRL</SimpleData>
            <SimpleData name="Lote">H</SimpleData>
            <SimpleData name="X">-55.70906456000</SimpleData>
            <SimpleData name="Y">-24.22396486000</SimpleData>
            <SimpleData name="Sup_SIG">0.73267766877</SimpleData>
            <SimpleData name="cedula">6349352</SimpleData>
            <SimpleData name="Shape_Leng">342.56604999500</SimpleData>
            <SimpleData name="Shape_Area">7326.77668771000</SimpleData>
          </SchemaData>
        </ExtendedData>
        <Point>
          <coordinates>
            -55.709064560583,-24.2239648556618,0
          </coordinates>
        </Point>
      </Placemark>
      <Placemark id="Distrito_VILLA_YGATIM__.37">
        <ExtendedData>
          <SchemaData schemaUrl="#Distrito_VILLA_YGATIM__.schema">
            <SimpleData name="CÈdula">4411100.00000000000</SimpleData>
            <SimpleData name="Nombres_y_">SUSANA PERALTA ROJAS</SimpleData>
            <SimpleData name="Sexo">Mujer</SimpleData>
            <SimpleData name="Cambio_de_">NO</SimpleData>
            <SimpleData name="Titular_se">NO</SimpleData>
            <SimpleData name="CÈdula_Ti">NO</SimpleData>
            <SimpleData name="ci_UNIF">4411100.00000000000</SimpleData>
            <SimpleData name="SituaciÛn">NO</SimpleData>
            <SimpleData name="Comunidad">Campesina</SimpleData>
            <SimpleData name="Modelo_imp">Modelo 1</SimpleData>
            <SimpleData name="Departamen">CANINDEYU</SimpleData>
            <SimpleData name="Distrito">VILLA YGATIM?</SimpleData>
            <SimpleData name="Localidad">JEJUIMI</SimpleData>
            <SimpleData name="Localidad_">JEJUIMI</SimpleData>
            <SimpleData name="TelÈfono">0984305182</SimpleData>
            <SimpleData name="Vivienda_L">-24.16154170000</SimpleData>
            <SimpleData name="Vivienda_1">-55.63627610000</SimpleData>
            <SimpleData name="Superficie">0.80000000000</SimpleData>
            <SimpleData name="Fecha_Plan">2025/09/11</SimpleData>
            <SimpleData name="Jornales">0.00000000000</SimpleData>
            <SimpleData name="Monto">0.00000000000</SimpleData>
            <SimpleData name="Grupo_de_p">H-P5-XX-XX-XX</SimpleData>
            <SimpleData name="ETAPA_FAO">Mantenimiento A?o 1.1</SimpleData>
            <SimpleData name="Estado_del">Activo</SimpleData>
            <SimpleData name="Empresa">Hyh Consultores SRL</SimpleData>
            <SimpleData name="Lote">H</SimpleData>
            <SimpleData name="X">-55.63388637000</SimpleData>
            <SimpleData name="Y">-24.16238431000</SimpleData>
            <SimpleData name="Sup_SIG">0.88817675202</SimpleData>
            <SimpleData name="cedula">4411100</SimpleData>
            <SimpleData name="Shape_Leng">516.83400329900</SimpleData>
            <SimpleData name="Shape_Area">8881.76752017000</SimpleData>
          </SchemaData>
        </ExtendedData>
        <Point>
          <coordinates>
            -55.6338863730363,-24.1623843100292,0
          </coordinates>
        </Point>
      </Placemark>
      <Placemark id="Distrito_VILLA_YGATIM__.38">
        <ExtendedData>
          <SchemaData schemaUrl="#Distrito_VILLA_YGATIM__.schema">
            <SimpleData name="CÈdula">2587312.00000000000</SimpleData>
            <SimpleData name="Nombres_y_">CINTHIA MARIANA CRISTALDO</SimpleData>
            <SimpleData name="Sexo">Mujer</SimpleData>
            <SimpleData name="Cambio_de_">NO</SimpleData>
            <SimpleData name="Titular_se">NO</SimpleData>
            <SimpleData name="CÈdula_Ti">NO</SimpleData>
            <SimpleData name="ci_UNIF">2587312.00000000000</SimpleData>
            <SimpleData name="SituaciÛn">NO</SimpleData>
            <SimpleData name="Comunidad">Campesina</SimpleData>
            <SimpleData name="Modelo_imp">Modelo 5</SimpleData>
            <SimpleData name="Departamen">CANINDEYU</SimpleData>
            <SimpleData name="Distrito">VILLA YGATIM?</SimpleData>
            <SimpleData name="Localidad">SAN JOSE OBRERO</SimpleData>
            <SimpleData name="Localidad_">SAN JOSE OBRERO</SimpleData>
            <SimpleData name="TelÈfono">982693479</SimpleData>
            <SimpleData name="Vivienda_L">-24.12869230000</SimpleData>
            <SimpleData name="Vivienda_1">-55.64957040000</SimpleData>
            <SimpleData name="Superficie">0.70000000000</SimpleData>
            <SimpleData name="Fecha_Plan">2025/12/12</SimpleData>
            <SimpleData name="Jornales">0.00000000000</SimpleData>
            <SimpleData name="Monto">0.00000000000</SimpleData>
            <SimpleData name="Grupo_de_p">H-P7-XX-XX-XX</SimpleData>
            <SimpleData name="ETAPA_FAO">Mantenimiento A?o 1.1</SimpleData>
            <SimpleData name="Estado_del">Activo</SimpleData>
            <SimpleData name="Empresa">Hyh Consultores SRL</SimpleData>
            <SimpleData name="Lote">H</SimpleData>
            <SimpleData name="X">-55.66508169000</SimpleData>
            <SimpleData name="Y">-24.13767372000</SimpleData>
            <SimpleData name="Sup_SIG">0.72834896636</SimpleData>
            <SimpleData name="cedula">2587312</SimpleData>
            <SimpleData name="Shape_Leng">409.10739430600</SimpleData>
            <SimpleData name="Shape_Area">7283.48966362000</SimpleData>
          </SchemaData>
        </ExtendedData>
        <Point>
          <coordinates>
            -55.6650816896858,-24.1376737159962,0
          </coordinates>
        </Point>
      </Placemark>
      <Placemark id="Distrito_VILLA_YGATIM__.39">
        <ExtendedData>
          <SchemaData schemaUrl="#Distrito_VILLA_YGATIM__.schema">
            <SimpleData name="CÈdula">6349340.00000000000</SimpleData>
            <SimpleData name="Nombres_y_">LIZ MABEL CHEJUGI JAVAGI VYGYGI</SimpleData>
            <SimpleData name="Sexo">Mujer</SimpleData>
            <SimpleData name="Cambio_de_">NO</SimpleData>
            <SimpleData name="Titular_se">NO</SimpleData>
            <SimpleData name="CÈdula_Ti">NO</SimpleData>
            <SimpleData name="ci_UNIF">6349340.00000000000</SimpleData>
            <SimpleData name="SituaciÛn">NO</SimpleData>
            <SimpleData name="Comunidad">Ind?gena</SimpleData>
            <SimpleData name="Modelo_imp">Modelo 4</SimpleData>
            <SimpleData name="Departamen">CANINDEYU</SimpleData>
            <SimpleData name="Distrito">VILLA YGATIM?</SimpleData>
            <SimpleData name="Localidad">COM INDIG CHUPA POU</SimpleData>
            <SimpleData name="Localidad_">CHUPA POU</SimpleData>
            <SimpleData name="TelÈfono">1234567890</SimpleData>
            <SimpleData name="Vivienda_L">-24.21688670000</SimpleData>
            <SimpleData name="Vivienda_1">-55.66428000000</SimpleData>
            <SimpleData name="Superficie">0.70000000000</SimpleData>
            <SimpleData name="Fecha_Plan">2025/09/11</SimpleData>
            <SimpleData name="Jornales">4.00000000000</SimpleData>
            <SimpleData name="Monto">446008.00000000000</SimpleData>
            <SimpleData name="Grupo_de_p">H-P3-P10P10-XX-XX</SimpleData>
            <SimpleData name="ETAPA_FAO">Mantenimiento A?o 1.2</SimpleData>
            <SimpleData name="Estado_del">Activo</SimpleData>
            <SimpleData name="Empresa">Hyh Consultores SRL</SimpleData>
            <SimpleData name="Lote">H</SimpleData>
            <SimpleData name="X">-55.70654302000</SimpleData>
            <SimpleData name="Y">-24.21926775000</SimpleData>
            <SimpleData name="Sup_SIG">0.74963869704</SimpleData>
            <SimpleData name="cedula">6349340</SimpleData>
            <SimpleData name="Shape_Leng">361.05931302600</SimpleData>
            <SimpleData name="Shape_Area">7496.38697042000</SimpleData>
          </SchemaData>
        </ExtendedData>
        <Point>
          <coordinates>
            -55.7065430211186,-24.219267750888,0
          </coordinates>
        </Point>
      </Placemark>
      <Placemark id="Distrito_VILLA_YGATIM__.40">
        <ExtendedData>
          <SchemaData schemaUrl="#Distrito_VILLA_YGATIM__.schema">
            <SimpleData name="CÈdula">4228199.00000000000</SimpleData>
            <SimpleData name="Nombres_y_">MARIA ROMERO FRANCO</SimpleData>
            <SimpleData name="Sexo">Mujer</SimpleData>
            <SimpleData name="Cambio_de_">NO</SimpleData>
            <SimpleData name="Titular_se">NO</SimpleData>
            <SimpleData name="CÈdula_Ti">NO</SimpleData>
            <SimpleData name="ci_UNIF">4228199.00000000000</SimpleData>
            <SimpleData name="SituaciÛn">NO</SimpleData>
            <SimpleData name="Comunidad">Ind?gena</SimpleData>
            <SimpleData name="Modelo_imp">Modelo 5</SimpleData>
            <SimpleData name="Departamen">CANINDEYU</SimpleData>
            <SimpleData name="Distrito">VILLA YGATIM?</SimpleData>
            <SimpleData name="Localidad">COM INDIG MBOI JAGUA ? CENTRO</SimpleData>
            <SimpleData name="Localidad_">MBOI JAGUA - BARRIO CENTRO</SimpleData>
            <SimpleData name="TelÈfono">0986166302</SimpleData>
            <SimpleData name="Vivienda_L">-24.12196560000</SimpleData>
            <SimpleData name="Vivienda_1">-55.58224890000</SimpleData>
            <SimpleData name="Superficie">0.70000000000</SimpleData>
            <SimpleData name="Fecha_Plan">2025/07/12</SimpleData>
            <SimpleData name="Jornales">4.00000000000</SimpleData>
            <SimpleData name="Monto">446008.00000000000</SimpleData>
            <SimpleData name="Grupo_de_p">H-P2-P10P10-XX-XX</SimpleData>
            <SimpleData name="ETAPA_FAO">Mantenimiento A?o 1.2</SimpleData>
            <SimpleData name="Estado_del">Activo</SimpleData>
            <SimpleData name="Empresa">Hyh Consultores SRL</SimpleData>
            <SimpleData name="Lote">H</SimpleData>
            <SimpleData name="X">-55.58157592000</SimpleData>
            <SimpleData name="Y">-24.12183484000</SimpleData>
            <SimpleData name="Sup_SIG">0.76315823895</SimpleData>
            <SimpleData name="cedula">4228199</SimpleData>
            <SimpleData name="Shape_Leng">512.19306975300</SimpleData>
            <SimpleData name="Shape_Area">7631.58238946000</SimpleData>
          </SchemaData>
        </ExtendedData>
        <MultiGeometry>
          <Point>
            <coordinates>
              -55.5830518437157,-24.1222197798145,0
            </coordinates>
          </Point>
          <Point>
            <coordinates>
              -55.5815759247491,-24.121834835709,0
            </coordinates>
          </Point>
        </MultiGeometry>
      </Placemark>
      <Placemark id="Distrito_VILLA_YGATIM__.41">
        <ExtendedData>
          <SchemaData schemaUrl="#Distrito_VILLA_YGATIM__.schema">
            <SimpleData name="CÈdula">5170882.00000000000</SimpleData>
            <SimpleData name="Nombres_y_">AMELIA KRYYGI VACHUGI KRIROGI</SimpleData>
            <SimpleData name="Sexo">Mujer</SimpleData>
            <SimpleData name="Cambio_de_">NO</SimpleData>
            <SimpleData name="Titular_se">NO</SimpleData>
            <SimpleData name="CÈdula_Ti">NO</SimpleData>
            <SimpleData name="ci_UNIF">5170882.00000000000</SimpleData>
            <SimpleData name="SituaciÛn">NO</SimpleData>
            <SimpleData name="Comunidad">Ind?gena</SimpleData>
            <SimpleData name="Modelo_imp">Modelo 2</SimpleData>
            <SimpleData name="Departamen">CANINDEYU</SimpleData>
            <SimpleData name="Distrito">VILLA YGATIM?</SimpleData>
            <SimpleData name="Localidad">COM INDIG CHUPA POU</SimpleData>
            <SimpleData name="Localidad_">CHUPA POU</SimpleData>
            <SimpleData name="TelÈfono">0983721909</SimpleData>
            <SimpleData name="Vivienda_L">-24.21603500000</SimpleData>
            <SimpleData name="Vivienda_1">-55.66591190000</SimpleData>
            <SimpleData name="Superficie">0.80000000000</SimpleData>
            <SimpleData name="Fecha_Plan">2025/07/31</SimpleData>
            <SimpleData name="Jornales">4.00000000000</SimpleData>
            <SimpleData name="Monto">446008.00000000000</SimpleData>
            <SimpleData name="Grupo_de_p">H-P2-P10P10-XX-XX</SimpleData>
            <SimpleData name="ETAPA_FAO">Mantenimiento A?o 1.2</SimpleData>
            <SimpleData name="Estado_del">Activo</SimpleData>
            <SimpleData name="Empresa">Hyh Consultores SRL</SimpleData>
            <SimpleData name="Lote">H</SimpleData>
            <SimpleData name="X">-55.66378128000</SimpleData>
            <SimpleData name="Y">-24.21619265000</SimpleData>
            <SimpleData name="Sup_SIG">0.95157184307</SimpleData>
            <SimpleData name="cedula">5170882</SimpleData>
            <SimpleData name="Shape_Leng">1012.87718944000</SimpleData>
            <SimpleData name="Shape_Area">9515.71843067000</SimpleData>
          </SchemaData>
        </ExtendedData>
        <MultiGeometry>
          <Point>
            <coordinates>
              -55.6646678741677,-24.2178579391885,0
            </coordinates>
          </Point>
          <Point>
            <coordinates>
              -55.6637812791688,-24.2161926484764,0
            </coordinates>
          </Point>
        </MultiGeometry>
      </Placemark>
      <Placemark id="Distrito_VILLA_YGATIM__.42">
        <ExtendedData>
          <SchemaData schemaUrl="#Distrito_VILLA_YGATIM__.schema">
            <SimpleData name="CÈdula">6657666.00000000000</SimpleData>
            <SimpleData name="Nombres_y_">ADELA  DELMONTE PIRIS</SimpleData>
            <SimpleData name="Sexo">Mujer</SimpleData>
            <SimpleData name="Cambio_de_">NO</SimpleData>
            <SimpleData name="Titular_se">NO</SimpleData>
            <SimpleData name="CÈdula_Ti">NO</SimpleData>
            <SimpleData name="ci_UNIF">6657666.00000000000</SimpleData>
            <SimpleData name="SituaciÛn">NO</SimpleData>
            <SimpleData name="Comunidad">Ind?gena</SimpleData>
            <SimpleData name="Modelo_imp">Modelo 5</SimpleData>
            <SimpleData name="Departamen">CANINDEYU</SimpleData>
            <SimpleData name="Distrito">VILLA YGATIM?</SimpleData>
            <SimpleData name="Localidad">COM INDIG MBOI JAGUA ? PINDOTY</SimpleData>
            <SimpleData name="Localidad_">MBOI JAGUA - BARRIO PINDOTY</SimpleData>
            <SimpleData name="TelÈfono">984164063</SimpleData>
            <SimpleData name="Vivienda_L">-24.12234000000</SimpleData>
            <SimpleData name="Vivienda_1">-55.58568500000</SimpleData>
            <SimpleData name="Superficie">0.70000000000</SimpleData>
            <SimpleData name="Fecha_Plan">2025/10/20</SimpleData>
            <SimpleData name="Jornales">4.00000000000</SimpleData>
            <SimpleData name="Monto">446008.00000000000</SimpleData>
            <SimpleData name="Grupo_de_p">H-P5-P10P10-XX-XX</SimpleData>
            <SimpleData name="ETAPA_FAO">Mantenimiento A?o 1.2</SimpleData>
            <SimpleData name="Estado_del">Activo</SimpleData>
            <SimpleData name="Empresa">Hyh Consultores SRL</SimpleData>
            <SimpleData name="Lote">H</SimpleData>
            <SimpleData name="X">-55.58627314000</SimpleData>
            <SimpleData name="Y">-24.12237732000</SimpleData>
            <SimpleData name="Sup_SIG">0.96382573825</SimpleData>
            <SimpleData name="cedula">6657666</SimpleData>
            <SimpleData name="Shape_Leng">449.32990510800</SimpleData>
            <SimpleData name="Shape_Area">9638.25738248000</SimpleData>
          </SchemaData>
        </ExtendedData>
        <Point>
          <coordinates>
            -55.5862731445243,-24.1223773245319,0
          </coordinates>
        </Point>
      </Placemark>
      <Placemark id="Distrito_VILLA_YGATIM__.43">
        <ExtendedData>
          <SchemaData schemaUrl="#Distrito_VILLA_YGATIM__.schema">
            <SimpleData name="CÈdula">5569268.00000000000</SimpleData>
            <SimpleData name="Nombres_y_">JULIANA BENITEZ MORALES</SimpleData>
            <SimpleData name="Sexo">Mujer</SimpleData>
            <SimpleData name="Cambio_de_">NO</SimpleData>
            <SimpleData name="Titular_se">NO</SimpleData>
            <SimpleData name="CÈdula_Ti">NO</SimpleData>
            <SimpleData name="ci_UNIF">5569268.00000000000</SimpleData>
            <SimpleData name="SituaciÛn">NO</SimpleData>
            <SimpleData name="Comunidad">Ind?gena</SimpleData>
            <SimpleData name="Modelo_imp">Modelo 5</SimpleData>
            <SimpleData name="Departamen">CANINDEYU</SimpleData>
            <SimpleData name="Distrito">VILLA YGATIM?</SimpleData>
            <SimpleData name="Localidad">COM INDIG KA AGUY PORA POTY</SimpleData>
            <SimpleData name="Localidad_">KA?AGUY POR? POTY</SimpleData>
            <SimpleData name="TelÈfono">0986532661</SimpleData>
            <SimpleData name="Vivienda_L">-24.20511380000</SimpleData>
            <SimpleData name="Vivienda_1">-55.66073730000</SimpleData>
            <SimpleData name="Superficie">0.70000000000</SimpleData>
            <SimpleData name="Fecha_Plan">2025/08/25</SimpleData>
            <SimpleData name="Jornales">0.00000000000</SimpleData>
            <SimpleData name="Monto">0.00000000000</SimpleData>
            <SimpleData name="Grupo_de_p">H-P3-XX-XX-XX</SimpleData>
            <SimpleData name="ETAPA_FAO">Mantenimiento A?o 1.1</SimpleData>
            <SimpleData name="Estado_del">Activo</SimpleData>
            <SimpleData name="Empresa">Hyh Consultores SRL</SimpleData>
            <SimpleData name="Lote">H</SimpleData>
            <SimpleData name="X">-55.65395643000</SimpleData>
            <SimpleData name="Y">-24.20573193000</SimpleData>
            <SimpleData name="Sup_SIG">0.70019726782</SimpleData>
            <SimpleData name="cedula">5569268</SimpleData>
            <SimpleData name="Shape_Leng">437.42934908600</SimpleData>
            <SimpleData name="Shape_Area">7001.97267823000</SimpleData>
          </SchemaData>
        </ExtendedData>
        <Point>
          <coordinates>
            -55.6539564332106,-24.2057319339127,0
          </coordinates>
        </Point>
      </Placemark>
      <Placemark id="Distrito_VILLA_YGATIM__.44">
        <ExtendedData>
          <SchemaData schemaUrl="#Distrito_VILLA_YGATIM__.schema">
            <SimpleData name="CÈdula">3534955.00000000000</SimpleData>
            <SimpleData name="Nombres_y_">JOAQUIN ACHIPURANGI</SimpleData>
            <SimpleData name="Sexo">Hombre</SimpleData>
            <SimpleData name="Cambio_de_">NO</SimpleData>
            <SimpleData name="Titular_se">NO</SimpleData>
            <SimpleData name="CÈdula_Ti">NO</SimpleData>
            <SimpleData name="ci_UNIF">3534955.00000000000</SimpleData>
            <SimpleData name="SituaciÛn">NO</SimpleData>
            <SimpleData name="Comunidad">Ind?gena</SimpleData>
            <SimpleData name="Modelo_imp">Modelo 4</SimpleData>
            <SimpleData name="Departamen">CANINDEYU</SimpleData>
            <SimpleData name="Distrito">VILLA YGATIM?</SimpleData>
            <SimpleData name="Localidad">COM INDIG CHUPA POU</SimpleData>
            <SimpleData name="Localidad_">CHUPA POU</SimpleData>
            <SimpleData name="TelÈfono">0984156203</SimpleData>
            <SimpleData name="Vivienda_L">-24.21286910000</SimpleData>
            <SimpleData name="Vivienda_1">-55.67015280000</SimpleData>
            <SimpleData name="Superficie">0.70000000000</SimpleData>
            <SimpleData name="Fecha_Plan">2025/07/17</SimpleData>
            <SimpleData name="Jornales">4.00000000000</SimpleData>
            <SimpleData name="Monto">446008.00000000000</SimpleData>
            <SimpleData name="Grupo_de_p">H-P2-P10P10-XX-XX</SimpleData>
            <SimpleData name="ETAPA_FAO">Mantenimiento A?o 1.2</SimpleData>
            <SimpleData name="Estado_del">Activo</SimpleData>
            <SimpleData name="Empresa">Hyh Consultores SRL</SimpleData>
            <SimpleData name="Lote">H</SimpleData>
            <SimpleData name="X">-55.70724073000</SimpleData>
            <SimpleData name="Y">-24.21920349000</SimpleData>
            <SimpleData name="Sup_SIG">0.70622038914</SimpleData>
            <SimpleData name="cedula">3534955</SimpleData>
            <SimpleData name="Shape_Leng">344.20203292400</SimpleData>
            <SimpleData name="Shape_Area">7062.20389138000</SimpleData>
          </SchemaData>
        </ExtendedData>
        <Point>
          <coordinates>
            -55.7072407272551,-24.2192034882722,0
          </coordinates>
        </Point>
      </Placemark>
      <Placemark id="Distrito_VILLA_YGATIM__.45">
        <ExtendedData>
          <SchemaData schemaUrl="#Distrito_VILLA_YGATIM__.schema">
            <SimpleData name="CÈdula">5345308.00000000000</SimpleData>
            <SimpleData name="Nombres_y_">GRACIELA JUKUGI CHACHUGI JAMONGI</SimpleData>
            <SimpleData name="Sexo">Mujer</SimpleData>
            <SimpleData name="Cambio_de_">NO</SimpleData>
            <SimpleData name="Titular_se">NO</SimpleData>
            <SimpleData name="CÈdula_Ti">NO</SimpleData>
            <SimpleData name="ci_UNIF">5345308.00000000000</SimpleData>
            <SimpleData name="SituaciÛn">NO</SimpleData>
            <SimpleData name="Comunidad">Ind?gena</SimpleData>
            <SimpleData name="Modelo_imp">Modelo 1</SimpleData>
            <SimpleData name="Departamen">CANINDEYU</SimpleData>
            <SimpleData name="Distrito">VILLA YGATIM?</SimpleData>
            <SimpleData name="Localidad">COM INDIG CHUPA POU</SimpleData>
            <SimpleData name="Localidad_">CHUPA POU</SimpleData>
            <SimpleData name="TelÈfono">0986555208</SimpleData>
            <SimpleData name="Vivienda_L">-24.20872920000</SimpleData>
            <SimpleData name="Vivienda_1">-55.67883910000</SimpleData>
            <SimpleData name="Superficie">0.80000000000</SimpleData>
            <SimpleData name="Fecha_Plan">2025/08/11</SimpleData>
            <SimpleData name="Jornales">4.00000000000</SimpleData>
            <SimpleData name="Monto">446008.00000000000</SimpleData>
            <SimpleData name="Grupo_de_p">H-P2-P10P10-XX-XX</SimpleData>
            <SimpleData name="ETAPA_FAO">Mantenimiento A?o 1.2</SimpleData>
            <SimpleData name="Estado_del">Activo</SimpleData>
            <SimpleData name="Empresa">Hyh Consultores SRL</SimpleData>
            <SimpleData name="Lote">H</SimpleData>
            <SimpleData name="X">-55.67981640000</SimpleData>
            <SimpleData name="Y">-24.20733886000</SimpleData>
            <SimpleData name="Sup_SIG">0.79882645839</SimpleData>
            <SimpleData name="cedula">5345308</SimpleData>
            <SimpleData name="Shape_Leng">394.64578818200</SimpleData>
            <SimpleData name="Shape_Area">7988.26458387000</SimpleData>
          </SchemaData>
        </ExtendedData>
        <Point>
          <coordinates>
            -55.6798164031157,-24.2073388605482,0
          </coordinates>
        </Point>
      </Placemark>
      <Placemark id="Distrito_VILLA_YGATIM__.46">
        <ExtendedData>
          <SchemaData schemaUrl="#Distrito_VILLA_YGATIM__.schema">
            <SimpleData name="CÈdula">5345296.00000000000</SimpleData>
            <SimpleData name="Nombres_y_"><![CDATA[DAMARIS GUI'INGI KRACHOGI MBEPURANGI]]></SimpleData>
            <SimpleData name="Sexo">Mujer</SimpleData>
            <SimpleData name="Cambio_de_">NO</SimpleData>
            <SimpleData name="Titular_se">NO</SimpleData>
            <SimpleData name="CÈdula_Ti">NO</SimpleData>
            <SimpleData name="ci_UNIF">5345296.00000000000</SimpleData>
            <SimpleData name="SituaciÛn">NO</SimpleData>
            <SimpleData name="Comunidad">Ind?gena</SimpleData>
            <SimpleData name="Modelo_imp">Modelo 1</SimpleData>
            <SimpleData name="Departamen">CANINDEYU</SimpleData>
            <SimpleData name="Distrito">VILLA YGATIM?</SimpleData>
            <SimpleData name="Localidad">COM INDIG CHUPA POU</SimpleData>
            <SimpleData name="Localidad_">CHUPA POU</SimpleData>
            <SimpleData name="TelÈfono">0982187854</SimpleData>
            <SimpleData name="Vivienda_L">-24.20870300000</SimpleData>
            <SimpleData name="Vivienda_1">-55.67954960000</SimpleData>
            <SimpleData name="Superficie">0.80000000000</SimpleData>
            <SimpleData name="Fecha_Plan">2025/08/09</SimpleData>
            <SimpleData name="Jornales">4.00000000000</SimpleData>
            <SimpleData name="Monto">446008.00000000000</SimpleData>
            <SimpleData name="Grupo_de_p">H-P2-P10P10-XX-XX</SimpleData>
            <SimpleData name="ETAPA_FAO">Mantenimiento A?o 1.2</SimpleData>
            <SimpleData name="Estado_del">Activo</SimpleData>
            <SimpleData name="Empresa">Hyh Consultores SRL</SimpleData>
            <SimpleData name="Lote">H</SimpleData>
            <SimpleData name="X">-55.68219615000</SimpleData>
            <SimpleData name="Y">-24.20459436000</SimpleData>
            <SimpleData name="Sup_SIG">1.05059301638</SimpleData>
            <SimpleData name="cedula">5345296</SimpleData>
            <SimpleData name="Shape_Leng">440.87311505800</SimpleData>
            <SimpleData name="Shape_Area">10505.93016380000</SimpleData>
          </SchemaData>
        </ExtendedData>
        <Point>
          <coordinates>
            -55.682196154274,-24.2045943642175,0
          </coordinates>
        </Point>
      </Placemark>
      <Placemark id="Distrito_VILLA_YGATIM__.47">
        <ExtendedData>
          <SchemaData schemaUrl="#Distrito_VILLA_YGATIM__.schema">
            <SimpleData name="CÈdula">7808312.00000000000</SimpleData>
            <SimpleData name="Nombres_y_">FRANCISCA PIRAJUGI</SimpleData>
            <SimpleData name="Sexo">Mujer</SimpleData>
            <SimpleData name="Cambio_de_">NO</SimpleData>
            <SimpleData name="Titular_se">NO</SimpleData>
            <SimpleData name="CÈdula_Ti">NO</SimpleData>
            <SimpleData name="ci_UNIF">7808312.00000000000</SimpleData>
            <SimpleData name="SituaciÛn">NO</SimpleData>
            <SimpleData name="Comunidad">Ind?gena</SimpleData>
            <SimpleData name="Modelo_imp">Modelo 1</SimpleData>
            <SimpleData name="Departamen">CANINDEYU</SimpleData>
            <SimpleData name="Distrito">VILLA YGATIM?</SimpleData>
            <SimpleData name="Localidad">COM INDIG CHUPA POU</SimpleData>
            <SimpleData name="Localidad_">CHUPA POU</SimpleData>
            <SimpleData name="TelÈfono">0985201928</SimpleData>
            <SimpleData name="Vivienda_L">-24.20853000000</SimpleData>
            <SimpleData name="Vivienda_1">-55.67690000000</SimpleData>
            <SimpleData name="Superficie">0.80000000000</SimpleData>
            <SimpleData name="Fecha_Plan">2025/08/01</SimpleData>
            <SimpleData name="Jornales">4.00000000000</SimpleData>
            <SimpleData name="Monto">446008.00000000000</SimpleData>
            <SimpleData name="Grupo_de_p">H-P2-P10P10-XX-XX</SimpleData>
            <SimpleData name="ETAPA_FAO">Mantenimiento A?o 1.2</SimpleData>
            <SimpleData name="Estado_del">Activo</SimpleData>
            <SimpleData name="Empresa">Hyh Consultores SRL</SimpleData>
            <SimpleData name="Lote">H</SimpleData>
            <SimpleData name="X">-55.67711594000</SimpleData>
            <SimpleData name="Y">-24.20762327000</SimpleData>
            <SimpleData name="Sup_SIG">0.85784763201</SimpleData>
            <SimpleData name="cedula">7808312</SimpleData>
            <SimpleData name="Shape_Leng">373.36723667100</SimpleData>
            <SimpleData name="Shape_Area">8578.47632013000</SimpleData>
          </SchemaData>
        </ExtendedData>
        <Point>
          <coordinates>
            -55.6771159402896,-24.2076232733965,0
          </coordinates>
        </Point>
      </Placemark>
      <Placemark id="Distrito_VILLA_YGATIM__.48">
        <ExtendedData>
          <SchemaData schemaUrl="#Distrito_VILLA_YGATIM__.schema">
            <SimpleData name="CÈdula">4630092.00000000000</SimpleData>
            <SimpleData name="Nombres_y_">ANCELMO MRIKUGI TAYJANGI TATUGI</SimpleData>
            <SimpleData name="Sexo">Hombre</SimpleData>
            <SimpleData name="Cambio_de_">NO</SimpleData>
            <SimpleData name="Titular_se">NO</SimpleData>
            <SimpleData name="CÈdula_Ti">NO</SimpleData>
            <SimpleData name="ci_UNIF">4630092.00000000000</SimpleData>
            <SimpleData name="SituaciÛn">NO</SimpleData>
            <SimpleData name="Comunidad">Ind?gena</SimpleData>
            <SimpleData name="Modelo_imp">Modelo 4</SimpleData>
            <SimpleData name="Departamen">CANINDEYU</SimpleData>
            <SimpleData name="Distrito">VILLA YGATIM?</SimpleData>
            <SimpleData name="Localidad">COM INDIG CHUPA POU</SimpleData>
            <SimpleData name="Localidad_">CHUPA POU</SimpleData>
            <SimpleData name="TelÈfono">0984263152</SimpleData>
            <SimpleData name="Vivienda_L">-24.21184500000</SimpleData>
            <SimpleData name="Vivienda_1">-55.67114000000</SimpleData>
            <SimpleData name="Superficie">0.70000000000</SimpleData>
            <SimpleData name="Fecha_Plan">2025/07/17</SimpleData>
            <SimpleData name="Jornales">4.00000000000</SimpleData>
            <SimpleData name="Monto">446008.00000000000</SimpleData>
            <SimpleData name="Grupo_de_p">H-P2-P10P10-XX-XX</SimpleData>
            <SimpleData name="ETAPA_FAO">Mantenimiento A?o 1.2</SimpleData>
            <SimpleData name="Estado_del">Activo</SimpleData>
            <SimpleData name="Empresa">Hyh Consultores SRL</SimpleData>
            <SimpleData name="Lote">H</SimpleData>
            <SimpleData name="X">-55.70805839000</SimpleData>
            <SimpleData name="Y">-24.21921567000</SimpleData>
            <SimpleData name="Sup_SIG">0.70037357372</SimpleData>
            <SimpleData name="cedula">4630092</SimpleData>
            <SimpleData name="Shape_Leng">339.98957483900</SimpleData>
            <SimpleData name="Shape_Area">7003.73573716000</SimpleData>
          </SchemaData>
        </ExtendedData>
        <Point>
          <coordinates>
            -55.7080583874074,-24.2192156661656,0
          </coordinates>
        </Point>
      </Placemark>
      <Placemark id="Distrito_VILLA_YGATIM__.49">
        <ExtendedData>
          <SchemaData schemaUrl="#Distrito_VILLA_YGATIM__.schema">
            <SimpleData name="CÈdula">8146782.00000000000</SimpleData>
            <SimpleData name="Nombres_y_">MABEL ELISA TAPARI GONZALEZ</SimpleData>
            <SimpleData name="Sexo">Mujer</SimpleData>
            <SimpleData name="Cambio_de_">NO</SimpleData>
            <SimpleData name="Titular_se">NO</SimpleData>
            <SimpleData name="CÈdula_Ti">NO</SimpleData>
            <SimpleData name="ci_UNIF">8146782.00000000000</SimpleData>
            <SimpleData name="SituaciÛn">NO</SimpleData>
            <SimpleData name="Comunidad">Ind?gena</SimpleData>
            <SimpleData name="Modelo_imp">Modelo 1</SimpleData>
            <SimpleData name="Departamen">CANINDEYU</SimpleData>
            <SimpleData name="Distrito">VILLA YGATIM?</SimpleData>
            <SimpleData name="Localidad">COM INDIG ITANARAMI 8 DE DICIEMBRE</SimpleData>
            <SimpleData name="Localidad_">ITANARAMI - BARRIO 8 DE DICIEMBRE</SimpleData>
            <SimpleData name="TelÈfono">0981153533</SimpleData>
            <SimpleData name="Vivienda_L">-24.08974870000</SimpleData>
            <SimpleData name="Vivienda_1">-55.69994530000</SimpleData>
            <SimpleData name="Superficie">0.80000000000</SimpleData>
            <SimpleData name="Fecha_Plan">2025/09/23</SimpleData>
            <SimpleData name="Jornales">0.00000000000</SimpleData>
            <SimpleData name="Monto">0.00000000000</SimpleData>
            <SimpleData name="Grupo_de_p">H-P3-XX-XX-XX</SimpleData>
            <SimpleData name="ETAPA_FAO">Mantenimiento A?o 1.1</SimpleData>
            <SimpleData name="Estado_del">Activo</SimpleData>
            <SimpleData name="Empresa">Hyh Consultores SRL</SimpleData>
            <SimpleData name="Lote">H</SimpleData>
            <SimpleData name="X">-55.70370155000</SimpleData>
            <SimpleData name="Y">-24.09337782000</SimpleData>
            <SimpleData name="Sup_SIG">0.82420708804</SimpleData>
            <SimpleData name="cedula">8146782</SimpleData>
            <SimpleData name="Shape_Leng">371.87295336700</SimpleData>
            <SimpleData name="Shape_Area">8242.07088038000</SimpleData>
          </SchemaData>
        </ExtendedData>
        <Point>
          <coordinates>
            -55.7037015484915,-24.0933778246943,0
          </coordinates>
        </Point>
      </Placemark>
      <Placemark id="Distrito_VILLA_YGATIM__.50">
        <ExtendedData>
          <SchemaData schemaUrl="#Distrito_VILLA_YGATIM__.schema">
            <SimpleData name="CÈdula">6349365.00000000000</SimpleData>
            <SimpleData name="Nombres_y_"><![CDATA[RAFAELA KRY'YPURANGI]]></SimpleData>
            <SimpleData name="Sexo">Mujer</SimpleData>
            <SimpleData name="Cambio_de_">NO</SimpleData>
            <SimpleData name="Titular_se">NO</SimpleData>
            <SimpleData name="CÈdula_Ti">NO</SimpleData>
            <SimpleData name="ci_UNIF">6349365.00000000000</SimpleData>
            <SimpleData name="SituaciÛn">NO</SimpleData>
            <SimpleData name="Comunidad">Ind?gena</SimpleData>
            <SimpleData name="Modelo_imp">Modelo 4</SimpleData>
            <SimpleData name="Departamen">CANINDEYU</SimpleData>
            <SimpleData name="Distrito">VILLA YGATIM?</SimpleData>
            <SimpleData name="Localidad">COM INDIG CHUPA POU</SimpleData>
            <SimpleData name="Localidad_">CHUPA POU</SimpleData>
            <SimpleData name="TelÈfono">0985942900</SimpleData>
            <SimpleData name="Vivienda_L">-24.21042980000</SimpleData>
            <SimpleData name="Vivienda_1">-55.67354820000</SimpleData>
            <SimpleData name="Superficie">0.70000000000</SimpleData>
            <SimpleData name="Fecha_Plan">2025/07/06</SimpleData>
            <SimpleData name="Jornales">4.00000000000</SimpleData>
            <SimpleData name="Monto">446008.00000000000</SimpleData>
            <SimpleData name="Grupo_de_p">H-P2-P10P10-XX-XX</SimpleData>
            <SimpleData name="ETAPA_FAO">Mantenimiento A?o 1.2</SimpleData>
            <SimpleData name="Estado_del">Activo</SimpleData>
            <SimpleData name="Empresa">Hyh Consultores SRL</SimpleData>
            <SimpleData name="Lote">H</SimpleData>
            <SimpleData name="X">-55.71217638000</SimpleData>
            <SimpleData name="Y">-24.22072224000</SimpleData>
            <SimpleData name="Sup_SIG">0.73472734565</SimpleData>
            <SimpleData name="cedula">6349365</SimpleData>
            <SimpleData name="Shape_Leng">345.32952866500</SimpleData>
            <SimpleData name="Shape_Area">7347.27345646000</SimpleData>
          </SchemaData>
        </ExtendedData>
        <Point>
          <coordinates>
            -55.7121763766683,-24.2207222406005,0
          </coordinates>
        </Point>
      </Placemark>
      <Placemark id="Distrito_VILLA_YGATIM__.51">
        <ExtendedData>
          <SchemaData schemaUrl="#Distrito_VILLA_YGATIM__.schema">
            <SimpleData name="CÈdula">4630091.00000000000</SimpleData>
            <SimpleData name="Nombres_y_">CRISTINA MBYVANGI MBEPIGI DE CHEVUGI</SimpleData>
            <SimpleData name="Sexo">Mujer</SimpleData>
            <SimpleData name="Cambio_de_">NO</SimpleData>
            <SimpleData name="Titular_se">NO</SimpleData>
            <SimpleData name="CÈdula_Ti">NO</SimpleData>
            <SimpleData name="ci_UNIF">4630091.00000000000</SimpleData>
            <SimpleData name="SituaciÛn">NO</SimpleData>
            <SimpleData name="Comunidad">Ind?gena</SimpleData>
            <SimpleData name="Modelo_imp">Modelo 4</SimpleData>
            <SimpleData name="Departamen">CANINDEYU</SimpleData>
            <SimpleData name="Distrito">VILLA YGATIM?</SimpleData>
            <SimpleData name="Localidad">COM INDIG CHUPA POU</SimpleData>
            <SimpleData name="Localidad_">CHUPA POU</SimpleData>
            <SimpleData name="TelÈfono">0982218161</SimpleData>
            <SimpleData name="Vivienda_L">-24.21154650000</SimpleData>
            <SimpleData name="Vivienda_1">-55.67216140000</SimpleData>
            <SimpleData name="Superficie">0.70000000000</SimpleData>
            <SimpleData name="Fecha_Plan">2025/07/04</SimpleData>
            <SimpleData name="Jornales">4.00000000000</SimpleData>
            <SimpleData name="Monto">446008.00000000000</SimpleData>
            <SimpleData name="Grupo_de_p">H-P1-P4P4-XX-XX</SimpleData>
            <SimpleData name="ETAPA_FAO">Mantenimiento A?o 1.2</SimpleData>
            <SimpleData name="Estado_del">Activo</SimpleData>
            <SimpleData name="Empresa">Hyh Consultores SRL</SimpleData>
            <SimpleData name="Lote">H</SimpleData>
            <SimpleData name="X">-55.71140176000</SimpleData>
            <SimpleData name="Y">-24.22111319000</SimpleData>
            <SimpleData name="Sup_SIG">0.77167854998</SimpleData>
            <SimpleData name="cedula">4630091</SimpleData>
            <SimpleData name="Shape_Leng">352.52834083900</SimpleData>
            <SimpleData name="Shape_Area">7716.78549977000</SimpleData>
          </SchemaData>
        </ExtendedData>
        <Point>
          <coordinates>
            -55.7114017562132,-24.2211131891025,0
          </coordinates>
        </Point>
      </Placemark>
      <Placemark id="Distrito_VILLA_YGATIM__.52">
        <ExtendedData>
          <SchemaData schemaUrl="#Distrito_VILLA_YGATIM__.schema">
            <SimpleData name="CÈdula">4939933.00000000000</SimpleData>
            <SimpleData name="Nombres_y_">EMILIA ROJAS GONZALEZ</SimpleData>
            <SimpleData name="Sexo">Mujer</SimpleData>
            <SimpleData name="Cambio_de_">NO</SimpleData>
            <SimpleData name="Titular_se">NO</SimpleData>
            <SimpleData name="CÈdula_Ti">NO</SimpleData>
            <SimpleData name="ci_UNIF">4939933.00000000000</SimpleData>
            <SimpleData name="SituaciÛn">NO</SimpleData>
            <SimpleData name="Comunidad">Ind?gena</SimpleData>
            <SimpleData name="Modelo_imp">Modelo 2</SimpleData>
            <SimpleData name="Departamen">CANINDEYU</SimpleData>
            <SimpleData name="Distrito">VILLA YGATIM?</SimpleData>
            <SimpleData name="Localidad">COM INDIG MBOI JAGUA ? CENTRO</SimpleData>
            <SimpleData name="Localidad_">MBOI JAGUA - BARRIO CENTRO</SimpleData>
            <SimpleData name="TelÈfono">0985306498</SimpleData>
            <SimpleData name="Vivienda_L">-24.12199950000</SimpleData>
            <SimpleData name="Vivienda_1">-55.57920980000</SimpleData>
            <SimpleData name="Superficie">0.80000000000</SimpleData>
            <SimpleData name="Fecha_Plan">2025/07/23</SimpleData>
            <SimpleData name="Jornales">4.00000000000</SimpleData>
            <SimpleData name="Monto">446008.00000000000</SimpleData>
            <SimpleData name="Grupo_de_p">H-P2-P10P10-XX-XX</SimpleData>
            <SimpleData name="ETAPA_FAO">Mantenimiento A?o 1.2</SimpleData>
            <SimpleData name="Estado_del">Activo</SimpleData>
            <SimpleData name="Empresa">Hyh Consultores SRL</SimpleData>
            <SimpleData name="Lote">H</SimpleData>
            <SimpleData name="X">-55.57848438000</SimpleData>
            <SimpleData name="Y">-24.12133943000</SimpleData>
            <SimpleData name="Sup_SIG">0.98447617709</SimpleData>
            <SimpleData name="cedula">4939933</SimpleData>
            <SimpleData name="Shape_Leng">572.90972881200</SimpleData>
            <SimpleData name="Shape_Area">9844.76177091000</SimpleData>
          </SchemaData>
        </ExtendedData>
        <MultiGeometry>
          <Point>
            <coordinates>
              -55.5791956765983,-24.1225331523055,0
            </coordinates>
          </Point>
          <Point>
            <coordinates>
              -55.5784843792596,-24.1213394267218,0
            </coordinates>
          </Point>
        </MultiGeometry>
      </Placemark>
      <Placemark id="Distrito_VILLA_YGATIM__.53">
        <ExtendedData>
          <SchemaData schemaUrl="#Distrito_VILLA_YGATIM__.schema">
            <SimpleData name="CÈdula">6779639.00000000000</SimpleData>
            <SimpleData name="Nombres_y_">ZUNILDA MARTINEZ VAZAN</SimpleData>
            <SimpleData name="Sexo">Mujer</SimpleData>
            <SimpleData name="Cambio_de_">NO</SimpleData>
            <SimpleData name="Titular_se">NO</SimpleData>
            <SimpleData name="CÈdula_Ti">NO</SimpleData>
            <SimpleData name="ci_UNIF">6779639.00000000000</SimpleData>
            <SimpleData name="SituaciÛn">NO</SimpleData>
            <SimpleData name="Comunidad">Ind?gena</SimpleData>
            <SimpleData name="Modelo_imp">Modelo 5</SimpleData>
            <SimpleData name="Departamen">CANINDEYU</SimpleData>
            <SimpleData name="Distrito">VILLA YGATIM?</SimpleData>
            <SimpleData name="Localidad">COM INDIG ITANARAMI 8 DE DICIEMBRE</SimpleData>
            <SimpleData name="Localidad_">ITANARAMI - BARRIO 8 DE DICIEMBRE</SimpleData>
            <SimpleData name="TelÈfono">0983246349</SimpleData>
            <SimpleData name="Vivienda_L">-24.07087490000</SimpleData>
            <SimpleData name="Vivienda_1">-55.73420200000</SimpleData>
            <SimpleData name="Superficie">0.70000000000</SimpleData>
            <SimpleData name="Fecha_Plan">2025/12/11</SimpleData>
            <SimpleData name="Jornales">0.00000000000</SimpleData>
            <SimpleData name="Monto">0.00000000000</SimpleData>
            <SimpleData name="Grupo_de_p">H-P7-XX-XX-XX</SimpleData>
            <SimpleData name="ETAPA_FAO">Mantenimiento A?o 1.1</SimpleData>
            <SimpleData name="Estado_del">Activo</SimpleData>
            <SimpleData name="Empresa">Hyh Consultores SRL</SimpleData>
            <SimpleData name="Lote">H</SimpleData>
            <SimpleData name="X">-55.73424528000</SimpleData>
            <SimpleData name="Y">-24.07102321000</SimpleData>
            <SimpleData name="Sup_SIG">0.70783402437</SimpleData>
            <SimpleData name="cedula">6779639</SimpleData>
            <SimpleData name="Shape_Leng">571.64949708600</SimpleData>
            <SimpleData name="Shape_Area">7078.34024370000</SimpleData>
          </SchemaData>
        </ExtendedData>
        <MultiGeometry>
          <Point>
            <coordinates>
              -55.7342613321985,-24.0710635130245,0
            </coordinates>
          </Point>
          <Point>
            <coordinates>
              -55.7340970885761,-24.0706512198091,0
            </coordinates>
          </Point>
        </MultiGeometry>
      </Placemark>
      <Placemark id="Distrito_VILLA_YGATIM__.54">
        <ExtendedData>
          <SchemaData schemaUrl="#Distrito_VILLA_YGATIM__.schema">
            <SimpleData name="CÈdula">7199495.00000000000</SimpleData>
            <SimpleData name="Nombres_y_">MARIA MBEPURANGI</SimpleData>
            <SimpleData name="Sexo">Mujer</SimpleData>
            <SimpleData name="Cambio_de_">NO</SimpleData>
            <SimpleData name="Titular_se">NO</SimpleData>
            <SimpleData name="CÈdula_Ti">NO</SimpleData>
            <SimpleData name="ci_UNIF">7199495.00000000000</SimpleData>
            <SimpleData name="SituaciÛn">NO</SimpleData>
            <SimpleData name="Comunidad">Ind?gena</SimpleData>
            <SimpleData name="Modelo_imp">Modelo 5</SimpleData>
            <SimpleData name="Departamen">CANINDEYU</SimpleData>
            <SimpleData name="Distrito">VILLA YGATIM?</SimpleData>
            <SimpleData name="Localidad">COM INDIG CHUPA POU</SimpleData>
            <SimpleData name="Localidad_">CHUPA POU</SimpleData>
            <SimpleData name="TelÈfono">0984383638</SimpleData>
            <SimpleData name="Vivienda_L">-24.21430170000</SimpleData>
            <SimpleData name="Vivienda_1">-55.66689830000</SimpleData>
            <SimpleData name="Superficie">0.70000000000</SimpleData>
            <SimpleData name="Fecha_Plan">2025/07/29</SimpleData>
            <SimpleData name="Jornales">0.00000000000</SimpleData>
            <SimpleData name="Monto">0.00000000000</SimpleData>
            <SimpleData name="Grupo_de_p">H-P2-XX-XX-XX</SimpleData>
            <SimpleData name="ETAPA_FAO">Mantenimiento A?o 1.1</SimpleData>
            <SimpleData name="Estado_del">Activo</SimpleData>
            <SimpleData name="Empresa">Hyh Consultores SRL</SimpleData>
            <SimpleData name="Lote">H</SimpleData>
            <SimpleData name="X">-55.66574278000</SimpleData>
            <SimpleData name="Y">-24.21469212000</SimpleData>
            <SimpleData name="Sup_SIG">0.84786729664</SimpleData>
            <SimpleData name="cedula">7199495</SimpleData>
            <SimpleData name="Shape_Leng">406.00609693400</SimpleData>
            <SimpleData name="Shape_Area">8478.67296637000</SimpleData>
          </SchemaData>
        </ExtendedData>
        <Point>
          <coordinates>
            -55.6657427785998,-24.214692123014,0
          </coordinates>
        </Point>
      </Placemark>
      <Placemark id="Distrito_VILLA_YGATIM__.55">
        <ExtendedData>
          <SchemaData schemaUrl="#Distrito_VILLA_YGATIM__.schema">
            <SimpleData name="CÈdula">7727132.00000000000</SimpleData>
            <SimpleData name="Nombres_y_">GUZMAN ANTOLIANO TUKAMPURANGI</SimpleData>
            <SimpleData name="Sexo">Hombre</SimpleData>
            <SimpleData name="Cambio_de_">NO</SimpleData>
            <SimpleData name="Titular_se">NO</SimpleData>
            <SimpleData name="CÈdula_Ti">NO</SimpleData>
            <SimpleData name="ci_UNIF">7727132.00000000000</SimpleData>
            <SimpleData name="SituaciÛn">NO</SimpleData>
            <SimpleData name="Comunidad">Ind?gena</SimpleData>
            <SimpleData name="Modelo_imp">Modelo 4</SimpleData>
            <SimpleData name="Departamen">CANINDEYU</SimpleData>
            <SimpleData name="Distrito">VILLA YGATIM?</SimpleData>
            <SimpleData name="Localidad">COM INDIG CHUPA POU</SimpleData>
            <SimpleData name="Localidad_">CHUPA POU</SimpleData>
            <SimpleData name="TelÈfono">0986161004</SimpleData>
            <SimpleData name="Vivienda_L">-24.21291370000</SimpleData>
            <SimpleData name="Vivienda_1">-55.67022160000</SimpleData>
            <SimpleData name="Superficie">0.70000000000</SimpleData>
            <SimpleData name="Fecha_Plan">2025/07/14</SimpleData>
            <SimpleData name="Jornales">4.00000000000</SimpleData>
            <SimpleData name="Monto">446008.00000000000</SimpleData>
            <SimpleData name="Grupo_de_p">H-P2-P10P10-XX-XX</SimpleData>
            <SimpleData name="ETAPA_FAO">Mantenimiento A?o 1.2</SimpleData>
            <SimpleData name="Estado_del">Activo</SimpleData>
            <SimpleData name="Empresa">Hyh Consultores SRL</SimpleData>
            <SimpleData name="Lote">H</SimpleData>
            <SimpleData name="X">-55.70822628000</SimpleData>
            <SimpleData name="Y">-24.21986722000</SimpleData>
            <SimpleData name="Sup_SIG">0.71051763689</SimpleData>
            <SimpleData name="cedula">7727132</SimpleData>
            <SimpleData name="Shape_Leng">344.40242543900</SimpleData>
            <SimpleData name="Shape_Area">7105.17636885000</SimpleData>
          </SchemaData>
        </ExtendedData>
        <Point>
          <coordinates>
            -55.7082262820007,-24.219867222158,0
          </coordinates>
        </Point>
      </Placemark>
      <Placemark id="Distrito_VILLA_YGATIM__.56">
        <ExtendedData>
          <SchemaData schemaUrl="#Distrito_VILLA_YGATIM__.schema">
            <SimpleData name="CÈdula">6755689.00000000000</SimpleData>
            <SimpleData name="Nombres_y_">FATIMA MARTINEZ GONZALEZ</SimpleData>
            <SimpleData name="Sexo">Mujer</SimpleData>
            <SimpleData name="Cambio_de_">NO</SimpleData>
            <SimpleData name="Titular_se">NO</SimpleData>
            <SimpleData name="CÈdula_Ti">NO</SimpleData>
            <SimpleData name="ci_UNIF">6755689.00000000000</SimpleData>
            <SimpleData name="SituaciÛn">NO</SimpleData>
            <SimpleData name="Comunidad">Ind?gena</SimpleData>
            <SimpleData name="Modelo_imp">Modelo 1</SimpleData>
            <SimpleData name="Departamen">CANINDEYU</SimpleData>
            <SimpleData name="Distrito">VILLA YGATIM?</SimpleData>
            <SimpleData name="Localidad">COM INDIG ARROYO MOKOI - YVA POTY</SimpleData>
            <SimpleData name="Localidad_">ARROYO MOK?I - YVA POTY</SimpleData>
            <SimpleData name="TelÈfono">No tiene</SimpleData>
            <SimpleData name="Vivienda_L">-24.03677500000</SimpleData>
            <SimpleData name="Vivienda_1">-55.53057670000</SimpleData>
            <SimpleData name="Superficie">0.80000000000</SimpleData>
            <SimpleData name="Fecha_Plan">2025/10/13</SimpleData>
            <SimpleData name="Jornales">0.00000000000</SimpleData>
            <SimpleData name="Monto">0.00000000000</SimpleData>
            <SimpleData name="Grupo_de_p">H-P5-XX-XX-XX</SimpleData>
            <SimpleData name="ETAPA_FAO">Mantenimiento A?o 1.1</SimpleData>
            <SimpleData name="Estado_del">Activo</SimpleData>
            <SimpleData name="Empresa">Hyh Consultores SRL</SimpleData>
            <SimpleData name="Lote">H</SimpleData>
            <SimpleData name="X">-55.53018200000</SimpleData>
            <SimpleData name="Y">-24.03823207000</SimpleData>
            <SimpleData name="Sup_SIG">0.83944288580</SimpleData>
            <SimpleData name="cedula">6755689</SimpleData>
            <SimpleData name="Shape_Leng">585.54542206700</SimpleData>
            <SimpleData name="Shape_Area">8394.42885799000</SimpleData>
          </SchemaData>
        </ExtendedData>
        <Point>
          <coordinates>
            -55.5301820012279,-24.0382320666118,0
          </coordinates>
        </Point>
      </Placemark>
      <Placemark id="Distrito_VILLA_YGATIM__.57">
        <ExtendedData>
          <SchemaData schemaUrl="#Distrito_VILLA_YGATIM__.schema">
            <SimpleData name="CÈdula">6349311.00000000000</SimpleData>
            <SimpleData name="Nombres_y_">MARIA NAMBUGI MIRANDA TATUGI</SimpleData>
            <SimpleData name="Sexo">Mujer</SimpleData>
            <SimpleData name="Cambio_de_">NO</SimpleData>
            <SimpleData name="Titular_se">NO</SimpleData>
            <SimpleData name="CÈdula_Ti">NO</SimpleData>
            <SimpleData name="ci_UNIF">6349311.00000000000</SimpleData>
            <SimpleData name="SituaciÛn">NO</SimpleData>
            <SimpleData name="Comunidad">Ind?gena</SimpleData>
            <SimpleData name="Modelo_imp">Modelo 2</SimpleData>
            <SimpleData name="Departamen">CANINDEYU</SimpleData>
            <SimpleData name="Distrito">VILLA YGATIM?</SimpleData>
            <SimpleData name="Localidad">COM INDIG CHUPA POU</SimpleData>
            <SimpleData name="Localidad_">CHUPA POU</SimpleData>
            <SimpleData name="TelÈfono">0986557982</SimpleData>
            <SimpleData name="Vivienda_L">-24.20820810000</SimpleData>
            <SimpleData name="Vivienda_1">-55.67479310000</SimpleData>
            <SimpleData name="Superficie">0.80000000000</SimpleData>
            <SimpleData name="Fecha_Plan">2025/07/31</SimpleData>
            <SimpleData name="Jornales">4.00000000000</SimpleData>
            <SimpleData name="Monto">446008.00000000000</SimpleData>
            <SimpleData name="Grupo_de_p">H-P2-P10P10-XX-XX</SimpleData>
            <SimpleData name="ETAPA_FAO">Mantenimiento A?o 1.2</SimpleData>
            <SimpleData name="Estado_del">Activo</SimpleData>
            <SimpleData name="Empresa">Hyh Consultores SRL</SimpleData>
            <SimpleData name="Lote">H</SimpleData>
            <SimpleData name="X">-55.67505323000</SimpleData>
            <SimpleData name="Y">-24.20758221000</SimpleData>
            <SimpleData name="Sup_SIG">0.83184868858</SimpleData>
            <SimpleData name="cedula">6349311</SimpleData>
            <SimpleData name="Shape_Leng">372.81694625300</SimpleData>
            <SimpleData name="Shape_Area">8318.48688575000</SimpleData>
          </SchemaData>
        </ExtendedData>
        <Point>
          <coordinates>
            -55.6750532334071,-24.2075822093836,0
          </coordinates>
        </Point>
      </Placemark>
      <Placemark id="Distrito_VILLA_YGATIM__.58">
        <ExtendedData>
          <SchemaData schemaUrl="#Distrito_VILLA_YGATIM__.schema">
            <SimpleData name="CÈdula">3792238.00000000000</SimpleData>
            <SimpleData name="Nombres_y_">FELIPE ITAPEGI</SimpleData>
            <SimpleData name="Sexo">Hombre</SimpleData>
            <SimpleData name="Cambio_de_">NO</SimpleData>
            <SimpleData name="Titular_se">NO</SimpleData>
            <SimpleData name="CÈdula_Ti">NO</SimpleData>
            <SimpleData name="ci_UNIF">3792238.00000000000</SimpleData>
            <SimpleData name="SituaciÛn">NO</SimpleData>
            <SimpleData name="Comunidad">Ind?gena</SimpleData>
            <SimpleData name="Modelo_imp">Modelo 1</SimpleData>
            <SimpleData name="Departamen">CANINDEYU</SimpleData>
            <SimpleData name="Distrito">VILLA YGATIM?</SimpleData>
            <SimpleData name="Localidad">COM INDIG CHUPA POU</SimpleData>
            <SimpleData name="Localidad_">CHUPA POU</SimpleData>
            <SimpleData name="TelÈfono">0986553936</SimpleData>
            <SimpleData name="Vivienda_L">-24.21243140000</SimpleData>
            <SimpleData name="Vivienda_1">-55.67035020000</SimpleData>
            <SimpleData name="Superficie">0.80000000000</SimpleData>
            <SimpleData name="Fecha_Plan">2025/07/28</SimpleData>
            <SimpleData name="Jornales">4.00000000000</SimpleData>
            <SimpleData name="Monto">446008.00000000000</SimpleData>
            <SimpleData name="Grupo_de_p">H-P2-P10P10-XX-XX</SimpleData>
            <SimpleData name="ETAPA_FAO">Mantenimiento A?o 1.2</SimpleData>
            <SimpleData name="Estado_del">Activo</SimpleData>
            <SimpleData name="Empresa">Hyh Consultores SRL</SimpleData>
            <SimpleData name="Lote">H</SimpleData>
            <SimpleData name="X">-55.66973651000</SimpleData>
            <SimpleData name="Y">-24.21142377000</SimpleData>
            <SimpleData name="Sup_SIG">0.82788072751</SimpleData>
            <SimpleData name="cedula">3792238</SimpleData>
            <SimpleData name="Shape_Leng">373.40359529000</SimpleData>
            <SimpleData name="Shape_Area">8278.80727505000</SimpleData>
          </SchemaData>
        </ExtendedData>
        <Point>
          <coordinates>
            -55.6697365103041,-24.211423766749,0
          </coordinates>
        </Point>
      </Placemark>
      <Placemark id="Distrito_VILLA_YGATIM__.59">
        <ExtendedData>
          <SchemaData schemaUrl="#Distrito_VILLA_YGATIM__.schema">
            <SimpleData name="CÈdula">6860001.00000000000</SimpleData>
            <SimpleData name="Nombres_y_">SARA CHIVURAGI</SimpleData>
            <SimpleData name="Sexo">Mujer</SimpleData>
            <SimpleData name="Cambio_de_">NO</SimpleData>
            <SimpleData name="Titular_se">NO</SimpleData>
            <SimpleData name="CÈdula_Ti">NO</SimpleData>
            <SimpleData name="ci_UNIF">6860001.00000000000</SimpleData>
            <SimpleData name="SituaciÛn">NO</SimpleData>
            <SimpleData name="Comunidad">Ind?gena</SimpleData>
            <SimpleData name="Modelo_imp">Modelo 4</SimpleData>
            <SimpleData name="Departamen">CANINDEYU</SimpleData>
            <SimpleData name="Distrito">VILLA YGATIM?</SimpleData>
            <SimpleData name="Localidad">COM INDIG CHUPA POU</SimpleData>
            <SimpleData name="Localidad_">CHUPA POU</SimpleData>
            <SimpleData name="TelÈfono">0984178761</SimpleData>
            <SimpleData name="Vivienda_L">-24.20872690000</SimpleData>
            <SimpleData name="Vivienda_1">-55.67612500000</SimpleData>
            <SimpleData name="Superficie">0.70000000000</SimpleData>
            <SimpleData name="Fecha_Plan">2025/07/11</SimpleData>
            <SimpleData name="Jornales">4.00000000000</SimpleData>
            <SimpleData name="Monto">446008.00000000000</SimpleData>
            <SimpleData name="Grupo_de_p">H-P2-P10P10-XX-XX</SimpleData>
            <SimpleData name="ETAPA_FAO">Mantenimiento A?o 1.2</SimpleData>
            <SimpleData name="Estado_del">Activo</SimpleData>
            <SimpleData name="Empresa">Hyh Consultores SRL</SimpleData>
            <SimpleData name="Lote">H</SimpleData>
            <SimpleData name="X">-55.70819753000</SimpleData>
            <SimpleData name="Y">-24.22341739000</SimpleData>
            <SimpleData name="Sup_SIG">0.71262707221</SimpleData>
            <SimpleData name="cedula">6860001</SimpleData>
            <SimpleData name="Shape_Leng">339.72869749300</SimpleData>
            <SimpleData name="Shape_Area">7126.27072207000</SimpleData>
          </SchemaData>
        </ExtendedData>
        <Point>
          <coordinates>
            -55.7081975296101,-24.2234173937429,0
          </coordinates>
        </Point>
      </Placemark>
      <Placemark id="Distrito_VILLA_YGATIM__.60">
        <ExtendedData>
          <SchemaData schemaUrl="#Distrito_VILLA_YGATIM__.schema">
            <SimpleData name="CÈdula">4173635.00000000000</SimpleData>
            <SimpleData name="Nombres_y_">ALEJANDRO PIKYGI</SimpleData>
            <SimpleData name="Sexo">Hombre</SimpleData>
            <SimpleData name="Cambio_de_">NO</SimpleData>
            <SimpleData name="Titular_se">NO</SimpleData>
            <SimpleData name="CÈdula_Ti">NO</SimpleData>
            <SimpleData name="ci_UNIF">4173635.00000000000</SimpleData>
            <SimpleData name="SituaciÛn">NO</SimpleData>
            <SimpleData name="Comunidad">Ind?gena</SimpleData>
            <SimpleData name="Modelo_imp">Modelo 5</SimpleData>
            <SimpleData name="Departamen">CANINDEYU</SimpleData>
            <SimpleData name="Distrito">VILLA YGATIM?</SimpleData>
            <SimpleData name="Localidad">COM INDIG CHUPA POU</SimpleData>
            <SimpleData name="Localidad_">CHUPA POU</SimpleData>
            <SimpleData name="TelÈfono">0983371726</SimpleData>
            <SimpleData name="Vivienda_L">-24.21061540000</SimpleData>
            <SimpleData name="Vivienda_1">-55.67258490000</SimpleData>
            <SimpleData name="Superficie">0.70000000000</SimpleData>
            <SimpleData name="Fecha_Plan">2025/08/13</SimpleData>
            <SimpleData name="Jornales">0.00000000000</SimpleData>
            <SimpleData name="Monto">0.00000000000</SimpleData>
            <SimpleData name="Grupo_de_p">H-P2-XX-XX-XX</SimpleData>
            <SimpleData name="ETAPA_FAO">Mantenimiento A?o 1.1</SimpleData>
            <SimpleData name="Estado_del">Activo</SimpleData>
            <SimpleData name="Empresa">Hyh Consultores SRL</SimpleData>
            <SimpleData name="Lote">H</SimpleData>
            <SimpleData name="X">-55.67161418000</SimpleData>
            <SimpleData name="Y">-24.21016491000</SimpleData>
            <SimpleData name="Sup_SIG">0.72215705403</SimpleData>
            <SimpleData name="cedula">4173635</SimpleData>
            <SimpleData name="Shape_Leng">349.48138368400</SimpleData>
            <SimpleData name="Shape_Area">7221.57054030000</SimpleData>
          </SchemaData>
        </ExtendedData>
        <Point>
          <coordinates>
            -55.6716141826578,-24.2101649085487,0
          </coordinates>
        </Point>
      </Placemark>
      <Placemark id="Distrito_VILLA_YGATIM__.61">
        <ExtendedData>
          <SchemaData schemaUrl="#Distrito_VILLA_YGATIM__.schema">
            <SimpleData name="CÈdula">3959657.00000000000</SimpleData>
            <SimpleData name="Nombres_y_">AMANCIA LESCANO GUIMARAE</SimpleData>
            <SimpleData name="Sexo">Mujer</SimpleData>
            <SimpleData name="Cambio_de_">NO</SimpleData>
            <SimpleData name="Titular_se">NO</SimpleData>
            <SimpleData name="CÈdula_Ti">NO</SimpleData>
            <SimpleData name="ci_UNIF">3959657.00000000000</SimpleData>
            <SimpleData name="SituaciÛn">NO</SimpleData>
            <SimpleData name="Comunidad">Ind?gena</SimpleData>
            <SimpleData name="Modelo_imp">Modelo 5</SimpleData>
            <SimpleData name="Departamen">CANINDEYU</SimpleData>
            <SimpleData name="Distrito">VILLA YGATIM?</SimpleData>
            <SimpleData name="Localidad">COM INDIG MBOI JAGUA ? CENTRO</SimpleData>
            <SimpleData name="Localidad_">MBOI JAGUA - BARRIO CENTRO</SimpleData>
            <SimpleData name="TelÈfono">0974258097</SimpleData>
            <SimpleData name="Vivienda_L">-24.12214520000</SimpleData>
            <SimpleData name="Vivienda_1">-55.57371110000</SimpleData>
            <SimpleData name="Superficie">0.70000000000</SimpleData>
            <SimpleData name="Fecha_Plan">2025/07/15</SimpleData>
            <SimpleData name="Jornales">0.00000000000</SimpleData>
            <SimpleData name="Monto">0.00000000000</SimpleData>
            <SimpleData name="Grupo_de_p">H-P2-XX-XX-XX</SimpleData>
            <SimpleData name="ETAPA_FAO">Mantenimiento A?o 1.1</SimpleData>
            <SimpleData name="Estado_del">Activo</SimpleData>
            <SimpleData name="Empresa">Hyh Consultores SRL</SimpleData>
            <SimpleData name="Lote">H</SimpleData>
            <SimpleData name="X">-55.57383092000</SimpleData>
            <SimpleData name="Y">-24.12297000000</SimpleData>
            <SimpleData name="Sup_SIG">0.87282432368</SimpleData>
            <SimpleData name="cedula">3959657</SimpleData>
            <SimpleData name="Shape_Leng">400.52875986800</SimpleData>
            <SimpleData name="Shape_Area">8728.24323684000</SimpleData>
          </SchemaData>
        </ExtendedData>
        <Point>
          <coordinates>
            -55.5738309192,-24.1229699981012,0
          </coordinates>
        </Point>
      </Placemark>
    </Document>
  </Document>
</kml>
